# https://github.com/mikedh/trimesh
mtllib material.mtl
usemtl material_0
v -0.22080707 1.92513701 0.00000000
v 0.22080707 1.92513701 0.00000000
v -0.22080707 1.17486299 0.00000000
v 0.22080707 1.17486299 0.00000000
v 0.00000000 1.31815258 0.35727334
v 0.00000000 1.78184742 0.35727334
v 0.00000000 1.31815258 -0.35727334
v 0.00000000 1.78184742 -0.35727334
v 0.35727334 1.55000000 -0.22080707
v 0.35727334 1.55000000 0.22080707
v -0.35727334 1.55000000 -0.22080707
v -0.35727334 1.55000000 0.22080707
v 0.00000000 1.99100000 0.00000000
v 0.00000000 1.10900000 0.00000000
v -0.12978714 1.19322351 0.21000000
v 0.12978714 1.19322351 0.21000000
v -0.12978714 1.90677649 0.21000000
v 0.12978714 1.90677649 0.21000000
v 0.00000000 1.55000000 0.42000000
v -0.12978714 1.19322351 -0.21000000
v 0.12978714 1.19322351 -0.21000000
v -0.12978714 1.90677649 -0.21000000
v 0.12978714 1.90677649 -0.21000000
v 0.00000000 1.55000000 -0.42000000
v 0.33978714 1.77050000 -0.12978714
v 0.33978714 1.32950000 -0.12978714
v 0.21000000 1.41372351 -0.33978714
v 0.21000000 1.68627649 -0.33978714
v 0.33978714 1.77050000 0.12978714
v 0.33978714 1.32950000 0.12978714
v 0.21000000 1.41372351 0.33978714
v 0.21000000 1.68627649 0.33978714
v 0.42000000 1.55000000 0.00000000
v -0.33978714 1.77050000 -0.12978714
v -0.33978714 1.32950000 -0.12978714
v -0.21000000 1.41372351 -0.33978714
v -0.21000000 1.68627649 -0.33978714
v -0.33978714 1.77050000 0.12978714
v -0.33978714 1.32950000 0.12978714
v -0.21000000 1.41372351 0.33978714
v -0.21000000 1.68627649 0.33978714
v -0.42000000 1.55000000 0.00000000
v -0.11477194 1.97421482 0.00000000
v 0.11477194 1.97421482 0.00000000
v -0.11477194 1.12578518 0.00000000
v 0.11477194 1.12578518 0.00000000
v -0.18223320 1.16956320 0.10915460
v -0.06746125 1.24404281 0.29485951
v -0.06823314 1.13058408 0.11040353
v 0.18223320 1.16956320 0.10915460
v 0.06746125 1.24404281 0.29485951
v 0.06823314 1.13058408 0.11040353
v 0.00000000 1.17486299 0.22080707
v -0.18223320 1.93043680 0.10915460
v -0.06746125 1.85595719 0.29485951
v -0.06823314 1.96941592 0.11040353
v 0.18223320 1.93043680 0.10915460
v 0.06746125 1.85595719 0.29485951
v 0.06823314 1.96941592 0.11040353
v 0.00000000 1.92513701 0.22080707
v 0.00000000 1.42948946 0.40401411
v 0.00000000 1.67051054 0.40401411
v -0.18223320 1.16956320 -0.10915460
v -0.06746125 1.24404281 -0.29485951
v -0.06823314 1.13058408 -0.11040353
v 0.18223320 1.16956320 -0.10915460
v 0.06746125 1.24404281 -0.29485951
v 0.06823314 1.13058408 -0.11040353
v 0.00000000 1.17486299 -0.22080707
v -0.18223320 1.93043680 -0.10915460
v -0.06746125 1.85595719 -0.29485951
v -0.06823314 1.96941592 -0.11040353
v 0.18223320 1.93043680 -0.10915460
v 0.06746125 1.85595719 -0.29485951
v 0.06823314 1.96941592 -0.11040353
v 0.00000000 1.92513701 -0.22080707
v 0.00000000 1.42948946 -0.40401411
v 0.00000000 1.67051054 -0.40401411
v 0.29138780 1.85960248 -0.06746125
v 0.36232076 1.66461233 -0.18223320
v 0.24686981 1.85349221 -0.17863667
v 0.29138780 1.24039752 -0.06746125
v 0.36232076 1.43538767 -0.18223320
v 0.24686981 1.24650779 -0.17863667
v 0.10915460 1.35865514 -0.36232076
v 0.29485951 1.47916568 -0.29138780
v 0.17863667 1.29078670 -0.28904020
v 0.11040353 1.47835521 -0.39944374
v 0.28904020 1.36243150 -0.24686981
v 0.10915460 1.74134486 -0.36232076
v 0.29485951 1.62083432 -0.29138780
v 0.17863667 1.80921330 -0.28904020
v 0.11040353 1.62164479 -0.39944374
v 0.28904020 1.73756850 -0.24686981
v 0.22080707 1.55000000 -0.35727334
v 0.29138780 1.85960248 0.06746125
v 0.36232076 1.66461233 0.18223320
v 0.24686981 1.85349221 0.17863667
v 0.35727334 1.78184742 0.00000000
v 0.29138780 1.24039752 0.06746125
v 0.36232076 1.43538767 0.18223320
v 0.24686981 1.24650779 0.17863667
v 0.35727334 1.31815258 0.00000000
v 0.10915460 1.35865514 0.36232076
v 0.29485951 1.47916568 0.29138780
v 0.17863667 1.29078670 0.28904020
v 0.11040353 1.47835521 0.39944374
v 0.28904020 1.36243150 0.24686981
v 0.10915460 1.74134486 0.36232076
v 0.29485951 1.62083432 0.29138780
v 0.17863667 1.80921330 0.28904020
v 0.11040353 1.62164479 0.39944374
v 0.28904020 1.73756850 0.24686981
v 0.22080707 1.55000000 0.35727334
v 0.40401411 1.55000000 -0.11477194
v 0.40401411 1.55000000 0.11477194
v 0.39944374 1.66592371 -0.06823314
v 0.39944374 1.43407629 -0.06823314
v 0.39944374 1.66592371 0.06823314
v 0.39944374 1.43407629 0.06823314
v -0.29138780 1.85960248 -0.06746125
v -0.36232076 1.66461233 -0.18223320
v -0.24686981 1.85349221 -0.17863667
v -0.29138780 1.24039752 -0.06746125
v -0.36232076 1.43538767 -0.18223320
v -0.24686981 1.24650779 -0.17863667
v -0.10915460 1.35865514 -0.36232076
v -0.29485951 1.47916568 -0.29138780
v -0.17863667 1.29078670 -0.28904020
v -0.11040353 1.47835521 -0.39944374
v -0.28904020 1.36243150 -0.24686981
v -0.10915460 1.74134486 -0.36232076
v -0.29485951 1.62083432 -0.29138780
v -0.17863667 1.80921330 -0.28904020
v -0.11040353 1.62164479 -0.39944374
v -0.28904020 1.73756850 -0.24686981
v -0.22080707 1.55000000 -0.35727334
v -0.29138780 1.85960248 0.06746125
v -0.36232076 1.66461233 0.18223320
v -0.24686981 1.85349221 0.17863667
v -0.35727334 1.78184742 0.00000000
v -0.29138780 1.24039752 0.06746125
v -0.36232076 1.43538767 0.18223320
v -0.24686981 1.24650779 0.17863667
v -0.35727334 1.31815258 0.00000000
v -0.10915460 1.35865514 0.36232076
v -0.29485951 1.47916568 0.29138780
v -0.17863667 1.29078670 0.28904020
v -0.11040353 1.47835521 0.39944374
v -0.28904020 1.36243150 0.24686981
v -0.10915460 1.74134486 0.36232076
v -0.29485951 1.62083432 0.29138780
v -0.17863667 1.80921330 0.28904020
v -0.11040353 1.62164479 0.39944374
v -0.28904020 1.73756850 0.24686981
v -0.22080707 1.55000000 0.35727334
v -0.40401411 1.55000000 -0.11477194
v -0.40401411 1.55000000 0.11477194
v -0.39944374 1.66592371 -0.06823314
v -0.39944374 1.43407629 -0.06823314
v -0.39944374 1.66592371 0.06823314
v -0.39944374 1.43407629 0.06823314
v -0.16940925 1.95353415 0.00000000
v -0.05793994 1.98678355 0.00000000
v 0.16940925 1.95353415 0.00000000
v 0.05793994 1.98678355 0.00000000
v -0.16940925 1.14646585 0.00000000
v -0.05793994 1.11321645 0.00000000
v 0.16940925 1.14646585 0.00000000
v 0.05793994 1.11321645 0.00000000
v -0.20346549 1.16856616 0.05510416
v -0.15751620 1.17783504 0.16111777
v -0.15045609 1.14238167 0.05529526
v -0.03405624 1.27850187 0.32921408
v -0.09957626 1.21543434 0.25486656
v -0.03454184 1.11442944 0.05588986
v -0.10024431 1.15706612 0.16219870
v -0.09244915 1.12382086 0.05577284
v -0.12652873 1.14593632 0.11091476
v 0.20346549 1.16856616 0.05510416
v 0.15751620 1.17783504 0.16111777
v 0.15045609 1.14238167 0.05529526
v 0.03405624 1.27850187 0.32921408
v 0.09957626 1.21543434 0.25486656
v 0.00000000 1.24001800 0.29873833
v 0.03454184 1.11442944 0.05588986
v 0.10024431 1.15706612 0.16219870
v 0.09244915 1.12382086 0.05577284
v 0.00000000 1.12493718 0.11188997
v 0.12652873 1.14593632 0.11091476
v -0.06570248 1.17948155 0.21808857
v 0.06570248 1.17948155 0.21808857
v -0.03407958 1.20592987 0.26050062
v -0.03457590 1.14737472 0.16783496
v 0.03407958 1.20592987 0.26050062
v 0.03457590 1.14737472 0.16783496
v -0.20346549 1.93143384 0.05510416
v -0.15751620 1.92216496 0.16111777
v -0.15045609 1.95761833 0.05529526
v -0.03405624 1.82149813 0.32921408
v -0.09957626 1.88456566 0.25486656
v -0.03454184 1.98557056 0.05588986
v -0.10024431 1.94293388 0.16219870
v -0.09244915 1.97617914 0.05577284
v -0.12652873 1.95406368 0.11091476
v 0.20346549 1.93143384 0.05510416
v 0.15751620 1.92216496 0.16111777
v 0.15045609 1.95761833 0.05529526
v 0.03405624 1.82149813 0.32921408
v 0.09957626 1.88456566 0.25486656
v 0.00000000 1.85998200 0.29873833
v 0.03454184 1.98557056 0.05588986
v 0.10024431 1.94293388 0.16219870
v 0.09244915 1.97617914 0.05577284
v 0.00000000 1.97506282 0.11188997
v 0.12652873 1.95406368 0.11091476
v -0.06570248 1.92051845 0.21808857
v 0.06570248 1.92051845 0.21808857
v -0.03407958 1.89407013 0.26050062
v -0.03457590 1.95262528 0.16783496
v 0.03407958 1.89407013 0.26050062
v 0.03457590 1.95262528 0.16783496
v 0.00000000 1.37212029 0.38431824
v 0.00000000 1.48916306 0.41598433
v 0.00000000 1.72787971 0.38431824
v 0.00000000 1.61083694 0.41598433
v -0.20346549 1.16856616 -0.05510416
v -0.15751620 1.17783504 -0.16111777
v -0.15045609 1.14238167 -0.05529526
v -0.03405624 1.27850187 -0.32921408
v -0.09957626 1.21543434 -0.25486656
v -0.03454184 1.11442944 -0.05588986
v -0.10024431 1.15706612 -0.16219870
v -0.09244915 1.12382086 -0.05577284
v -0.12652873 1.14593632 -0.11091476
v 0.20346549 1.16856616 -0.05510416
v 0.15751620 1.17783504 -0.16111777
v 0.15045609 1.14238167 -0.05529526
v 0.03405624 1.27850187 -0.32921408
v 0.09957626 1.21543434 -0.25486656
v 0.00000000 1.24001800 -0.29873833
v 0.03454184 1.11442944 -0.05588986
v 0.10024431 1.15706612 -0.16219870
v 0.09244915 1.12382086 -0.05577284
v 0.00000000 1.12493718 -0.11188997
v 0.12652873 1.14593632 -0.11091476
v -0.06570248 1.17948155 -0.21808857
v 0.06570248 1.17948155 -0.21808857
v -0.03407958 1.20592987 -0.26050062
v -0.03457590 1.14737472 -0.16783496
v 0.03407958 1.20592987 -0.26050062
v 0.03457590 1.14737472 -0.16783496
v -0.20346549 1.93143384 -0.05510416
v -0.15751620 1.92216496 -0.16111777
v -0.15045609 1.95761833 -0.05529526
v -0.03405624 1.82149813 -0.32921408
v -0.09957626 1.88456566 -0.25486656
v -0.03454184 1.98557056 -0.05588986
v -0.10024431 1.94293388 -0.16219870
v -0.09244915 1.97617914 -0.05577284
v -0.12652873 1.95406368 -0.11091476
v 0.20346549 1.93143384 -0.05510416
v 0.15751620 1.92216496 -0.16111777
v 0.15045609 1.95761833 -0.05529526
v 0.03405624 1.82149813 -0.32921408
v 0.09957626 1.88456566 -0.25486656
v 0.00000000 1.85998200 -0.29873833
v 0.03454184 1.98557056 -0.05588986
v 0.10024431 1.94293388 -0.16219870
v 0.09244915 1.97617914 -0.05577284
v 0.00000000 1.97506282 -0.11188997
v 0.12652873 1.95406368 -0.11091476
v -0.06570248 1.92051845 -0.21808857
v 0.06570248 1.92051845 -0.21808857
v -0.03407958 1.89407013 -0.26050062
v -0.03457590 1.95262528 -0.16783496
v 0.03407958 1.89407013 -0.26050062
v 0.03457590 1.95262528 -0.16783496
v 0.00000000 1.37212029 -0.38431824
v 0.00000000 1.48916306 -0.41598433
v 0.00000000 1.72787971 -0.38431824
v 0.00000000 1.61083694 -0.41598433
v 0.25856965 1.89567478 -0.03405624
v 0.31863397 1.81760989 -0.09957626
v 0.23992570 1.89955831 -0.08946960
v 0.36327032 1.60785937 -0.20346549
v 0.35444282 1.71917366 -0.15751620
v 0.19067601 1.88424952 -0.19674054
v 0.29698485 1.81526192 -0.15613417
v 0.21677108 1.89550220 -0.14538427
v 0.27191300 1.85971864 -0.12432193
v 0.25856965 1.20432522 -0.03405624
v 0.31863397 1.28239011 -0.09957626
v 0.23992570 1.20044169 -0.08946960
v 0.36327032 1.49214063 -0.20346549
v 0.35444282 1.38082634 -0.15751620
v 0.19067601 1.21575048 -0.19674054
v 0.29698485 1.28473808 -0.15613417
v 0.21677108 1.20449780 -0.14538427
v 0.27191300 1.24028136 -0.12432193
v 0.05510416 1.33636124 -0.36327032
v 0.16111777 1.38460799 -0.35444282
v 0.08946960 1.29807802 -0.33291268
v 0.05529526 1.39202110 -0.38820793
v 0.32921408 1.51424094 -0.25856965
v 0.25486656 1.44544493 -0.31863397
v 0.33291268 1.45605692 -0.23992570
v 0.15613417 1.23816591 -0.25263040
v 0.19674054 1.34979019 -0.31833288
v 0.12432193 1.26449135 -0.29497014
v 0.21561769 1.26485919 -0.23698677
v 0.14538427 1.32239037 -0.32904971
v 0.05588986 1.51373107 -0.41482910
v 0.16219870 1.44474347 -0.37422274
v 0.05577284 1.45292839 -0.40588489
v 0.11091476 1.41714483 -0.38482255
v 0.31833288 1.34342244 -0.19067601
v 0.25263040 1.38605912 -0.29698485
v 0.32904971 1.39734652 -0.21677108
v 0.27156267 1.30116389 -0.21561769
v 0.29497014 1.41946197 -0.27191300
v 0.23698677 1.32360143 -0.27156267
v 0.05510416 1.76363876 -0.36327032
v 0.16111777 1.71539201 -0.35444282
v 0.08946960 1.80192198 -0.33291268
v 0.05529526 1.70797890 -0.38820793
v 0.32921408 1.58575906 -0.25856965
v 0.25486656 1.65455507 -0.31863397
v 0.33291268 1.64394308 -0.23992570
v 0.29873833 1.55000000 -0.29522095
v 0.15613417 1.86183409 -0.25263040
v 0.19674054 1.75020981 -0.31833288
v 0.12432193 1.83550865 -0.29497014
v 0.21561769 1.83514081 -0.23698677
v 0.14538427 1.77760963 -0.32904971
v 0.05588986 1.58626893 -0.41482910
v 0.16219870 1.65525653 -0.37422274
v 0.05577284 1.64707161 -0.40588489
v 0.11188997 1.55000000 -0.40482173
v 0.11091476 1.68285517 -0.38482255
v 0.31833288 1.75657756 -0.19067601
v 0.25263040 1.71394088 -0.29698485
v 0.32904971 1.70265348 -0.21677108
v 0.27156267 1.79883611 -0.21561769
v 0.29497014 1.68053803 -0.27191300
v 0.23698677 1.77639857 -0.27156267
v 0.21808857 1.48101240 -0.35287471
v 0.21808857 1.61898760 -0.35287471
v 0.26050062 1.51421644 -0.32768584
v 0.16783496 1.51369530 -0.38345265
v 0.26050062 1.58578356 -0.32768584
v 0.16783496 1.58630470 -0.38345265
v 0.25856965 1.89567478 0.03405624
v 0.31863397 1.81760989 0.09957626
v 0.23992570 1.89955831 0.08946960
v 0.29522095 1.86367525 0.00000000
v 0.36327032 1.60785937 0.20346549
v 0.35444282 1.71917366 0.15751620
v 0.19067601 1.88424952 0.19674054
v 0.29698485 1.81526192 0.15613417
v 0.21677108 1.89550220 0.14538427
v 0.27191300 1.85971864 0.12432193
v 0.35287471 1.77899299 -0.06570248
v 0.35287471 1.77899299 0.06570248
v 0.32768584 1.82352566 -0.03407958
v 0.32768584 1.82352566 0.03407958
v 0.25856965 1.20432522 0.03405624
v 0.31863397 1.28239011 0.09957626
v 0.23992570 1.20044169 0.08946960
v 0.29522095 1.23632475 0.00000000
v 0.36327032 1.49214063 0.20346549
v 0.35444282 1.38082634 0.15751620
v 0.19067601 1.21575048 0.19674054
v 0.29698485 1.28473808 0.15613417
v 0.21677108 1.20449780 0.14538427
v 0.27191300 1.24028136 0.12432193
v 0.35287471 1.32100701 -0.06570248
v 0.35287471 1.32100701 0.06570248
v 0.32768584 1.27647434 -0.03407958
v 0.32768584 1.27647434 0.03407958
v 0.05510416 1.33636124 0.36327032
v 0.16111777 1.38460799 0.35444282
v 0.08946960 1.29807802 0.33291268
v 0.05529526 1.39202110 0.38820793
v 0.32921408 1.51424094 0.25856965
v 0.25486656 1.44544493 0.31863397
v 0.33291268 1.45605692 0.23992570
v 0.15613417 1.23816591 0.25263040
v 0.19674054 1.34979019 0.31833288
v 0.12432193 1.26449135 0.29497014
v 0.21561769 1.26485919 0.23698677
v 0.14538427 1.32239037 0.32904971
v 0.05588986 1.51373107 0.41482910
v 0.16219870 1.44474347 0.37422274
v 0.05577284 1.45292839 0.40588489
v 0.11091476 1.41714483 0.38482255
v 0.31833288 1.34342244 0.19067601
v 0.25263040 1.38605912 0.29698485
v 0.32904971 1.39734652 0.21677108
v 0.27156267 1.30116389 0.21561769
v 0.29497014 1.41946197 0.27191300
v 0.23698677 1.32360143 0.27156267
v 0.05510416 1.76363876 0.36327032
v 0.16111777 1.71539201 0.35444282
v 0.08946960 1.80192198 0.33291268
v 0.05529526 1.70797890 0.38820793
v 0.32921408 1.58575906 0.25856965
v 0.25486656 1.65455507 0.31863397
v 0.33291268 1.64394308 0.23992570
v 0.29873833 1.55000000 0.29522095
v 0.15613417 1.86183409 0.25263040
v 0.19674054 1.75020981 0.31833288
v 0.12432193 1.83550865 0.29497014
v 0.21561769 1.83514081 0.23698677
v 0.14538427 1.77760963 0.32904971
v 0.05588986 1.58626893 0.41482910
v 0.16219870 1.65525653 0.37422274
v 0.05577284 1.64707161 0.40588489
v 0.11188997 1.55000000 0.40482173
v 0.11091476 1.68285517 0.38482255
v 0.31833288 1.75657756 0.19067601
v 0.25263040 1.71394088 0.29698485
v 0.32904971 1.70265348 0.21677108
v 0.27156267 1.79883611 0.21561769
v 0.29497014 1.68053803 0.27191300
v 0.23698677 1.77639857 0.27156267
v 0.21808857 1.48101240 0.35287471
v 0.21808857 1.61898760 0.35287471
v 0.26050062 1.51421644 0.32768584
v 0.16783496 1.51369530 0.38345265
v 0.26050062 1.58578356 0.32768584
v 0.16783496 1.58630470 0.38345265
v 0.38431824 1.55000000 -0.16940925
v 0.41598433 1.55000000 -0.05793994
v 0.38820793 1.60806002 -0.15045609
v 0.38820793 1.49193998 -0.15045609
v 0.38431824 1.55000000 0.16940925
v 0.41598433 1.55000000 0.05793994
v 0.38820793 1.60806002 0.15045609
v 0.38820793 1.49193998 0.15045609
v 0.37422274 1.72030864 -0.10024431
v 0.41482910 1.60868436 -0.03454184
v 0.38482255 1.66646049 -0.12652873
v 0.38345265 1.72622671 -0.03457590
v 0.40588489 1.60856148 -0.09244915
v 0.37422274 1.37969136 -0.10024431
v 0.41482910 1.49131564 -0.03454184
v 0.38482255 1.43353951 -0.12652873
v 0.38345265 1.37377329 -0.03457590
v 0.40588489 1.49143852 -0.09244915
v 0.37422274 1.72030864 0.10024431
v 0.41482910 1.60868436 0.03454184
v 0.38482255 1.66646049 0.12652873
v 0.38345265 1.72622671 0.03457590
v 0.40588489 1.60856148 0.09244915
v 0.40482173 1.66748447 0.00000000
v 0.37422274 1.37969136 0.10024431
v 0.41482910 1.49131564 0.03454184
v 0.38482255 1.43353951 0.12652873
v 0.38345265 1.37377329 0.03457590
v 0.40588489 1.49143852 0.09244915
v 0.40482173 1.43251553 0.00000000
v -0.25856965 1.89567478 -0.03405624
v -0.31863397 1.81760989 -0.09957626
v -0.23992570 1.89955831 -0.08946960
v -0.36327032 1.60785937 -0.20346549
v -0.35444282 1.71917366 -0.15751620
v -0.19067601 1.88424952 -0.19674054
v -0.29698485 1.81526192 -0.15613417
v -0.21677108 1.89550220 -0.14538427
v -0.27191300 1.85971864 -0.12432193
v -0.25856965 1.20432522 -0.03405624
v -0.31863397 1.28239011 -0.09957626
v -0.23992570 1.20044169 -0.08946960
v -0.36327032 1.49214063 -0.20346549
v -0.35444282 1.38082634 -0.15751620
v -0.19067601 1.21575048 -0.19674054
v -0.29698485 1.28473808 -0.15613417
v -0.21677108 1.20449780 -0.14538427
v -0.27191300 1.24028136 -0.12432193
v -0.05510416 1.33636124 -0.36327032
v -0.16111777 1.38460799 -0.35444282
v -0.08946960 1.29807802 -0.33291268
v -0.05529526 1.39202110 -0.38820793
v -0.32921408 1.51424094 -0.25856965
v -0.25486656 1.44544493 -0.31863397
v -0.33291268 1.45605692 -0.23992570
v -0.15613417 1.23816591 -0.25263040
v -0.19674054 1.34979019 -0.31833288
v -0.12432193 1.26449135 -0.29497014
v -0.21561769 1.26485919 -0.23698677
v -0.14538427 1.32239037 -0.32904971
v -0.05588986 1.51373107 -0.41482910
v -0.16219870 1.44474347 -0.37422274
v -0.05577284 1.45292839 -0.40588489
v -0.11091476 1.41714483 -0.38482255
v -0.31833288 1.34342244 -0.19067601
v -0.25263040 1.38605912 -0.29698485
v -0.32904971 1.39734652 -0.21677108
v -0.27156267 1.30116389 -0.21561769
v -0.29497014 1.41946197 -0.27191300
v -0.23698677 1.32360143 -0.27156267
v -0.05510416 1.76363876 -0.36327032
v -0.16111777 1.71539201 -0.35444282
v -0.08946960 1.80192198 -0.33291268
v -0.05529526 1.70797890 -0.38820793
v -0.32921408 1.58575906 -0.25856965
v -0.25486656 1.65455507 -0.31863397
v -0.33291268 1.64394308 -0.23992570
v -0.29873833 1.55000000 -0.29522095
v -0.15613417 1.86183409 -0.25263040
v -0.19674054 1.75020981 -0.31833288
v -0.12432193 1.83550865 -0.29497014
v -0.21561769 1.83514081 -0.23698677
v -0.14538427 1.77760963 -0.32904971
v -0.05588986 1.58626893 -0.41482910
v -0.16219870 1.65525653 -0.37422274
v -0.05577284 1.64707161 -0.40588489
v -0.11188997 1.55000000 -0.40482173
v -0.11091476 1.68285517 -0.38482255
v -0.31833288 1.75657756 -0.19067601
v -0.25263040 1.71394088 -0.29698485
v -0.32904971 1.70265348 -0.21677108
v -0.27156267 1.79883611 -0.21561769
v -0.29497014 1.68053803 -0.27191300
v -0.23698677 1.77639857 -0.27156267
v -0.21808857 1.48101240 -0.35287471
v -0.21808857 1.61898760 -0.35287471
v -0.26050062 1.51421644 -0.32768584
v -0.16783496 1.51369530 -0.38345265
v -0.26050062 1.58578356 -0.32768584
v -0.16783496 1.58630470 -0.38345265
v -0.25856965 1.89567478 0.03405624
v -0.31863397 1.81760989 0.09957626
v -0.23992570 1.89955831 0.08946960
v -0.29522095 1.86367525 0.00000000
v -0.36327032 1.60785937 0.20346549
v -0.35444282 1.71917366 0.15751620
v -0.19067601 1.88424952 0.19674054
v -0.29698485 1.81526192 0.15613417
v -0.21677108 1.89550220 0.14538427
v -0.27191300 1.85971864 0.12432193
v -0.35287471 1.77899299 -0.06570248
v -0.35287471 1.77899299 0.06570248
v -0.32768584 1.82352566 -0.03407958
v -0.32768584 1.82352566 0.03407958
v -0.25856965 1.20432522 0.03405624
v -0.31863397 1.28239011 0.09957626
v -0.23992570 1.20044169 0.08946960
v -0.29522095 1.23632475 0.00000000
v -0.36327032 1.49214063 0.20346549
v -0.35444282 1.38082634 0.15751620
v -0.19067601 1.21575048 0.19674054
v -0.29698485 1.28473808 0.15613417
v -0.21677108 1.20449780 0.14538427
v -0.27191300 1.24028136 0.12432193
v -0.35287471 1.32100701 -0.06570248
v -0.35287471 1.32100701 0.06570248
v -0.32768584 1.27647434 -0.03407958
v -0.32768584 1.27647434 0.03407958
v -0.05510416 1.33636124 0.36327032
v -0.16111777 1.38460799 0.35444282
v -0.08946960 1.29807802 0.33291268
v -0.05529526 1.39202110 0.38820793
v -0.32921408 1.51424094 0.25856965
v -0.25486656 1.44544493 0.31863397
v -0.33291268 1.45605692 0.23992570
v -0.15613417 1.23816591 0.25263040
v -0.19674054 1.34979019 0.31833288
v -0.12432193 1.26449135 0.29497014
v -0.21561769 1.26485919 0.23698677
v -0.14538427 1.32239037 0.32904971
v -0.05588986 1.51373107 0.41482910
v -0.16219870 1.44474347 0.37422274
v -0.05577284 1.45292839 0.40588489
v -0.11091476 1.41714483 0.38482255
v -0.31833288 1.34342244 0.19067601
v -0.25263040 1.38605912 0.29698485
v -0.32904971 1.39734652 0.21677108
v -0.27156267 1.30116389 0.21561769
v -0.29497014 1.41946197 0.27191300
v -0.23698677 1.32360143 0.27156267
v -0.05510416 1.76363876 0.36327032
v -0.16111777 1.71539201 0.35444282
v -0.08946960 1.80192198 0.33291268
v -0.05529526 1.70797890 0.38820793
v -0.32921408 1.58575906 0.25856965
v -0.25486656 1.65455507 0.31863397
v -0.33291268 1.64394308 0.23992570
v -0.29873833 1.55000000 0.29522095
v -0.15613417 1.86183409 0.25263040
v -0.19674054 1.75020981 0.31833288
v -0.12432193 1.83550865 0.29497014
v -0.21561769 1.83514081 0.23698677
v -0.14538427 1.77760963 0.32904971
v -0.05588986 1.58626893 0.41482910
v -0.16219870 1.65525653 0.37422274
v -0.05577284 1.64707161 0.40588489
v -0.11188997 1.55000000 0.40482173
v -0.11091476 1.68285517 0.38482255
v -0.31833288 1.75657756 0.19067601
v -0.25263040 1.71394088 0.29698485
v -0.32904971 1.70265348 0.21677108
v -0.27156267 1.79883611 0.21561769
v -0.29497014 1.68053803 0.27191300
v -0.23698677 1.77639857 0.27156267
v -0.21808857 1.48101240 0.35287471
v -0.21808857 1.61898760 0.35287471
v -0.26050062 1.51421644 0.32768584
v -0.16783496 1.51369530 0.38345265
v -0.26050062 1.58578356 0.32768584
v -0.16783496 1.58630470 0.38345265
v -0.38431824 1.55000000 -0.16940925
v -0.41598433 1.55000000 -0.05793994
v -0.38820793 1.60806002 -0.15045609
v -0.38820793 1.49193998 -0.15045609
v -0.38431824 1.55000000 0.16940925
v -0.41598433 1.55000000 0.05793994
v -0.38820793 1.60806002 0.15045609
v -0.38820793 1.49193998 0.15045609
v -0.37422274 1.72030864 -0.10024431
v -0.41482910 1.60868436 -0.03454184
v -0.38482255 1.66646049 -0.12652873
v -0.38345265 1.72622671 -0.03457590
v -0.40588489 1.60856148 -0.09244915
v -0.37422274 1.37969136 -0.10024431
v -0.41482910 1.49131564 -0.03454184
v -0.38482255 1.43353951 -0.12652873
v -0.38345265 1.37377329 -0.03457590
v -0.40588489 1.49143852 -0.09244915
v -0.37422274 1.72030864 0.10024431
v -0.41482910 1.60868436 0.03454184
v -0.38482255 1.66646049 0.12652873
v -0.38345265 1.72622671 0.03457590
v -0.40588489 1.60856148 0.09244915
v -0.40482173 1.66748447 0.00000000
v -0.37422274 1.37969136 0.10024431
v -0.41482910 1.49131564 0.03454184
v -0.38482255 1.43353951 0.12652873
v -0.38345265 1.37377329 0.03457590
v -0.40588489 1.49143852 0.09244915
v -0.40482173 1.43251553 0.00000000
v 0.00000000 1.22000000 -0.00000000
v 0.11000000 1.22000000 -0.00000000
v 0.11000000 1.00000000 0.00000000
v 0.00000000 1.00000000 0.00000000
v 0.10162675 1.22000000 0.04209518
v 0.10162675 1.00000000 0.04209518
v 0.07778175 1.22000000 0.07778175
v 0.07778175 1.00000000 0.07778175
v 0.04209518 1.22000000 0.10162675
v 0.04209518 1.00000000 0.10162675
v 0.00000000 1.22000000 0.11000000
v 0.00000000 1.00000000 0.11000000
v -0.04209518 1.22000000 0.10162675
v -0.04209518 1.00000000 0.10162675
v -0.07778175 1.22000000 0.07778175
v -0.07778175 1.00000000 0.07778175
v -0.10162675 1.22000000 0.04209518
v -0.10162675 1.00000000 0.04209518
v -0.11000000 1.22000000 0.00000000
v -0.11000000 1.00000000 0.00000000
v -0.10162675 1.22000000 -0.04209518
v -0.10162675 1.00000000 -0.04209518
v -0.07778175 1.22000000 -0.07778175
v -0.07778175 1.00000000 -0.07778175
v -0.04209518 1.22000000 -0.10162675
v -0.04209518 1.00000000 -0.10162675
v -0.00000000 1.22000000 -0.11000000
v -0.00000000 1.00000000 -0.11000000
v 0.04209518 1.22000000 -0.10162675
v 0.04209518 1.00000000 -0.10162675
v 0.07778175 1.22000000 -0.07778175
v 0.07778175 1.00000000 -0.07778175
v 0.10162675 1.22000000 -0.04209518
v 0.10162675 1.00000000 -0.04209518
v -0.18259533 1.62274035 0.41500000
v -0.11740467 1.62274035 0.41500000
v -0.18259533 1.51725965 0.41500000
v -0.11740467 1.51725965 0.41500000
v -0.15000000 1.53740467 0.43873316
v -0.15000000 1.60259533 0.43873316
v -0.15000000 1.53740467 0.39126684
v -0.15000000 1.60259533 0.39126684
v -0.09725965 1.57000000 0.40033210
v -0.09725965 1.57000000 0.42966790
v -0.20274035 1.57000000 0.40033210
v -0.20274035 1.57000000 0.42966790
v -0.15000000 1.63200000 0.41500000
v -0.15000000 1.50800000 0.41500000
v -0.16915905 1.51984095 0.42895000
v -0.13084095 1.51984095 0.42895000
v -0.16915905 1.62015905 0.42895000
v -0.13084095 1.62015905 0.42895000
v -0.15000000 1.57000000 0.44290000
v -0.16915905 1.51984095 0.40105000
v -0.13084095 1.51984095 0.40105000
v -0.16915905 1.62015905 0.40105000
v -0.13084095 1.62015905 0.40105000
v -0.15000000 1.57000000 0.38710000
v -0.09984095 1.60100000 0.40637843
v -0.09984095 1.53900000 0.40637843
v -0.11900000 1.55084095 0.39242843
v -0.11900000 1.58915905 0.39242843
v -0.09984095 1.60100000 0.42362157
v -0.09984095 1.53900000 0.42362157
v -0.11900000 1.55084095 0.43757157
v -0.11900000 1.58915905 0.43757157
v -0.08800000 1.57000000 0.41500000
v -0.20015905 1.60100000 0.40637843
v -0.20015905 1.53900000 0.40637843
v -0.18100000 1.55084095 0.39242843
v -0.18100000 1.58915905 0.39242843
v -0.20015905 1.60100000 0.42362157
v -0.20015905 1.53900000 0.42362157
v -0.18100000 1.55084095 0.43757157
v -0.18100000 1.58915905 0.43757157
v -0.21200000 1.57000000 0.41500000
v -0.16694252 1.62964018 0.41500000
v -0.13305748 1.62964018 0.41500000
v -0.16694252 1.51035982 0.41500000
v -0.13305748 1.51035982 0.41500000
v -0.17690109 1.51651455 0.42225098
v -0.15995857 1.52698561 0.43458710
v -0.16007251 1.51103450 0.42233395
v -0.12309891 1.51651455 0.42225098
v -0.14004143 1.52698561 0.43458710
v -0.13992749 1.51103450 0.42233395
v -0.15000000 1.51725965 0.42966790
v -0.17690109 1.62348545 0.42225098
v -0.15995857 1.61301439 0.43458710
v -0.16007251 1.62896550 0.42233395
v -0.12309891 1.62348545 0.42225098
v -0.14004143 1.61301439 0.43458710
v -0.13992749 1.62896550 0.42233395
v -0.15000000 1.62274035 0.42966790
v -0.15000000 1.55305748 0.44183808
v -0.15000000 1.58694252 0.44183808
v -0.17690109 1.51651455 0.40774902
v -0.15995857 1.52698561 0.39541290
v -0.16007251 1.51103450 0.40766605
v -0.12309891 1.51651455 0.40774902
v -0.14004143 1.52698561 0.39541290
v -0.13992749 1.51103450 0.40766605
v -0.15000000 1.51725965 0.40033210
v -0.17690109 1.62348545 0.40774902
v -0.15995857 1.61301439 0.39541290
v -0.16007251 1.62896550 0.40766605
v -0.12309891 1.62348545 0.40774902
v -0.14004143 1.61301439 0.39541290
v -0.13992749 1.62896550 0.40766605
v -0.15000000 1.62274035 0.40033210
v -0.15000000 1.55305748 0.38816192
v -0.15000000 1.58694252 0.38816192
v -0.10698561 1.61352688 0.41051865
v -0.09651455 1.58611330 0.40289451
v -0.11355731 1.61266784 0.40313342
v -0.10698561 1.52647312 0.41051865
v -0.09651455 1.55388670 0.40289451
v -0.11355731 1.52733216 0.40313342
v -0.13388670 1.54309891 0.39093155
v -0.10647312 1.56004143 0.39564352
v -0.12362982 1.53355731 0.39579947
v -0.13370234 1.55992749 0.38846552
v -0.10733216 1.54362982 0.39860079
v -0.13388670 1.59690109 0.39093155
v -0.10647312 1.57995857 0.39564352
v -0.12362982 1.60644269 0.39579947
v -0.13370234 1.58007251 0.38846552
v -0.10733216 1.59637018 0.39860079
v -0.11740467 1.57000000 0.39126684
v -0.10698561 1.61352688 0.41948135
v -0.09651455 1.58611330 0.42710549
v -0.11355731 1.61266784 0.42686658
v -0.09725965 1.60259533 0.41500000
v -0.10698561 1.52647312 0.41948135
v -0.09651455 1.55388670 0.42710549
v -0.11355731 1.52733216 0.42686658
v -0.09725965 1.53740467 0.41500000
v -0.13388670 1.54309891 0.43906845
v -0.10647312 1.56004143 0.43435648
v -0.12362982 1.53355731 0.43420053
v -0.13370234 1.55992749 0.44153448
v -0.10733216 1.54362982 0.43139921
v -0.13388670 1.59690109 0.43906845
v -0.10647312 1.57995857 0.43435648
v -0.12362982 1.60644269 0.43420053
v -0.13370234 1.58007251 0.44153448
v -0.10733216 1.59637018 0.43139921
v -0.11740467 1.57000000 0.43873316
v -0.09035982 1.57000000 0.40737586
v -0.09035982 1.57000000 0.42262414
v -0.09103450 1.58629766 0.41046737
v -0.09103450 1.55370234 0.41046737
v -0.09103450 1.58629766 0.41953263
v -0.09103450 1.55370234 0.41953263
v -0.19301439 1.61352688 0.41051865
v -0.20348545 1.58611330 0.40289451
v -0.18644269 1.61266784 0.40313342
v -0.19301439 1.52647312 0.41051865
v -0.20348545 1.55388670 0.40289451
v -0.18644269 1.52733216 0.40313342
v -0.16611330 1.54309891 0.39093155
v -0.19352688 1.56004143 0.39564352
v -0.17637018 1.53355731 0.39579947
v -0.16629766 1.55992749 0.38846552
v -0.19266784 1.54362982 0.39860079
v -0.16611330 1.59690109 0.39093155
v -0.19352688 1.57995857 0.39564352
v -0.17637018 1.60644269 0.39579947
v -0.16629766 1.58007251 0.38846552
v -0.19266784 1.59637018 0.39860079
v -0.18259533 1.57000000 0.39126684
v -0.19301439 1.61352688 0.41948135
v -0.20348545 1.58611330 0.42710549
v -0.18644269 1.61266784 0.42686658
v -0.20274035 1.60259533 0.41500000
v -0.19301439 1.52647312 0.41948135
v -0.20348545 1.55388670 0.42710549
v -0.18644269 1.52733216 0.42686658
v -0.20274035 1.53740467 0.41500000
v -0.16611330 1.54309891 0.43906845
v -0.19352688 1.56004143 0.43435648
v -0.17637018 1.53355731 0.43420053
v -0.16629766 1.55992749 0.44153448
v -0.19266784 1.54362982 0.43139921
v -0.16611330 1.59690109 0.43906845
v -0.19352688 1.57995857 0.43435648
v -0.17637018 1.60644269 0.43420053
v -0.16629766 1.58007251 0.44153448
v -0.19266784 1.59637018 0.43139921
v -0.18259533 1.57000000 0.43873316
v -0.20964018 1.57000000 0.40737586
v -0.20964018 1.57000000 0.42262414
v -0.20896550 1.58629766 0.41046737
v -0.20896550 1.55370234 0.41046737
v -0.20896550 1.58629766 0.41953263
v -0.20896550 1.55370234 0.41953263
v -0.17408071 1.58572733 0.44000000
v -0.12991929 1.58572733 0.44000000
v -0.17408071 1.51427267 0.44000000
v -0.12991929 1.51427267 0.44000000
v -0.15200000 1.52791929 0.45607730
v -0.15200000 1.57208071 0.45607730
v -0.15200000 1.52791929 0.42392270
v -0.15200000 1.57208071 0.42392270
v -0.11627267 1.55000000 0.43006368
v -0.11627267 1.55000000 0.44993632
v -0.18772733 1.55000000 0.43006368
v -0.18772733 1.55000000 0.44993632
v -0.15200000 1.59200000 0.44000000
v -0.15200000 1.50800000 0.44000000
v -0.16497871 1.51602129 0.44945000
v -0.13902129 1.51602129 0.44945000
v -0.16497871 1.58397871 0.44945000
v -0.13902129 1.58397871 0.44945000
v -0.15200000 1.55000000 0.45890000
v -0.16497871 1.51602129 0.43055000
v -0.13902129 1.51602129 0.43055000
v -0.16497871 1.58397871 0.43055000
v -0.13902129 1.58397871 0.43055000
v -0.15200000 1.55000000 0.42110000
v -0.11802129 1.57100000 0.43415958
v -0.11802129 1.52900000 0.43415958
v -0.13100000 1.53702129 0.42470958
v -0.13100000 1.56297871 0.42470958
v -0.11802129 1.57100000 0.44584042
v -0.11802129 1.52900000 0.44584042
v -0.13100000 1.53702129 0.45529042
v -0.13100000 1.56297871 0.45529042
v -0.11000000 1.55000000 0.44000000
v -0.18597871 1.57100000 0.43415958
v -0.18597871 1.52900000 0.43415958
v -0.17300000 1.53702129 0.42470958
v -0.17300000 1.56297871 0.42470958
v -0.18597871 1.57100000 0.44584042
v -0.18597871 1.52900000 0.44584042
v -0.17300000 1.53702129 0.45529042
v -0.17300000 1.56297871 0.45529042
v -0.19400000 1.55000000 0.44000000
v -0.16347719 1.59040141 0.44000000
v -0.14052281 1.59040141 0.44000000
v -0.16347719 1.50959859 0.44000000
v -0.14052281 1.50959859 0.44000000
v -0.17022332 1.51376792 0.44491196
v -0.15874613 1.52086122 0.45326868
v -0.15882331 1.51005563 0.44496816
v -0.13377668 1.51376792 0.44491196
v -0.14525387 1.52086122 0.45326868
v -0.14517669 1.51005563 0.44496816
v -0.15200000 1.51427267 0.44993632
v -0.17022332 1.58623208 0.44491196
v -0.15874613 1.57913878 0.45326868
v -0.15882331 1.58994437 0.44496816
v -0.13377668 1.58623208 0.44491196
v -0.14525387 1.57913878 0.45326868
v -0.14517669 1.58994437 0.44496816
v -0.15200000 1.58572733 0.44993632
v -0.15200000 1.53852281 0.45818063
v -0.15200000 1.56147719 0.45818063
v -0.17022332 1.51376792 0.43508804
v -0.15874613 1.52086122 0.42673132
v -0.15882331 1.51005563 0.43503184
v -0.13377668 1.51376792 0.43508804
v -0.14525387 1.52086122 0.42673132
v -0.14517669 1.51005563 0.43503184
v -0.15200000 1.51427267 0.43006368
v -0.17022332 1.58623208 0.43508804
v -0.15874613 1.57913878 0.42673132
v -0.15882331 1.58994437 0.43503184
v -0.13377668 1.58623208 0.43508804
v -0.14525387 1.57913878 0.42673132
v -0.14517669 1.58994437 0.43503184
v -0.15200000 1.58572733 0.43006368
v -0.15200000 1.53852281 0.42181937
v -0.15200000 1.56147719 0.42181937
v -0.12286122 1.57948595 0.43696424
v -0.11576792 1.56091546 0.43179951
v -0.12731302 1.57890402 0.43196135
v -0.12286122 1.52051405 0.43696424
v -0.11576792 1.53908454 0.43179951
v -0.12731302 1.52109598 0.43196135
v -0.14108454 1.53177668 0.42369557
v -0.12251405 1.54325387 0.42688755
v -0.13413633 1.52531302 0.42699319
v -0.14095965 1.54317669 0.42202503
v -0.12309598 1.53213633 0.42889086
v -0.14108454 1.56822332 0.42369557
v -0.12251405 1.55674613 0.42688755
v -0.13413633 1.57468698 0.42699319
v -0.14095965 1.55682331 0.42202503
v -0.12309598 1.56786367 0.42889086
v -0.12991929 1.55000000 0.42392270
v -0.12286122 1.57948595 0.44303576
v -0.11576792 1.56091546 0.44820049
v -0.12731302 1.57890402 0.44803865
v -0.11627267 1.57208071 0.44000000
v -0.12286122 1.52051405 0.44303576
v -0.11576792 1.53908454 0.44820049
v -0.12731302 1.52109598 0.44803865
v -0.11627267 1.52791929 0.44000000
v -0.14108454 1.53177668 0.45630443
v -0.12251405 1.54325387 0.45311245
v -0.13413633 1.52531302 0.45300681
v -0.14095965 1.54317669 0.45797497
v -0.12309598 1.53213633 0.45110914
v -0.14108454 1.56822332 0.45630443
v -0.12251405 1.55674613 0.45311245
v -0.13413633 1.57468698 0.45300681
v -0.14095965 1.55682331 0.45797497
v -0.12309598 1.56786367 0.45110914
v -0.12991929 1.55000000 0.45607730
v -0.11159859 1.55000000 0.43483526
v -0.11159859 1.55000000 0.44516474
v -0.11205563 1.56104035 0.43692951
v -0.11205563 1.53895965 0.43692951
v -0.11205563 1.56104035 0.44307049
v -0.11205563 1.53895965 0.44307049
v -0.18113878 1.57948595 0.43696424
v -0.18823208 1.56091546 0.43179951
v -0.17668698 1.57890402 0.43196135
v -0.18113878 1.52051405 0.43696424
v -0.18823208 1.53908454 0.43179951
v -0.17668698 1.52109598 0.43196135
v -0.16291546 1.53177668 0.42369557
v -0.18148595 1.54325387 0.42688755
v -0.16986367 1.52531302 0.42699319
v -0.16304035 1.54317669 0.42202503
v -0.18090402 1.53213633 0.42889086
v -0.16291546 1.56822332 0.42369557
v -0.18148595 1.55674613 0.42688755
v -0.16986367 1.57468698 0.42699319
v -0.16304035 1.55682331 0.42202503
v -0.18090402 1.56786367 0.42889086
v -0.17408071 1.55000000 0.42392270
v -0.18113878 1.57948595 0.44303576
v -0.18823208 1.56091546 0.44820049
v -0.17668698 1.57890402 0.44803865
v -0.18772733 1.57208071 0.44000000
v -0.18113878 1.52051405 0.44303576
v -0.18823208 1.53908454 0.44820049
v -0.17668698 1.52109598 0.44803865
v -0.18772733 1.52791929 0.44000000
v -0.16291546 1.53177668 0.45630443
v -0.18148595 1.54325387 0.45311245
v -0.16986367 1.52531302 0.45300681
v -0.16304035 1.54317669 0.45797497
v -0.18090402 1.53213633 0.45110914
v -0.16291546 1.56822332 0.45630443
v -0.18148595 1.55674613 0.45311245
v -0.16986367 1.57468698 0.45300681
v -0.16304035 1.55682331 0.45797497
v -0.18090402 1.56786367 0.45110914
v -0.17408071 1.55000000 0.45607730
v -0.19240141 1.55000000 0.43483526
v -0.19240141 1.55000000 0.44516474
v -0.19194437 1.56104035 0.43692951
v -0.19194437 1.53895965 0.43692951
v -0.19194437 1.56104035 0.44307049
v -0.19194437 1.53895965 0.44307049
v -0.14736024 1.59190911 0.46500000
v -0.13263976 1.59190911 0.46500000
v -0.14736024 1.56809089 0.46500000
v -0.13263976 1.56809089 0.46500000
v -0.14000000 1.57263976 0.47690911
v -0.14000000 1.58736024 0.47690911
v -0.14000000 1.57263976 0.45309089
v -0.14000000 1.58736024 0.45309089
v -0.12809089 1.58000000 0.45763976
v -0.12809089 1.58000000 0.47236024
v -0.15190911 1.58000000 0.45763976
v -0.15190911 1.58000000 0.47236024
v -0.14000000 1.59400000 0.46500000
v -0.14000000 1.56600000 0.46500000
v -0.14432624 1.56867376 0.47200000
v -0.13567376 1.56867376 0.47200000
v -0.14432624 1.59132624 0.47200000
v -0.13567376 1.59132624 0.47200000
v -0.14000000 1.58000000 0.47900000
v -0.14432624 1.56867376 0.45800000
v -0.13567376 1.56867376 0.45800000
v -0.14432624 1.59132624 0.45800000
v -0.13567376 1.59132624 0.45800000
v -0.14000000 1.58000000 0.45100000
v -0.12867376 1.58700000 0.46067376
v -0.12867376 1.57300000 0.46067376
v -0.13300000 1.57567376 0.45367376
v -0.13300000 1.58432624 0.45367376
v -0.12867376 1.58700000 0.46932624
v -0.12867376 1.57300000 0.46932624
v -0.13300000 1.57567376 0.47632624
v -0.13300000 1.58432624 0.47632624
v -0.12600000 1.58000000 0.46500000
v -0.15132624 1.58700000 0.46067376
v -0.15132624 1.57300000 0.46067376
v -0.14700000 1.57567376 0.45367376
v -0.14700000 1.58432624 0.45367376
v -0.15132624 1.58700000 0.46932624
v -0.15132624 1.57300000 0.46932624
v -0.14700000 1.57567376 0.47632624
v -0.14700000 1.58432624 0.47632624
v -0.15400000 1.58000000 0.46500000
v -0.14382573 1.59346714 0.46500000
v -0.13617427 1.59346714 0.46500000
v -0.14382573 1.56653286 0.46500000
v -0.13617427 1.56653286 0.46500000
v -0.14607444 1.56792264 0.46863849
v -0.14224871 1.57028707 0.47482865
v -0.14227444 1.56668521 0.46868012
v -0.13392556 1.56792264 0.46863849
v -0.13775129 1.57028707 0.47482865
v -0.13772556 1.56668521 0.46868012
v -0.14000000 1.56809089 0.47236024
v -0.14607444 1.59207736 0.46863849
v -0.14224871 1.58971293 0.47482865
v -0.14227444 1.59331479 0.46868012
v -0.13392556 1.59207736 0.46863849
v -0.13775129 1.58971293 0.47482865
v -0.13772556 1.59331479 0.46868012
v -0.14000000 1.59190911 0.47236024
v -0.14000000 1.57617427 0.47846714
v -0.14000000 1.58382573 0.47846714
v -0.14607444 1.56792264 0.46136151
v -0.14224871 1.57028707 0.45517135
v -0.14227444 1.56668521 0.46131988
v -0.13392556 1.56792264 0.46136151
v -0.13775129 1.57028707 0.45517135
v -0.13772556 1.56668521 0.46131988
v -0.14000000 1.56809089 0.45763976
v -0.14607444 1.59207736 0.46136151
v -0.14224871 1.58971293 0.45517135
v -0.14227444 1.59331479 0.46131988
v -0.13392556 1.59207736 0.46136151
v -0.13775129 1.58971293 0.45517135
v -0.13772556 1.59331479 0.46131988
v -0.14000000 1.59190911 0.45763976
v -0.14000000 1.57617427 0.45153286
v -0.14000000 1.58382573 0.45153286
v -0.13028707 1.58982865 0.46275129
v -0.12792264 1.58363849 0.45892556
v -0.13177101 1.58963467 0.45904544
v -0.13028707 1.57017135 0.46275129
v -0.12792264 1.57636151 0.45892556
v -0.13177101 1.57036533 0.45904544
v -0.13636151 1.57392556 0.45292264
v -0.13017135 1.57775129 0.45528707
v -0.13404544 1.57177101 0.45536533
v -0.13631988 1.57772556 0.45168521
v -0.13036533 1.57404544 0.45677101
v -0.13636151 1.58607444 0.45292264
v -0.13017135 1.58224871 0.45528707
v -0.13404544 1.58822899 0.45536533
v -0.13631988 1.58227444 0.45168521
v -0.13036533 1.58595456 0.45677101
v -0.13263976 1.58000000 0.45309089
v -0.13028707 1.58982865 0.46724871
v -0.12792264 1.58363849 0.47107444
v -0.13177101 1.58963467 0.47095456
v -0.12809089 1.58736024 0.46500000
v -0.13028707 1.57017135 0.46724871
v -0.12792264 1.57636151 0.47107444
v -0.13177101 1.57036533 0.47095456
v -0.12809089 1.57263976 0.46500000
v -0.13636151 1.57392556 0.47707736
v -0.13017135 1.57775129 0.47471293
v -0.13404544 1.57177101 0.47463467
v -0.13631988 1.57772556 0.47831479
v -0.13036533 1.57404544 0.47322899
v -0.13636151 1.58607444 0.47707736
v -0.13017135 1.58224871 0.47471293
v -0.13404544 1.58822899 0.47463467
v -0.13631988 1.58227444 0.47831479
v -0.13036533 1.58595456 0.47322899
v -0.13263976 1.58000000 0.47690911
v -0.12653286 1.58000000 0.46117427
v -0.12653286 1.58000000 0.46882573
v -0.12668521 1.58368012 0.46272556
v -0.12668521 1.57631988 0.46272556
v -0.12668521 1.58368012 0.46727444
v -0.12668521 1.57631988 0.46727444
v -0.14971293 1.58982865 0.46275129
v -0.15207736 1.58363849 0.45892556
v -0.14822899 1.58963467 0.45904544
v -0.14971293 1.57017135 0.46275129
v -0.15207736 1.57636151 0.45892556
v -0.14822899 1.57036533 0.45904544
v -0.14363849 1.57392556 0.45292264
v -0.14982865 1.57775129 0.45528707
v -0.14595456 1.57177101 0.45536533
v -0.14368012 1.57772556 0.45168521
v -0.14963467 1.57404544 0.45677101
v -0.14363849 1.58607444 0.45292264
v -0.14982865 1.58224871 0.45528707
v -0.14595456 1.58822899 0.45536533
v -0.14368012 1.58227444 0.45168521
v -0.14963467 1.58595456 0.45677101
v -0.14736024 1.58000000 0.45309089
v -0.14971293 1.58982865 0.46724871
v -0.15207736 1.58363849 0.47107444
v -0.14822899 1.58963467 0.47095456
v -0.15190911 1.58736024 0.46500000
v -0.14971293 1.57017135 0.46724871
v -0.15207736 1.57636151 0.47107444
v -0.14822899 1.57036533 0.47095456
v -0.15190911 1.57263976 0.46500000
v -0.14363849 1.57392556 0.47707736
v -0.14982865 1.57775129 0.47471293
v -0.14595456 1.57177101 0.47463467
v -0.14368012 1.57772556 0.47831479
v -0.14963467 1.57404544 0.47322899
v -0.14363849 1.58607444 0.47707736
v -0.14982865 1.58224871 0.47471293
v -0.14595456 1.58822899 0.47463467
v -0.14368012 1.58227444 0.47831479
v -0.14963467 1.58595456 0.47322899
v -0.14736024 1.58000000 0.47690911
v -0.15346714 1.58000000 0.46117427
v -0.15346714 1.58000000 0.46882573
v -0.15331479 1.58368012 0.46272556
v -0.15331479 1.57631988 0.46272556
v -0.15331479 1.58368012 0.46727444
v -0.15331479 1.57631988 0.46727444
v 0.11740467 1.62274035 0.41500000
v 0.18259533 1.62274035 0.41500000
v 0.11740467 1.51725965 0.41500000
v 0.18259533 1.51725965 0.41500000
v 0.15000000 1.53740467 0.43873316
v 0.15000000 1.60259533 0.43873316
v 0.15000000 1.53740467 0.39126684
v 0.15000000 1.60259533 0.39126684
v 0.20274035 1.57000000 0.40033210
v 0.20274035 1.57000000 0.42966790
v 0.09725965 1.57000000 0.40033210
v 0.09725965 1.57000000 0.42966790
v 0.15000000 1.63200000 0.41500000
v 0.15000000 1.50800000 0.41500000
v 0.13084095 1.51984095 0.42895000
v 0.16915905 1.51984095 0.42895000
v 0.13084095 1.62015905 0.42895000
v 0.16915905 1.62015905 0.42895000
v 0.15000000 1.57000000 0.44290000
v 0.13084095 1.51984095 0.40105000
v 0.16915905 1.51984095 0.40105000
v 0.13084095 1.62015905 0.40105000
v 0.16915905 1.62015905 0.40105000
v 0.15000000 1.57000000 0.38710000
v 0.20015905 1.60100000 0.40637843
v 0.20015905 1.53900000 0.40637843
v 0.18100000 1.55084095 0.39242843
v 0.18100000 1.58915905 0.39242843
v 0.20015905 1.60100000 0.42362157
v 0.20015905 1.53900000 0.42362157
v 0.18100000 1.55084095 0.43757157
v 0.18100000 1.58915905 0.43757157
v 0.21200000 1.57000000 0.41500000
v 0.09984095 1.60100000 0.40637843
v 0.09984095 1.53900000 0.40637843
v 0.11900000 1.55084095 0.39242843
v 0.11900000 1.58915905 0.39242843
v 0.09984095 1.60100000 0.42362157
v 0.09984095 1.53900000 0.42362157
v 0.11900000 1.55084095 0.43757157
v 0.11900000 1.58915905 0.43757157
v 0.08800000 1.57000000 0.41500000
v 0.13305748 1.62964018 0.41500000
v 0.16694252 1.62964018 0.41500000
v 0.13305748 1.51035982 0.41500000
v 0.16694252 1.51035982 0.41500000
v 0.12309891 1.51651455 0.42225098
v 0.14004143 1.52698561 0.43458710
v 0.13992749 1.51103450 0.42233395
v 0.17690109 1.51651455 0.42225098
v 0.15995857 1.52698561 0.43458710
v 0.16007251 1.51103450 0.42233395
v 0.15000000 1.51725965 0.42966790
v 0.12309891 1.62348545 0.42225098
v 0.14004143 1.61301439 0.43458710
v 0.13992749 1.62896550 0.42233395
v 0.17690109 1.62348545 0.42225098
v 0.15995857 1.61301439 0.43458710
v 0.16007251 1.62896550 0.42233395
v 0.15000000 1.62274035 0.42966790
v 0.15000000 1.55305748 0.44183808
v 0.15000000 1.58694252 0.44183808
v 0.12309891 1.51651455 0.40774902
v 0.14004143 1.52698561 0.39541290
v 0.13992749 1.51103450 0.40766605
v 0.17690109 1.51651455 0.40774902
v 0.15995857 1.52698561 0.39541290
v 0.16007251 1.51103450 0.40766605
v 0.15000000 1.51725965 0.40033210
v 0.12309891 1.62348545 0.40774902
v 0.14004143 1.61301439 0.39541290
v 0.13992749 1.62896550 0.40766605
v 0.17690109 1.62348545 0.40774902
v 0.15995857 1.61301439 0.39541290
v 0.16007251 1.62896550 0.40766605
v 0.15000000 1.62274035 0.40033210
v 0.15000000 1.55305748 0.38816192
v 0.15000000 1.58694252 0.38816192
v 0.19301439 1.61352688 0.41051865
v 0.20348545 1.58611330 0.40289451
v 0.18644269 1.61266784 0.40313342
v 0.19301439 1.52647312 0.41051865
v 0.20348545 1.55388670 0.40289451
v 0.18644269 1.52733216 0.40313342
v 0.16611330 1.54309891 0.39093155
v 0.19352688 1.56004143 0.39564352
v 0.17637018 1.53355731 0.39579947
v 0.16629766 1.55992749 0.38846552
v 0.19266784 1.54362982 0.39860079
v 0.16611330 1.59690109 0.39093155
v 0.19352688 1.57995857 0.39564352
v 0.17637018 1.60644269 0.39579947
v 0.16629766 1.58007251 0.38846552
v 0.19266784 1.59637018 0.39860079
v 0.18259533 1.57000000 0.39126684
v 0.19301439 1.61352688 0.41948135
v 0.20348545 1.58611330 0.42710549
v 0.18644269 1.61266784 0.42686658
v 0.20274035 1.60259533 0.41500000
v 0.19301439 1.52647312 0.41948135
v 0.20348545 1.55388670 0.42710549
v 0.18644269 1.52733216 0.42686658
v 0.20274035 1.53740467 0.41500000
v 0.16611330 1.54309891 0.43906845
v 0.19352688 1.56004143 0.43435648
v 0.17637018 1.53355731 0.43420053
v 0.16629766 1.55992749 0.44153448
v 0.19266784 1.54362982 0.43139921
v 0.16611330 1.59690109 0.43906845
v 0.19352688 1.57995857 0.43435648
v 0.17637018 1.60644269 0.43420053
v 0.16629766 1.58007251 0.44153448
v 0.19266784 1.59637018 0.43139921
v 0.18259533 1.57000000 0.43873316
v 0.20964018 1.57000000 0.40737586
v 0.20964018 1.57000000 0.42262414
v 0.20896550 1.58629766 0.41046737
v 0.20896550 1.55370234 0.41046737
v 0.20896550 1.58629766 0.41953263
v 0.20896550 1.55370234 0.41953263
v 0.10698561 1.61352688 0.41051865
v 0.09651455 1.58611330 0.40289451
v 0.11355731 1.61266784 0.40313342
v 0.10698561 1.52647312 0.41051865
v 0.09651455 1.55388670 0.40289451
v 0.11355731 1.52733216 0.40313342
v 0.13388670 1.54309891 0.39093155
v 0.10647312 1.56004143 0.39564352
v 0.12362982 1.53355731 0.39579947
v 0.13370234 1.55992749 0.38846552
v 0.10733216 1.54362982 0.39860079
v 0.13388670 1.59690109 0.39093155
v 0.10647312 1.57995857 0.39564352
v 0.12362982 1.60644269 0.39579947
v 0.13370234 1.58007251 0.38846552
v 0.10733216 1.59637018 0.39860079
v 0.11740467 1.57000000 0.39126684
v 0.10698561 1.61352688 0.41948135
v 0.09651455 1.58611330 0.42710549
v 0.11355731 1.61266784 0.42686658
v 0.09725965 1.60259533 0.41500000
v 0.10698561 1.52647312 0.41948135
v 0.09651455 1.55388670 0.42710549
v 0.11355731 1.52733216 0.42686658
v 0.09725965 1.53740467 0.41500000
v 0.13388670 1.54309891 0.43906845
v 0.10647312 1.56004143 0.43435648
v 0.12362982 1.53355731 0.43420053
v 0.13370234 1.55992749 0.44153448
v 0.10733216 1.54362982 0.43139921
v 0.13388670 1.59690109 0.43906845
v 0.10647312 1.57995857 0.43435648
v 0.12362982 1.60644269 0.43420053
v 0.13370234 1.58007251 0.44153448
v 0.10733216 1.59637018 0.43139921
v 0.11740467 1.57000000 0.43873316
v 0.09035982 1.57000000 0.40737586
v 0.09035982 1.57000000 0.42262414
v 0.09103450 1.58629766 0.41046737
v 0.09103450 1.55370234 0.41046737
v 0.09103450 1.58629766 0.41953263
v 0.09103450 1.55370234 0.41953263
v 0.12991929 1.58572733 0.44000000
v 0.17408071 1.58572733 0.44000000
v 0.12991929 1.51427267 0.44000000
v 0.17408071 1.51427267 0.44000000
v 0.15200000 1.52791929 0.45607730
v 0.15200000 1.57208071 0.45607730
v 0.15200000 1.52791929 0.42392270
v 0.15200000 1.57208071 0.42392270
v 0.18772733 1.55000000 0.43006368
v 0.18772733 1.55000000 0.44993632
v 0.11627267 1.55000000 0.43006368
v 0.11627267 1.55000000 0.44993632
v 0.15200000 1.59200000 0.44000000
v 0.15200000 1.50800000 0.44000000
v 0.13902129 1.51602129 0.44945000
v 0.16497871 1.51602129 0.44945000
v 0.13902129 1.58397871 0.44945000
v 0.16497871 1.58397871 0.44945000
v 0.15200000 1.55000000 0.45890000
v 0.13902129 1.51602129 0.43055000
v 0.16497871 1.51602129 0.43055000
v 0.13902129 1.58397871 0.43055000
v 0.16497871 1.58397871 0.43055000
v 0.15200000 1.55000000 0.42110000
v 0.18597871 1.57100000 0.43415958
v 0.18597871 1.52900000 0.43415958
v 0.17300000 1.53702129 0.42470958
v 0.17300000 1.56297871 0.42470958
v 0.18597871 1.57100000 0.44584042
v 0.18597871 1.52900000 0.44584042
v 0.17300000 1.53702129 0.45529042
v 0.17300000 1.56297871 0.45529042
v 0.19400000 1.55000000 0.44000000
v 0.11802129 1.57100000 0.43415958
v 0.11802129 1.52900000 0.43415958
v 0.13100000 1.53702129 0.42470958
v 0.13100000 1.56297871 0.42470958
v 0.11802129 1.57100000 0.44584042
v 0.11802129 1.52900000 0.44584042
v 0.13100000 1.53702129 0.45529042
v 0.13100000 1.56297871 0.45529042
v 0.11000000 1.55000000 0.44000000
v 0.14052281 1.59040141 0.44000000
v 0.16347719 1.59040141 0.44000000
v 0.14052281 1.50959859 0.44000000
v 0.16347719 1.50959859 0.44000000
v 0.13377668 1.51376792 0.44491196
v 0.14525387 1.52086122 0.45326868
v 0.14517669 1.51005563 0.44496816
v 0.17022332 1.51376792 0.44491196
v 0.15874613 1.52086122 0.45326868
v 0.15882331 1.51005563 0.44496816
v 0.15200000 1.51427267 0.44993632
v 0.13377668 1.58623208 0.44491196
v 0.14525387 1.57913878 0.45326868
v 0.14517669 1.58994437 0.44496816
v 0.17022332 1.58623208 0.44491196
v 0.15874613 1.57913878 0.45326868
v 0.15882331 1.58994437 0.44496816
v 0.15200000 1.58572733 0.44993632
v 0.15200000 1.53852281 0.45818063
v 0.15200000 1.56147719 0.45818063
v 0.13377668 1.51376792 0.43508804
v 0.14525387 1.52086122 0.42673132
v 0.14517669 1.51005563 0.43503184
v 0.17022332 1.51376792 0.43508804
v 0.15874613 1.52086122 0.42673132
v 0.15882331 1.51005563 0.43503184
v 0.15200000 1.51427267 0.43006368
v 0.13377668 1.58623208 0.43508804
v 0.14525387 1.57913878 0.42673132
v 0.14517669 1.58994437 0.43503184
v 0.17022332 1.58623208 0.43508804
v 0.15874613 1.57913878 0.42673132
v 0.15882331 1.58994437 0.43503184
v 0.15200000 1.58572733 0.43006368
v 0.15200000 1.53852281 0.42181937
v 0.15200000 1.56147719 0.42181937
v 0.18113878 1.57948595 0.43696424
v 0.18823208 1.56091546 0.43179951
v 0.17668698 1.57890402 0.43196135
v 0.18113878 1.52051405 0.43696424
v 0.18823208 1.53908454 0.43179951
v 0.17668698 1.52109598 0.43196135
v 0.16291546 1.53177668 0.42369557
v 0.18148595 1.54325387 0.42688755
v 0.16986367 1.52531302 0.42699319
v 0.16304035 1.54317669 0.42202503
v 0.18090402 1.53213633 0.42889086
v 0.16291546 1.56822332 0.42369557
v 0.18148595 1.55674613 0.42688755
v 0.16986367 1.57468698 0.42699319
v 0.16304035 1.55682331 0.42202503
v 0.18090402 1.56786367 0.42889086
v 0.17408071 1.55000000 0.42392270
v 0.18113878 1.57948595 0.44303576
v 0.18823208 1.56091546 0.44820049
v 0.17668698 1.57890402 0.44803865
v 0.18772733 1.57208071 0.44000000
v 0.18113878 1.52051405 0.44303576
v 0.18823208 1.53908454 0.44820049
v 0.17668698 1.52109598 0.44803865
v 0.18772733 1.52791929 0.44000000
v 0.16291546 1.53177668 0.45630443
v 0.18148595 1.54325387 0.45311245
v 0.16986367 1.52531302 0.45300681
v 0.16304035 1.54317669 0.45797497
v 0.18090402 1.53213633 0.45110914
v 0.16291546 1.56822332 0.45630443
v 0.18148595 1.55674613 0.45311245
v 0.16986367 1.57468698 0.45300681
v 0.16304035 1.55682331 0.45797497
v 0.18090402 1.56786367 0.45110914
v 0.17408071 1.55000000 0.45607730
v 0.19240141 1.55000000 0.43483526
v 0.19240141 1.55000000 0.44516474
v 0.19194437 1.56104035 0.43692951
v 0.19194437 1.53895965 0.43692951
v 0.19194437 1.56104035 0.44307049
v 0.19194437 1.53895965 0.44307049
v 0.12286122 1.57948595 0.43696424
v 0.11576792 1.56091546 0.43179951
v 0.12731302 1.57890402 0.43196135
v 0.12286122 1.52051405 0.43696424
v 0.11576792 1.53908454 0.43179951
v 0.12731302 1.52109598 0.43196135
v 0.14108454 1.53177668 0.42369557
v 0.12251405 1.54325387 0.42688755
v 0.13413633 1.52531302 0.42699319
v 0.14095965 1.54317669 0.42202503
v 0.12309598 1.53213633 0.42889086
v 0.14108454 1.56822332 0.42369557
v 0.12251405 1.55674613 0.42688755
v 0.13413633 1.57468698 0.42699319
v 0.14095965 1.55682331 0.42202503
v 0.12309598 1.56786367 0.42889086
v 0.12991929 1.55000000 0.42392270
v 0.12286122 1.57948595 0.44303576
v 0.11576792 1.56091546 0.44820049
v 0.12731302 1.57890402 0.44803865
v 0.11627267 1.57208071 0.44000000
v 0.12286122 1.52051405 0.44303576
v 0.11576792 1.53908454 0.44820049
v 0.12731302 1.52109598 0.44803865
v 0.11627267 1.52791929 0.44000000
v 0.14108454 1.53177668 0.45630443
v 0.12251405 1.54325387 0.45311245
v 0.13413633 1.52531302 0.45300681
v 0.14095965 1.54317669 0.45797497
v 0.12309598 1.53213633 0.45110914
v 0.14108454 1.56822332 0.45630443
v 0.12251405 1.55674613 0.45311245
v 0.13413633 1.57468698 0.45300681
v 0.14095965 1.55682331 0.45797497
v 0.12309598 1.56786367 0.45110914
v 0.12991929 1.55000000 0.45607730
v 0.11159859 1.55000000 0.43483526
v 0.11159859 1.55000000 0.44516474
v 0.11205563 1.56104035 0.43692951
v 0.11205563 1.53895965 0.43692951
v 0.11205563 1.56104035 0.44307049
v 0.11205563 1.53895965 0.44307049
v 0.13263976 1.59190911 0.46500000
v 0.14736024 1.59190911 0.46500000
v 0.13263976 1.56809089 0.46500000
v 0.14736024 1.56809089 0.46500000
v 0.14000000 1.57263976 0.47690911
v 0.14000000 1.58736024 0.47690911
v 0.14000000 1.57263976 0.45309089
v 0.14000000 1.58736024 0.45309089
v 0.15190911 1.58000000 0.45763976
v 0.15190911 1.58000000 0.47236024
v 0.12809089 1.58000000 0.45763976
v 0.12809089 1.58000000 0.47236024
v 0.14000000 1.59400000 0.46500000
v 0.14000000 1.56600000 0.46500000
v 0.13567376 1.56867376 0.47200000
v 0.14432624 1.56867376 0.47200000
v 0.13567376 1.59132624 0.47200000
v 0.14432624 1.59132624 0.47200000
v 0.14000000 1.58000000 0.47900000
v 0.13567376 1.56867376 0.45800000
v 0.14432624 1.56867376 0.45800000
v 0.13567376 1.59132624 0.45800000
v 0.14432624 1.59132624 0.45800000
v 0.14000000 1.58000000 0.45100000
v 0.15132624 1.58700000 0.46067376
v 0.15132624 1.57300000 0.46067376
v 0.14700000 1.57567376 0.45367376
v 0.14700000 1.58432624 0.45367376
v 0.15132624 1.58700000 0.46932624
v 0.15132624 1.57300000 0.46932624
v 0.14700000 1.57567376 0.47632624
v 0.14700000 1.58432624 0.47632624
v 0.15400000 1.58000000 0.46500000
v 0.12867376 1.58700000 0.46067376
v 0.12867376 1.57300000 0.46067376
v 0.13300000 1.57567376 0.45367376
v 0.13300000 1.58432624 0.45367376
v 0.12867376 1.58700000 0.46932624
v 0.12867376 1.57300000 0.46932624
v 0.13300000 1.57567376 0.47632624
v 0.13300000 1.58432624 0.47632624
v 0.12600000 1.58000000 0.46500000
v 0.13617427 1.59346714 0.46500000
v 0.14382573 1.59346714 0.46500000
v 0.13617427 1.56653286 0.46500000
v 0.14382573 1.56653286 0.46500000
v 0.13392556 1.56792264 0.46863849
v 0.13775129 1.57028707 0.47482865
v 0.13772556 1.56668521 0.46868012
v 0.14607444 1.56792264 0.46863849
v 0.14224871 1.57028707 0.47482865
v 0.14227444 1.56668521 0.46868012
v 0.14000000 1.56809089 0.47236024
v 0.13392556 1.59207736 0.46863849
v 0.13775129 1.58971293 0.47482865
v 0.13772556 1.59331479 0.46868012
v 0.14607444 1.59207736 0.46863849
v 0.14224871 1.58971293 0.47482865
v 0.14227444 1.59331479 0.46868012
v 0.14000000 1.59190911 0.47236024
v 0.14000000 1.57617427 0.47846714
v 0.14000000 1.58382573 0.47846714
v 0.13392556 1.56792264 0.46136151
v 0.13775129 1.57028707 0.45517135
v 0.13772556 1.56668521 0.46131988
v 0.14607444 1.56792264 0.46136151
v 0.14224871 1.57028707 0.45517135
v 0.14227444 1.56668521 0.46131988
v 0.14000000 1.56809089 0.45763976
v 0.13392556 1.59207736 0.46136151
v 0.13775129 1.58971293 0.45517135
v 0.13772556 1.59331479 0.46131988
v 0.14607444 1.59207736 0.46136151
v 0.14224871 1.58971293 0.45517135
v 0.14227444 1.59331479 0.46131988
v 0.14000000 1.59190911 0.45763976
v 0.14000000 1.57617427 0.45153286
v 0.14000000 1.58382573 0.45153286
v 0.14971293 1.58982865 0.46275129
v 0.15207736 1.58363849 0.45892556
v 0.14822899 1.58963467 0.45904544
v 0.14971293 1.57017135 0.46275129
v 0.15207736 1.57636151 0.45892556
v 0.14822899 1.57036533 0.45904544
v 0.14363849 1.57392556 0.45292264
v 0.14982865 1.57775129 0.45528707
v 0.14595456 1.57177101 0.45536533
v 0.14368012 1.57772556 0.45168521
v 0.14963467 1.57404544 0.45677101
v 0.14363849 1.58607444 0.45292264
v 0.14982865 1.58224871 0.45528707
v 0.14595456 1.58822899 0.45536533
v 0.14368012 1.58227444 0.45168521
v 0.14963467 1.58595456 0.45677101
v 0.14736024 1.58000000 0.45309089
v 0.14971293 1.58982865 0.46724871
v 0.15207736 1.58363849 0.47107444
v 0.14822899 1.58963467 0.47095456
v 0.15190911 1.58736024 0.46500000
v 0.14971293 1.57017135 0.46724871
v 0.15207736 1.57636151 0.47107444
v 0.14822899 1.57036533 0.47095456
v 0.15190911 1.57263976 0.46500000
v 0.14363849 1.57392556 0.47707736
v 0.14982865 1.57775129 0.47471293
v 0.14595456 1.57177101 0.47463467
v 0.14368012 1.57772556 0.47831479
v 0.14963467 1.57404544 0.47322899
v 0.14363849 1.58607444 0.47707736
v 0.14982865 1.58224871 0.47471293
v 0.14595456 1.58822899 0.47463467
v 0.14368012 1.58227444 0.47831479
v 0.14963467 1.58595456 0.47322899
v 0.14736024 1.58000000 0.47690911
v 0.15346714 1.58000000 0.46117427
v 0.15346714 1.58000000 0.46882573
v 0.15331479 1.58368012 0.46272556
v 0.15331479 1.57631988 0.46272556
v 0.15331479 1.58368012 0.46727444
v 0.15331479 1.57631988 0.46727444
v 0.13028707 1.58982865 0.46275129
v 0.12792264 1.58363849 0.45892556
v 0.13177101 1.58963467 0.45904544
v 0.13028707 1.57017135 0.46275129
v 0.12792264 1.57636151 0.45892556
v 0.13177101 1.57036533 0.45904544
v 0.13636151 1.57392556 0.45292264
v 0.13017135 1.57775129 0.45528707
v 0.13404544 1.57177101 0.45536533
v 0.13631988 1.57772556 0.45168521
v 0.13036533 1.57404544 0.45677101
v 0.13636151 1.58607444 0.45292264
v 0.13017135 1.58224871 0.45528707
v 0.13404544 1.58822899 0.45536533
v 0.13631988 1.58227444 0.45168521
v 0.13036533 1.58595456 0.45677101
v 0.13263976 1.58000000 0.45309089
v 0.13028707 1.58982865 0.46724871
v 0.12792264 1.58363849 0.47107444
v 0.13177101 1.58963467 0.47095456
v 0.12809089 1.58736024 0.46500000
v 0.13028707 1.57017135 0.46724871
v 0.12792264 1.57636151 0.47107444
v 0.13177101 1.57036533 0.47095456
v 0.12809089 1.57263976 0.46500000
v 0.13636151 1.57392556 0.47707736
v 0.13017135 1.57775129 0.47471293
v 0.13404544 1.57177101 0.47463467
v 0.13631988 1.57772556 0.47831479
v 0.13036533 1.57404544 0.47322899
v 0.13636151 1.58607444 0.47707736
v 0.13017135 1.58224871 0.47471293
v 0.13404544 1.58822899 0.47463467
v 0.13631988 1.58227444 0.47831479
v 0.13036533 1.58595456 0.47322899
v 0.13263976 1.58000000 0.47690911
v 0.12653286 1.58000000 0.46117427
v 0.12653286 1.58000000 0.46882573
v 0.12668521 1.58368012 0.46272556
v 0.12668521 1.57631988 0.46272556
v 0.12668521 1.58368012 0.46727444
v 0.12668521 1.57631988 0.46727444
v -0.03700000 1.36000000 0.40740000
v -0.03608655 1.36000000 0.40280780
v -0.03348528 1.36000000 0.39891472
v -0.02959220 1.36000000 0.39631345
v -0.02500000 1.36000000 0.39540000
v 0.02500000 1.36000000 0.39540000
v 0.02959220 1.36000000 0.39631345
v 0.03348528 1.36000000 0.39891472
v 0.03608655 1.36000000 0.40280780
v 0.03700000 1.36000000 0.40740000
v -0.03608655 1.36324718 0.40415282
v -0.03348528 1.36600000 0.40140000
v -0.02959220 1.36783938 0.39956062
v -0.02500000 1.36848528 0.39891472
v 0.02500000 1.36848528 0.39891472
v 0.02959220 1.36783938 0.39956062
v 0.03348528 1.36600000 0.40140000
v 0.03608655 1.36324718 0.40415282
v -0.03608655 1.36459220 0.40740000
v -0.03348528 1.36848528 0.40740000
v -0.02959220 1.37108655 0.40740000
v -0.02500000 1.37200000 0.40740000
v 0.02500000 1.37200000 0.40740000
v 0.02959220 1.37108655 0.40740000
v 0.03348528 1.36848528 0.40740000
v 0.03608655 1.36459220 0.40740000
v -0.03608655 1.36324718 0.41064718
v -0.03348528 1.36600000 0.41340000
v -0.02959220 1.36783938 0.41523938
v -0.02500000 1.36848528 0.41588528
v 0.02500000 1.36848528 0.41588528
v 0.02959220 1.36783938 0.41523938
v 0.03348528 1.36600000 0.41340000
v 0.03608655 1.36324718 0.41064718
v -0.03608655 1.36000000 0.41199220
v -0.03348528 1.36000000 0.41588528
v -0.02959220 1.36000000 0.41848655
v -0.02500000 1.36000000 0.41940000
v 0.02500000 1.36000000 0.41940000
v 0.02959220 1.36000000 0.41848655
v 0.03348528 1.36000000 0.41588528
v 0.03608655 1.36000000 0.41199220
v -0.03608655 1.35675282 0.41064718
v -0.03348528 1.35400000 0.41340000
v -0.02959220 1.35216062 0.41523938
v -0.02500000 1.35151472 0.41588528
v 0.02500000 1.35151472 0.41588528
v 0.02959220 1.35216062 0.41523938
v 0.03348528 1.35400000 0.41340000
v 0.03608655 1.35675282 0.41064718
v -0.03608655 1.35540780 0.40740000
v -0.03348528 1.35151472 0.40740000
v -0.02959220 1.34891345 0.40740000
v -0.02500000 1.34800000 0.40740000
v 0.02500000 1.34800000 0.40740000
v 0.02959220 1.34891345 0.40740000
v 0.03348528 1.35151472 0.40740000
v 0.03608655 1.35540780 0.40740000
v -0.03608655 1.35675282 0.40415282
v -0.03348528 1.35400000 0.40140000
v -0.02959220 1.35216062 0.39956062
v -0.02500000 1.35151472 0.39891472
v 0.02500000 1.35151472 0.39891472
v 0.02959220 1.35216062 0.39956062
v 0.03348528 1.35400000 0.40140000
v 0.03608655 1.35675282 0.40415282
v -0.24446497 2.00555263 -0.11000000
v 0.24446497 2.00555263 -0.11000000
v -0.24446497 1.21444737 -0.11000000
v 0.24446497 1.21444737 -0.11000000
v 0.00000000 1.36553503 0.28555263
v 0.00000000 1.85446497 0.28555263
v 0.00000000 1.36553503 -0.50555263
v 0.00000000 1.85446497 -0.50555263
v 0.39555263 1.61000000 -0.35446497
v 0.39555263 1.61000000 0.13446497
v -0.39555263 1.61000000 -0.35446497
v -0.39555263 1.61000000 0.13446497
v 0.00000000 2.07500000 -0.11000000
v 0.00000000 1.14500000 -0.11000000
v -0.14369290 1.23380710 0.12250000
v 0.14369290 1.23380710 0.12250000
v -0.14369290 1.98619290 0.12250000
v 0.14369290 1.98619290 0.12250000
v 0.00000000 1.61000000 0.35500000
v -0.14369290 1.23380710 -0.34250000
v 0.14369290 1.23380710 -0.34250000
v -0.14369290 1.98619290 -0.34250000
v 0.14369290 1.98619290 -0.34250000
v 0.00000000 1.61000000 -0.57500000
v 0.37619290 1.84250000 -0.25369290
v 0.37619290 1.37750000 -0.25369290
v 0.23250000 1.46630710 -0.48619290
v 0.23250000 1.75369290 -0.48619290
v 0.37619290 1.84250000 0.03369290
v 0.37619290 1.37750000 0.03369290
v 0.23250000 1.46630710 0.26619290
v 0.23250000 1.75369290 0.26619290
v 0.46500000 1.61000000 -0.11000000
v -0.37619290 1.84250000 -0.25369290
v -0.37619290 1.37750000 -0.25369290
v -0.23250000 1.46630710 -0.48619290
v -0.23250000 1.75369290 -0.48619290
v -0.37619290 1.84250000 0.03369290
v -0.37619290 1.37750000 0.03369290
v -0.23250000 1.46630710 0.26619290
v -0.23250000 1.75369290 0.26619290
v -0.46500000 1.61000000 -0.11000000
v -0.12706894 2.05730134 -0.11000000
v 0.12706894 2.05730134 -0.11000000
v -0.12706894 1.16269866 -0.11000000
v 0.12706894 1.16269866 -0.11000000
v -0.20175818 1.20885916 0.01084974
v -0.07468925 1.28739208 0.21645160
v -0.07554383 1.16775872 0.01223248
v 0.20175818 1.20885916 0.01084974
v 0.07468925 1.28739208 0.21645160
v 0.07554383 1.16775872 0.01223248
v 0.00000000 1.21444737 0.13446497
v -0.20175818 2.01114084 0.01084974
v -0.07468925 1.93260792 0.21645160
v -0.07554383 2.05224128 0.01223248
v 0.20175818 2.01114084 0.01084974
v 0.07468925 1.93260792 0.21645160
v 0.07554383 2.05224128 0.01223248
v 0.00000000 2.00555263 0.13446497
v 0.00000000 1.48293106 0.33730134
v 0.00000000 1.73706894 0.33730134
v -0.20175818 1.20885916 -0.23084974
v -0.07468925 1.28739208 -0.43645160
v -0.07554383 1.16775872 -0.23223248
v 0.20175818 1.20885916 -0.23084974
v 0.07468925 1.28739208 -0.43645160
v 0.07554383 1.16775872 -0.23223248
v 0.00000000 1.21444737 -0.35446497
v -0.20175818 2.01114084 -0.23084974
v -0.07468925 1.93260792 -0.43645160
v -0.07554383 2.05224128 -0.23223248
v 0.20175818 2.01114084 -0.23084974
v 0.07468925 1.93260792 -0.43645160
v 0.07554383 2.05224128 -0.23223248
v 0.00000000 2.00555263 -0.35446497
v 0.00000000 1.48293106 -0.55730134
v 0.00000000 1.73706894 -0.55730134
v 0.32260792 1.93645160 -0.18468925
v 0.40114084 1.73084974 -0.31175818
v 0.27332014 1.93000880 -0.30777631
v 0.32260792 1.28354840 -0.18468925
v 0.40114084 1.48915026 -0.31175818
v 0.27332014 1.28999120 -0.30777631
v 0.12084974 1.40824182 -0.51114084
v 0.32645160 1.53531075 -0.43260792
v 0.19777631 1.33667986 -0.43000880
v 0.12223248 1.53445617 -0.55224128
v 0.32000880 1.41222369 -0.38332014
v 0.12084974 1.81175818 -0.51114084
v 0.32645160 1.68468925 -0.43260792
v 0.19777631 1.88332014 -0.43000880
v 0.12223248 1.68554383 -0.55224128
v 0.32000880 1.80777631 -0.38332014
v 0.24446497 1.61000000 -0.50555263
v 0.32260792 1.93645160 -0.03531075
v 0.40114084 1.73084974 0.09175818
v 0.27332014 1.93000880 0.08777631
v 0.39555263 1.85446497 -0.11000000
v 0.32260792 1.28354840 -0.03531075
v 0.40114084 1.48915026 0.09175818
v 0.27332014 1.28999120 0.08777631
v 0.39555263 1.36553503 -0.11000000
v 0.12084974 1.40824182 0.29114084
v 0.32645160 1.53531075 0.21260792
v 0.19777631 1.33667986 0.21000880
v 0.12223248 1.53445617 0.33224128
v 0.32000880 1.41222369 0.16332014
v 0.12084974 1.81175818 0.29114084
v 0.32645160 1.68468925 0.21260792
v 0.19777631 1.88332014 0.21000880
v 0.12223248 1.68554383 0.33224128
v 0.32000880 1.80777631 0.16332014
v 0.24446497 1.61000000 0.28555263
v 0.44730134 1.61000000 -0.23706894
v 0.44730134 1.61000000 0.01706894
v 0.44224128 1.73223248 -0.18554383
v 0.44224128 1.48776752 -0.18554383
v 0.44224128 1.73223248 -0.03445617
v 0.44224128 1.48776752 -0.03445617
v -0.32260792 1.93645160 -0.18468925
v -0.40114084 1.73084974 -0.31175818
v -0.27332014 1.93000880 -0.30777631
v -0.32260792 1.28354840 -0.18468925
v -0.40114084 1.48915026 -0.31175818
v -0.27332014 1.28999120 -0.30777631
v -0.12084974 1.40824182 -0.51114084
v -0.32645160 1.53531075 -0.43260792
v -0.19777631 1.33667986 -0.43000880
v -0.12223248 1.53445617 -0.55224128
v -0.32000880 1.41222369 -0.38332014
v -0.12084974 1.81175818 -0.51114084
v -0.32645160 1.68468925 -0.43260792
v -0.19777631 1.88332014 -0.43000880
v -0.12223248 1.68554383 -0.55224128
v -0.32000880 1.80777631 -0.38332014
v -0.24446497 1.61000000 -0.50555263
v -0.32260792 1.93645160 -0.03531075
v -0.40114084 1.73084974 0.09175818
v -0.27332014 1.93000880 0.08777631
v -0.39555263 1.85446497 -0.11000000
v -0.32260792 1.28354840 -0.03531075
v -0.40114084 1.48915026 0.09175818
v -0.27332014 1.28999120 0.08777631
v -0.39555263 1.36553503 -0.11000000
v -0.12084974 1.40824182 0.29114084
v -0.32645160 1.53531075 0.21260792
v -0.19777631 1.33667986 0.21000880
v -0.12223248 1.53445617 0.33224128
v -0.32000880 1.41222369 0.16332014
v -0.12084974 1.81175818 0.29114084
v -0.32645160 1.68468925 0.21260792
v -0.19777631 1.88332014 0.21000880
v -0.12223248 1.68554383 0.33224128
v -0.32000880 1.80777631 0.16332014
v -0.24446497 1.61000000 0.28555263
v -0.44730134 1.61000000 -0.23706894
v -0.44730134 1.61000000 0.01706894
v -0.44224128 1.73223248 -0.18554383
v -0.44224128 1.48776752 -0.18554383
v -0.44224128 1.73223248 -0.03445617
v -0.44224128 1.48776752 -0.03445617
v -0.18756024 2.03549519 -0.11000000
v -0.06414779 2.07055408 -0.11000000
v 0.18756024 2.03549519 -0.11000000
v 0.06414779 2.07055408 -0.11000000
v -0.18756024 1.18450481 -0.11000000
v -0.06414779 1.14944592 -0.11000000
v 0.18756024 1.18450481 -0.11000000
v 0.06414779 1.14944592 -0.11000000
v -0.22526536 1.20780786 -0.04899182
v -0.17439293 1.21758116 0.06838039
v -0.16657639 1.18019836 -0.04878025
v -0.03770513 1.32372646 0.25448701
v -0.11024514 1.25722668 0.17217369
v -0.03824275 1.15072492 -0.04812194
v -0.11098477 1.19568197 0.06957713
v -0.10235442 1.16062744 -0.04825150
v -0.14008538 1.18394646 0.01279848
v 0.22526536 1.20780786 -0.04899182
v 0.17439293 1.21758116 0.06838039
v 0.16657639 1.18019836 -0.04878025
v 0.03770513 1.32372646 0.25448701
v 0.11024514 1.25722668 0.17217369
v 0.00000000 1.28314823 0.22074601
v 0.03824275 1.15072492 -0.04812194
v 0.11098477 1.19568197 0.06957713
v 0.10235442 1.16062744 -0.04825150
v 0.00000000 1.16180451 0.01387819
v 0.14008538 1.18394646 0.01279848
v -0.07274203 1.21931728 0.13145520
v 0.07274203 1.21931728 0.13145520
v -0.03773096 1.24720497 0.17841141
v -0.03828046 1.18546314 0.07581728
v 0.03773096 1.24720497 0.17841141
v 0.03828046 1.18546314 0.07581728
v -0.22526536 2.01219214 -0.04899182
v -0.17439293 2.00241884 0.06838039
v -0.16657639 2.03980164 -0.04878025
v -0.03770513 1.89627354 0.25448701
v -0.11024514 1.96277332 0.17217369
v -0.03824275 2.06927508 -0.04812194
v -0.11098477 2.02431803 0.06957713
v -0.10235442 2.05937256 -0.04825150
v -0.14008538 2.03605354 0.01279848
v 0.22526536 2.01219214 -0.04899182
v 0.17439293 2.00241884 0.06838039
v 0.16657639 2.03980164 -0.04878025
v 0.03770513 1.89627354 0.25448701
v 0.11024514 1.96277332 0.17217369
v 0.00000000 1.93685177 0.22074601
v 0.03824275 2.06927508 -0.04812194
v 0.11098477 2.02431803 0.06957713
v 0.10235442 2.05937256 -0.04825150
v 0.00000000 2.05819549 0.01387819
v 0.14008538 2.03605354 0.01279848
v -0.07274203 2.00068272 0.13145520
v 0.07274203 2.00068272 0.13145520
v -0.03773096 1.97279503 0.17841141
v -0.03828046 2.03453686 0.07581728
v 0.03773096 1.97279503 0.17841141
v 0.03828046 2.03453686 0.07581728
v 0.00000000 1.42243976 0.31549519
v 0.00000000 1.54585221 0.35055408
v 0.00000000 1.79756024 0.31549519
v 0.00000000 1.67414779 0.35055408
v -0.22526536 1.20780786 -0.17100818
v -0.17439293 1.21758116 -0.28838039
v -0.16657639 1.18019836 -0.17121975
v -0.03770513 1.32372646 -0.47448701
v -0.11024514 1.25722668 -0.39217369
v -0.03824275 1.15072492 -0.17187806
v -0.11098477 1.19568197 -0.28957713
v -0.10235442 1.16062744 -0.17174850
v -0.14008538 1.18394646 -0.23279848
v 0.22526536 1.20780786 -0.17100818
v 0.17439293 1.21758116 -0.28838039
v 0.16657639 1.18019836 -0.17121975
v 0.03770513 1.32372646 -0.47448701
v 0.11024514 1.25722668 -0.39217369
v 0.00000000 1.28314823 -0.44074601
v 0.03824275 1.15072492 -0.17187806
v 0.11098477 1.19568197 -0.28957713
v 0.10235442 1.16062744 -0.17174850
v 0.00000000 1.16180451 -0.23387819
v 0.14008538 1.18394646 -0.23279848
v -0.07274203 1.21931728 -0.35145520
v 0.07274203 1.21931728 -0.35145520
v -0.03773096 1.24720497 -0.39841141
v -0.03828046 1.18546314 -0.29581728
v 0.03773096 1.24720497 -0.39841141
v 0.03828046 1.18546314 -0.29581728
v -0.22526536 2.01219214 -0.17100818
v -0.17439293 2.00241884 -0.28838039
v -0.16657639 2.03980164 -0.17121975
v -0.03770513 1.89627354 -0.47448701
v -0.11024514 1.96277332 -0.39217369
v -0.03824275 2.06927508 -0.17187806
v -0.11098477 2.02431803 -0.28957713
v -0.10235442 2.05937256 -0.17174850
v -0.14008538 2.03605354 -0.23279848
v 0.22526536 2.01219214 -0.17100818
v 0.17439293 2.00241884 -0.28838039
v 0.16657639 2.03980164 -0.17121975
v 0.03770513 1.89627354 -0.47448701
v 0.11024514 1.96277332 -0.39217369
v 0.00000000 1.93685177 -0.44074601
v 0.03824275 2.06927508 -0.17187806
v 0.11098477 2.02431803 -0.28957713
v 0.10235442 2.05937256 -0.17174850
v 0.00000000 2.05819549 -0.23387819
v 0.14008538 2.03605354 -0.23279848
v -0.07274203 2.00068272 -0.35145520
v 0.07274203 2.00068272 -0.35145520
v -0.03773096 1.97279503 -0.39841141
v -0.03828046 2.03453686 -0.29581728
v 0.03773096 1.97279503 -0.39841141
v 0.03828046 2.03453686 -0.29581728
v 0.00000000 1.42243976 -0.53549519
v 0.00000000 1.54585221 -0.57055408
v 0.00000000 1.79756024 -0.53549519
v 0.00000000 1.67414779 -0.57055408
v 0.28627354 1.97448701 -0.14770513
v 0.35277332 1.89217369 -0.22024514
v 0.26563202 1.97858189 -0.20905563
v 0.40219214 1.67100818 -0.33526536
v 0.39241884 1.78838039 -0.28439293
v 0.21110558 1.96243997 -0.32781988
v 0.32880465 1.88969794 -0.28286284
v 0.23999655 1.97430504 -0.27096115
v 0.30104653 1.93657408 -0.24764214
v 0.28627354 1.24551299 -0.14770513
v 0.35277332 1.32782631 -0.22024514
v 0.26563202 1.24141811 -0.20905563
v 0.40219214 1.54899182 -0.33526536
v 0.39241884 1.43161961 -0.28439293
v 0.21110558 1.25756003 -0.32781988
v 0.32880465 1.33030206 -0.28286284
v 0.23999655 1.24569496 -0.27096115
v 0.30104653 1.28342592 -0.24764214
v 0.06100818 1.38473464 -0.51219214
v 0.17838039 1.43560707 -0.50241884
v 0.09905563 1.34436798 -0.47858189
v 0.06121975 1.44342361 -0.53980164
v 0.36448701 1.57229487 -0.39627354
v 0.28217369 1.49975486 -0.46277332
v 0.36858189 1.51094437 -0.37563202
v 0.17286284 1.28119535 -0.38969794
v 0.21781988 1.39889442 -0.46243997
v 0.13764214 1.30895347 -0.43657408
v 0.23871958 1.30934133 -0.37237821
v 0.16096115 1.37000345 -0.47430504
v 0.06187806 1.57175725 -0.56927508
v 0.17957713 1.49901523 -0.52431803
v 0.06174850 1.50764558 -0.55937256
v 0.12279848 1.46991462 -0.53605354
v 0.35243997 1.39218012 -0.32110558
v 0.27969794 1.43713716 -0.43880465
v 0.36430504 1.44903885 -0.34999655
v 0.30065867 1.34762179 -0.34871958
v 0.32657408 1.47235786 -0.41104653
v 0.26237821 1.37128042 -0.41065867
v 0.06100818 1.83526536 -0.51219214
v 0.17838039 1.78439293 -0.50241884
v 0.09905563 1.87563202 -0.47858189
v 0.06121975 1.77657639 -0.53980164
v 0.36448701 1.64770513 -0.39627354
v 0.28217369 1.72024514 -0.46277332
v 0.36858189 1.70905563 -0.37563202
v 0.33074601 1.61000000 -0.43685177
v 0.17286284 1.93880465 -0.38969794
v 0.21781988 1.82110558 -0.46243997
v 0.13764214 1.91104653 -0.43657408
v 0.23871958 1.91065867 -0.37237821
v 0.16096115 1.84999655 -0.47430504
v 0.06187806 1.64824275 -0.56927508
v 0.17957713 1.72098477 -0.52431803
v 0.06174850 1.71235442 -0.55937256
v 0.12387819 1.61000000 -0.55819549
v 0.12279848 1.75008538 -0.53605354
v 0.35243997 1.82781988 -0.32110558
v 0.27969794 1.78286284 -0.43880465
v 0.36430504 1.77096115 -0.34999655
v 0.30065867 1.87237821 -0.34871958
v 0.32657408 1.74764214 -0.41104653
v 0.26237821 1.84871958 -0.41065867
v 0.24145520 1.53725797 -0.50068272
v 0.24145520 1.68274203 -0.50068272
v 0.28841141 1.57226904 -0.47279503
v 0.18581728 1.57171954 -0.53453686
v 0.28841141 1.64773096 -0.47279503
v 0.18581728 1.64828046 -0.53453686
v 0.28627354 1.97448701 -0.07229487
v 0.35277332 1.89217369 0.00024514
v 0.26563202 1.97858189 -0.01094437
v 0.32685177 1.94074601 -0.11000000
v 0.40219214 1.67100818 0.11526536
v 0.39241884 1.78838039 0.06439293
v 0.21110558 1.96243997 0.10781988
v 0.32880465 1.88969794 0.06286284
v 0.23999655 1.97430504 0.05096115
v 0.30104653 1.93657408 0.02764214
v 0.39068272 1.85145520 -0.18274203
v 0.39068272 1.85145520 -0.03725797
v 0.36279503 1.89841141 -0.14773096
v 0.36279503 1.89841141 -0.07226904
v 0.28627354 1.24551299 -0.07229487
v 0.35277332 1.32782631 0.00024514
v 0.26563202 1.24141811 -0.01094437
v 0.32685177 1.27925399 -0.11000000
v 0.40219214 1.54899182 0.11526536
v 0.39241884 1.43161961 0.06439293
v 0.21110558 1.25756003 0.10781988
v 0.32880465 1.33030206 0.06286284
v 0.23999655 1.24569496 0.05096115
v 0.30104653 1.28342592 0.02764214
v 0.39068272 1.36854480 -0.18274203
v 0.39068272 1.36854480 -0.03725797
v 0.36279503 1.32158859 -0.14773096
v 0.36279503 1.32158859 -0.07226904
v 0.06100818 1.38473464 0.29219214
v 0.17838039 1.43560707 0.28241884
v 0.09905563 1.34436798 0.25858189
v 0.06121975 1.44342361 0.31980164
v 0.36448701 1.57229487 0.17627354
v 0.28217369 1.49975486 0.24277332
v 0.36858189 1.51094437 0.15563202
v 0.17286284 1.28119535 0.16969794
v 0.21781988 1.39889442 0.24243997
v 0.13764214 1.30895347 0.21657408
v 0.23871958 1.30934133 0.15237821
v 0.16096115 1.37000345 0.25430504
v 0.06187806 1.57175725 0.34927508
v 0.17957713 1.49901523 0.30431803
v 0.06174850 1.50764558 0.33937256
v 0.12279848 1.46991462 0.31605354
v 0.35243997 1.39218012 0.10110558
v 0.27969794 1.43713716 0.21880465
v 0.36430504 1.44903885 0.12999655
v 0.30065867 1.34762179 0.12871958
v 0.32657408 1.47235786 0.19104653
v 0.26237821 1.37128042 0.19065867
v 0.06100818 1.83526536 0.29219214
v 0.17838039 1.78439293 0.28241884
v 0.09905563 1.87563202 0.25858189
v 0.06121975 1.77657639 0.31980164
v 0.36448701 1.64770513 0.17627354
v 0.28217369 1.72024514 0.24277332
v 0.36858189 1.70905563 0.15563202
v 0.33074601 1.61000000 0.21685177
v 0.17286284 1.93880465 0.16969794
v 0.21781988 1.82110558 0.24243997
v 0.13764214 1.91104653 0.21657408
v 0.23871958 1.91065867 0.15237821
v 0.16096115 1.84999655 0.25430504
v 0.06187806 1.64824275 0.34927508
v 0.17957713 1.72098477 0.30431803
v 0.06174850 1.71235442 0.33937256
v 0.12387819 1.61000000 0.33819549
v 0.12279848 1.75008538 0.31605354
v 0.35243997 1.82781988 0.10110558
v 0.27969794 1.78286284 0.21880465
v 0.36430504 1.77096115 0.12999655
v 0.30065867 1.87237821 0.12871958
v 0.32657408 1.74764214 0.19104653
v 0.26237821 1.84871958 0.19065867
v 0.24145520 1.53725797 0.28068272
v 0.24145520 1.68274203 0.28068272
v 0.28841141 1.57226904 0.25279503
v 0.18581728 1.57171954 0.31453686
v 0.28841141 1.64773096 0.25279503
v 0.18581728 1.64828046 0.31453686
v 0.42549519 1.61000000 -0.29756024
v 0.46055408 1.61000000 -0.17414779
v 0.42980164 1.67121975 -0.27657639
v 0.42980164 1.54878025 -0.27657639
v 0.42549519 1.61000000 0.07756024
v 0.46055408 1.61000000 -0.04585221
v 0.42980164 1.67121975 0.05657639
v 0.42980164 1.54878025 0.05657639
v 0.41431803 1.78957713 -0.22098477
v 0.45927508 1.67187806 -0.14824275
v 0.42605354 1.73279848 -0.25008538
v 0.42453686 1.79581728 -0.14828046
v 0.44937256 1.67174850 -0.21235442
v 0.41431803 1.43042287 -0.22098477
v 0.45927508 1.54812194 -0.14824275
v 0.42605354 1.48720152 -0.25008538
v 0.42453686 1.42418272 -0.14828046
v 0.44937256 1.54825150 -0.21235442
v 0.41431803 1.78957713 0.00098477
v 0.45927508 1.67187806 -0.07175725
v 0.42605354 1.73279848 0.03008538
v 0.42453686 1.79581728 -0.07171954
v 0.44937256 1.67174850 -0.00764558
v 0.44819549 1.73387819 -0.11000000
v 0.41431803 1.43042287 0.00098477
v 0.45927508 1.54812194 -0.07175725
v 0.42605354 1.48720152 0.03008538
v 0.42453686 1.42418272 -0.07171954
v 0.44937256 1.54825150 -0.00764558
v 0.44819549 1.48612181 -0.11000000
v -0.28627354 1.97448701 -0.14770513
v -0.35277332 1.89217369 -0.22024514
v -0.26563202 1.97858189 -0.20905563
v -0.40219214 1.67100818 -0.33526536
v -0.39241884 1.78838039 -0.28439293
v -0.21110558 1.96243997 -0.32781988
v -0.32880465 1.88969794 -0.28286284
v -0.23999655 1.97430504 -0.27096115
v -0.30104653 1.93657408 -0.24764214
v -0.28627354 1.24551299 -0.14770513
v -0.35277332 1.32782631 -0.22024514
v -0.26563202 1.24141811 -0.20905563
v -0.40219214 1.54899182 -0.33526536
v -0.39241884 1.43161961 -0.28439293
v -0.21110558 1.25756003 -0.32781988
v -0.32880465 1.33030206 -0.28286284
v -0.23999655 1.24569496 -0.27096115
v -0.30104653 1.28342592 -0.24764214
v -0.06100818 1.38473464 -0.51219214
v -0.17838039 1.43560707 -0.50241884
v -0.09905563 1.34436798 -0.47858189
v -0.06121975 1.44342361 -0.53980164
v -0.36448701 1.57229487 -0.39627354
v -0.28217369 1.49975486 -0.46277332
v -0.36858189 1.51094437 -0.37563202
v -0.17286284 1.28119535 -0.38969794
v -0.21781988 1.39889442 -0.46243997
v -0.13764214 1.30895347 -0.43657408
v -0.23871958 1.30934133 -0.37237821
v -0.16096115 1.37000345 -0.47430504
v -0.06187806 1.57175725 -0.56927508
v -0.17957713 1.49901523 -0.52431803
v -0.06174850 1.50764558 -0.55937256
v -0.12279848 1.46991462 -0.53605354
v -0.35243997 1.39218012 -0.32110558
v -0.27969794 1.43713716 -0.43880465
v -0.36430504 1.44903885 -0.34999655
v -0.30065867 1.34762179 -0.34871958
v -0.32657408 1.47235786 -0.41104653
v -0.26237821 1.37128042 -0.41065867
v -0.06100818 1.83526536 -0.51219214
v -0.17838039 1.78439293 -0.50241884
v -0.09905563 1.87563202 -0.47858189
v -0.06121975 1.77657639 -0.53980164
v -0.36448701 1.64770513 -0.39627354
v -0.28217369 1.72024514 -0.46277332
v -0.36858189 1.70905563 -0.37563202
v -0.33074601 1.61000000 -0.43685177
v -0.17286284 1.93880465 -0.38969794
v -0.21781988 1.82110558 -0.46243997
v -0.13764214 1.91104653 -0.43657408
v -0.23871958 1.91065867 -0.37237821
v -0.16096115 1.84999655 -0.47430504
v -0.06187806 1.64824275 -0.56927508
v -0.17957713 1.72098477 -0.52431803
v -0.06174850 1.71235442 -0.55937256
v -0.12387819 1.61000000 -0.55819549
v -0.12279848 1.75008538 -0.53605354
v -0.35243997 1.82781988 -0.32110558
v -0.27969794 1.78286284 -0.43880465
v -0.36430504 1.77096115 -0.34999655
v -0.30065867 1.87237821 -0.34871958
v -0.32657408 1.74764214 -0.41104653
v -0.26237821 1.84871958 -0.41065867
v -0.24145520 1.53725797 -0.50068272
v -0.24145520 1.68274203 -0.50068272
v -0.28841141 1.57226904 -0.47279503
v -0.18581728 1.57171954 -0.53453686
v -0.28841141 1.64773096 -0.47279503
v -0.18581728 1.64828046 -0.53453686
v -0.28627354 1.97448701 -0.07229487
v -0.35277332 1.89217369 0.00024514
v -0.26563202 1.97858189 -0.01094437
v -0.32685177 1.94074601 -0.11000000
v -0.40219214 1.67100818 0.11526536
v -0.39241884 1.78838039 0.06439293
v -0.21110558 1.96243997 0.10781988
v -0.32880465 1.88969794 0.06286284
v -0.23999655 1.97430504 0.05096115
v -0.30104653 1.93657408 0.02764214
v -0.39068272 1.85145520 -0.18274203
v -0.39068272 1.85145520 -0.03725797
v -0.36279503 1.89841141 -0.14773096
v -0.36279503 1.89841141 -0.07226904
v -0.28627354 1.24551299 -0.07229487
v -0.35277332 1.32782631 0.00024514
v -0.26563202 1.24141811 -0.01094437
v -0.32685177 1.27925399 -0.11000000
v -0.40219214 1.54899182 0.11526536
v -0.39241884 1.43161961 0.06439293
v -0.21110558 1.25756003 0.10781988
v -0.32880465 1.33030206 0.06286284
v -0.23999655 1.24569496 0.05096115
v -0.30104653 1.28342592 0.02764214
v -0.39068272 1.36854480 -0.18274203
v -0.39068272 1.36854480 -0.03725797
v -0.36279503 1.32158859 -0.14773096
v -0.36279503 1.32158859 -0.07226904
v -0.06100818 1.38473464 0.29219214
v -0.17838039 1.43560707 0.28241884
v -0.09905563 1.34436798 0.25858189
v -0.06121975 1.44342361 0.31980164
v -0.36448701 1.57229487 0.17627354
v -0.28217369 1.49975486 0.24277332
v -0.36858189 1.51094437 0.15563202
v -0.17286284 1.28119535 0.16969794
v -0.21781988 1.39889442 0.24243997
v -0.13764214 1.30895347 0.21657408
v -0.23871958 1.30934133 0.15237821
v -0.16096115 1.37000345 0.25430504
v -0.06187806 1.57175725 0.34927508
v -0.17957713 1.49901523 0.30431803
v -0.06174850 1.50764558 0.33937256
v -0.12279848 1.46991462 0.31605354
v -0.35243997 1.39218012 0.10110558
v -0.27969794 1.43713716 0.21880465
v -0.36430504 1.44903885 0.12999655
v -0.30065867 1.34762179 0.12871958
v -0.32657408 1.47235786 0.19104653
v -0.26237821 1.37128042 0.19065867
v -0.06100818 1.83526536 0.29219214
v -0.17838039 1.78439293 0.28241884
v -0.09905563 1.87563202 0.25858189
v -0.06121975 1.77657639 0.31980164
v -0.36448701 1.64770513 0.17627354
v -0.28217369 1.72024514 0.24277332
v -0.36858189 1.70905563 0.15563202
v -0.33074601 1.61000000 0.21685177
v -0.17286284 1.93880465 0.16969794
v -0.21781988 1.82110558 0.24243997
v -0.13764214 1.91104653 0.21657408
v -0.23871958 1.91065867 0.15237821
v -0.16096115 1.84999655 0.25430504
v -0.06187806 1.64824275 0.34927508
v -0.17957713 1.72098477 0.30431803
v -0.06174850 1.71235442 0.33937256
v -0.12387819 1.61000000 0.33819549
v -0.12279848 1.75008538 0.31605354
v -0.35243997 1.82781988 0.10110558
v -0.27969794 1.78286284 0.21880465
v -0.36430504 1.77096115 0.12999655
v -0.30065867 1.87237821 0.12871958
v -0.32657408 1.74764214 0.19104653
v -0.26237821 1.84871958 0.19065867
v -0.24145520 1.53725797 0.28068272
v -0.24145520 1.68274203 0.28068272
v -0.28841141 1.57226904 0.25279503
v -0.18581728 1.57171954 0.31453686
v -0.28841141 1.64773096 0.25279503
v -0.18581728 1.64828046 0.31453686
v -0.42549519 1.61000000 -0.29756024
v -0.46055408 1.61000000 -0.17414779
v -0.42980164 1.67121975 -0.27657639
v -0.42980164 1.54878025 -0.27657639
v -0.42549519 1.61000000 0.07756024
v -0.46055408 1.61000000 -0.04585221
v -0.42980164 1.67121975 0.05657639
v -0.42980164 1.54878025 0.05657639
v -0.41431803 1.78957713 -0.22098477
v -0.45927508 1.67187806 -0.14824275
v -0.42605354 1.73279848 -0.25008538
v -0.42453686 1.79581728 -0.14828046
v -0.44937256 1.67174850 -0.21235442
v -0.41431803 1.43042287 -0.22098477
v -0.45927508 1.54812194 -0.14824275
v -0.42605354 1.48720152 -0.25008538
v -0.42453686 1.42418272 -0.14828046
v -0.44937256 1.54825150 -0.21235442
v -0.41431803 1.78957713 0.00098477
v -0.45927508 1.67187806 -0.07175725
v -0.42605354 1.73279848 0.03008538
v -0.42453686 1.79581728 -0.07171954
v -0.44937256 1.67174850 -0.00764558
v -0.44819549 1.73387819 -0.11000000
v -0.41431803 1.43042287 0.00098477
v -0.45927508 1.54812194 -0.07175725
v -0.42605354 1.48720152 0.03008538
v -0.42453686 1.42418272 -0.07171954
v -0.44937256 1.54825150 -0.00764558
v -0.44819549 1.48612181 -0.11000000
v -0.23657900 1.98077300 0.02000000
v 0.23657900 1.98077300 0.02000000
v -0.23657900 1.65922700 0.02000000
v 0.23657900 1.65922700 0.02000000
v 0.00000000 1.72063682 0.39513701
v 0.00000000 1.91936318 0.39513701
v 0.00000000 1.72063682 -0.35513701
v 0.00000000 1.91936318 -0.35513701
v 0.38279286 1.82000000 -0.21184742
v 0.38279286 1.82000000 0.25184742
v -0.38279286 1.82000000 -0.21184742
v -0.38279286 1.82000000 0.25184742
v 0.00000000 2.00900000 0.02000000
v 0.00000000 1.63100000 0.02000000
v -0.13905765 1.66709579 0.24050000
v 0.13905765 1.66709579 0.24050000
v -0.13905765 1.97290421 0.24050000
v 0.13905765 1.97290421 0.24050000
v 0.00000000 1.82000000 0.46100000
v -0.13905765 1.66709579 -0.20050000
v 0.13905765 1.66709579 -0.20050000
v -0.13905765 1.97290421 -0.20050000
v 0.13905765 1.97290421 -0.20050000
v 0.00000000 1.82000000 -0.42100000
v 0.36405765 1.91450000 -0.11627649
v 0.36405765 1.72550000 -0.11627649
v 0.22500000 1.76159579 -0.33677649
v 0.22500000 1.87840421 -0.33677649
v 0.36405765 1.91450000 0.15627649
v 0.36405765 1.72550000 0.15627649
v 0.22500000 1.76159579 0.37677649
v 0.22500000 1.87840421 0.37677649
v 0.45000000 1.82000000 0.02000000
v -0.36405765 1.91450000 -0.11627649
v -0.36405765 1.72550000 -0.11627649
v -0.22500000 1.76159579 -0.33677649
v -0.22500000 1.87840421 -0.33677649
v -0.36405765 1.91450000 0.15627649
v -0.36405765 1.72550000 0.15627649
v -0.22500000 1.76159579 0.37677649
v -0.22500000 1.87840421 0.37677649
v -0.45000000 1.82000000 0.02000000
v -0.12296994 2.00180635 0.02000000
v 0.12296994 2.00180635 0.02000000
v -0.12296994 1.63819365 0.02000000
v 0.12296994 1.63819365 0.02000000
v -0.19524985 1.65695566 0.13461233
v -0.07227992 1.68887549 0.32960248
v -0.07310693 1.64025032 0.13592371
v 0.19524985 1.65695566 0.13461233
v 0.07227992 1.68887549 0.32960248
v 0.07310693 1.64025032 0.13592371
v 0.00000000 1.65922700 0.25184742
v -0.19524985 1.98304434 0.13461233
v -0.07227992 1.95112451 0.32960248
v -0.07310693 1.99974968 0.13592371
v 0.19524985 1.98304434 0.13461233
v 0.07227992 1.95112451 0.32960248
v 0.07310693 1.99974968 0.13592371
v 0.00000000 1.98077300 0.25184742
v 0.00000000 1.76835263 0.44421482
v 0.00000000 1.87164737 0.44421482
v -0.19524985 1.65695566 -0.09461233
v -0.07227992 1.68887549 -0.28960248
v -0.07310693 1.64025032 -0.09592371
v 0.19524985 1.65695566 -0.09461233
v 0.07227992 1.68887549 -0.28960248
v 0.07310693 1.64025032 -0.09592371
v 0.00000000 1.65922700 -0.21184742
v -0.19524985 1.98304434 -0.09461233
v -0.07227992 1.95112451 -0.28960248
v -0.07310693 1.99974968 -0.09592371
v 0.19524985 1.98304434 -0.09461233
v 0.07227992 1.95112451 -0.28960248
v 0.07310693 1.99974968 -0.09592371
v 0.00000000 1.98077300 -0.21184742
v 0.00000000 1.76835263 -0.40421482
v 0.00000000 1.87164737 -0.40421482
v 0.31220121 1.95268678 -0.05083432
v 0.38820082 1.86911957 -0.17134486
v 0.26450336 1.95006809 -0.16756850
v 0.31220121 1.68731322 -0.05083432
v 0.38820082 1.77088043 -0.17134486
v 0.26450336 1.68993191 -0.16756850
v 0.11695136 1.73799506 -0.36043680
v 0.31592090 1.78964244 -0.28595719
v 0.19139643 1.70890859 -0.28349221
v 0.11828950 1.78929509 -0.39941592
v 0.30968593 1.73961350 -0.23921330
v 0.11695136 1.90200494 -0.36043680
v 0.31592090 1.85035756 -0.28595719
v 0.19139643 1.93109141 -0.28349221
v 0.11828950 1.85070491 -0.39941592
v 0.30968593 1.90038650 -0.23921330
v 0.23657900 1.82000000 -0.35513701
v 0.31220121 1.95268678 0.09083432
v 0.38820082 1.86911957 0.21134486
v 0.26450336 1.95006809 0.20756850
v 0.38279286 1.91936318 0.02000000
v 0.31220121 1.68731322 0.09083432
v 0.38820082 1.77088043 0.21134486
v 0.26450336 1.68993191 0.20756850
v 0.38279286 1.72063682 0.02000000
v 0.11695136 1.73799506 0.40043680
v 0.31592090 1.78964244 0.32595719
v 0.19139643 1.70890859 0.32349221
v 0.11828950 1.78929509 0.43941592
v 0.30968593 1.73961350 0.27921330
v 0.11695136 1.90200494 0.40043680
v 0.31592090 1.85035756 0.32595719
v 0.19139643 1.93109141 0.32349221
v 0.11828950 1.85070491 0.43941592
v 0.30968593 1.90038650 0.27921330
v 0.23657900 1.82000000 0.39513701
v 0.43287226 1.82000000 -0.10051054
v 0.43287226 1.82000000 0.14051054
v 0.42797543 1.86968159 -0.05164479
v 0.42797543 1.77031841 -0.05164479
v 0.42797543 1.86968159 0.09164479
v 0.42797543 1.77031841 0.09164479
v -0.31220121 1.95268678 -0.05083432
v -0.38820082 1.86911957 -0.17134486
v -0.26450336 1.95006809 -0.16756850
v -0.31220121 1.68731322 -0.05083432
v -0.38820082 1.77088043 -0.17134486
v -0.26450336 1.68993191 -0.16756850
v -0.11695136 1.73799506 -0.36043680
v -0.31592090 1.78964244 -0.28595719
v -0.19139643 1.70890859 -0.28349221
v -0.11828950 1.78929509 -0.39941592
v -0.30968593 1.73961350 -0.23921330
v -0.11695136 1.90200494 -0.36043680
v -0.31592090 1.85035756 -0.28595719
v -0.19139643 1.93109141 -0.28349221
v -0.11828950 1.85070491 -0.39941592
v -0.30968593 1.90038650 -0.23921330
v -0.23657900 1.82000000 -0.35513701
v -0.31220121 1.95268678 0.09083432
v -0.38820082 1.86911957 0.21134486
v -0.26450336 1.95006809 0.20756850
v -0.38279286 1.91936318 0.02000000
v -0.31220121 1.68731322 0.09083432
v -0.38820082 1.77088043 0.21134486
v -0.26450336 1.68993191 0.20756850
v -0.38279286 1.72063682 0.02000000
v -0.11695136 1.73799506 0.40043680
v -0.31592090 1.78964244 0.32595719
v -0.19139643 1.70890859 0.32349221
v -0.11828950 1.78929509 0.43941592
v -0.30968593 1.73961350 0.27921330
v -0.11695136 1.90200494 0.40043680
v -0.31592090 1.85035756 0.32595719
v -0.19139643 1.93109141 0.32349221
v -0.11828950 1.85070491 0.43941592
v -0.30968593 1.90038650 0.27921330
v -0.23657900 1.82000000 0.39513701
v -0.43287226 1.82000000 -0.10051054
v -0.43287226 1.82000000 0.14051054
v -0.42797543 1.86968159 -0.05164479
v -0.42797543 1.77031841 -0.05164479
v -0.42797543 1.86968159 0.09164479
v -0.42797543 1.77031841 0.09164479
v -0.18150991 1.99294321 0.02000000
v -0.06207851 2.00719295 0.02000000
v 0.18150991 1.99294321 0.02000000
v 0.06207851 2.00719295 0.02000000
v -0.18150991 1.64705679 0.02000000
v -0.06207851 1.63280705 0.02000000
v 0.18150991 1.64705679 0.02000000
v 0.06207851 1.63280705 0.02000000
v -0.21799874 1.65652836 0.07785937
v -0.16876736 1.66050073 0.18917366
v -0.16120296 1.64530643 0.07806002
v -0.03648883 1.70364366 0.36567478
v -0.10668885 1.67661472 0.28760989
v -0.03700911 1.63332690 0.07868436
v -0.10740462 1.65159977 0.19030864
v -0.09905266 1.63735180 0.07856148
v -0.13556650 1.64682985 0.13646049
v 0.21799874 1.65652836 0.07785937
v 0.16876736 1.66050073 0.18917366
v 0.16120296 1.64530643 0.07806002
v 0.03648883 1.70364366 0.36567478
v 0.10668885 1.67661472 0.28760989
v 0.00000000 1.68715057 0.33367525
v 0.03700911 1.63332690 0.07868436
v 0.10740462 1.65159977 0.19030864
v 0.09905266 1.63735180 0.07856148
v 0.00000000 1.63783022 0.13748447
v 0.13556650 1.64682985 0.13646049
v -0.07039551 1.66120638 0.24899299
v 0.07039551 1.66120638 0.24899299
v -0.03651383 1.67254137 0.29352566
v -0.03704561 1.64744631 0.19622671
v 0.03651383 1.67254137 0.29352566
v 0.03704561 1.64744631 0.19622671
v -0.21799874 1.98347164 0.07785937
v -0.16876736 1.97949927 0.18917366
v -0.16120296 1.99469357 0.07806002
v -0.03648883 1.93635634 0.36567478
v -0.10668885 1.96338528 0.28760989
v -0.03700911 2.00667310 0.07868436
v -0.10740462 1.98840023 0.19030864
v -0.09905266 2.00264820 0.07856148
v -0.13556650 1.99317015 0.13646049
v 0.21799874 1.98347164 0.07785937
v 0.16876736 1.97949927 0.18917366
v 0.16120296 1.99469357 0.07806002
v 0.03648883 1.93635634 0.36567478
v 0.10668885 1.96338528 0.28760989
v 0.00000000 1.95284943 0.33367525
v 0.03700911 2.00667310 0.07868436
v 0.10740462 1.98840023 0.19030864
v 0.09905266 2.00264820 0.07856148
v 0.00000000 2.00216978 0.13748447
v 0.13556650 1.99317015 0.13646049
v -0.07039551 1.97879362 0.24899299
v 0.07039551 1.97879362 0.24899299
v -0.03651383 1.96745863 0.29352566
v -0.03704561 1.99255369 0.19622671
v 0.03651383 1.96745863 0.29352566
v 0.03704561 1.99255369 0.19622671
v 0.00000000 1.74376584 0.42353415
v 0.00000000 1.79392703 0.45678355
v 0.00000000 1.89623416 0.42353415
v 0.00000000 1.84607297 0.45678355
v -0.21799874 1.65652836 -0.03785937
v -0.16876736 1.66050073 -0.14917366
v -0.16120296 1.64530643 -0.03806002
v -0.03648883 1.70364366 -0.32567478
v -0.10668885 1.67661472 -0.24760989
v -0.03700911 1.63332690 -0.03868436
v -0.10740462 1.65159977 -0.15030864
v -0.09905266 1.63735180 -0.03856148
v -0.13556650 1.64682985 -0.09646049
v 0.21799874 1.65652836 -0.03785937
v 0.16876736 1.66050073 -0.14917366
v 0.16120296 1.64530643 -0.03806002
v 0.03648883 1.70364366 -0.32567478
v 0.10668885 1.67661472 -0.24760989
v 0.00000000 1.68715057 -0.29367525
v 0.03700911 1.63332690 -0.03868436
v 0.10740462 1.65159977 -0.15030864
v 0.09905266 1.63735180 -0.03856148
v 0.00000000 1.63783022 -0.09748447
v 0.13556650 1.64682985 -0.09646049
v -0.07039551 1.66120638 -0.20899299
v 0.07039551 1.66120638 -0.20899299
v -0.03651383 1.67254137 -0.25352566
v -0.03704561 1.64744631 -0.15622671
v 0.03651383 1.67254137 -0.25352566
v 0.03704561 1.64744631 -0.15622671
v -0.21799874 1.98347164 -0.03785937
v -0.16876736 1.97949927 -0.14917366
v -0.16120296 1.99469357 -0.03806002
v -0.03648883 1.93635634 -0.32567478
v -0.10668885 1.96338528 -0.24760989
v -0.03700911 2.00667310 -0.03868436
v -0.10740462 1.98840023 -0.15030864
v -0.09905266 2.00264820 -0.03856148
v -0.13556650 1.99317015 -0.09646049
v 0.21799874 1.98347164 -0.03785937
v 0.16876736 1.97949927 -0.14917366
v 0.16120296 1.99469357 -0.03806002
v 0.03648883 1.93635634 -0.32567478
v 0.10668885 1.96338528 -0.24760989
v 0.00000000 1.95284943 -0.29367525
v 0.03700911 2.00667310 -0.03868436
v 0.10740462 1.98840023 -0.15030864
v 0.09905266 2.00264820 -0.03856148
v 0.00000000 2.00216978 -0.09748447
v 0.13556650 1.99317015 -0.09646049
v -0.07039551 1.97879362 -0.20899299
v 0.07039551 1.97879362 -0.20899299
v -0.03651383 1.96745863 -0.25352566
v -0.03704561 1.99255369 -0.15622671
v 0.03651383 1.96745863 -0.25352566
v 0.03704561 1.99255369 -0.15622671
v 0.00000000 1.74376584 -0.38353415
v 0.00000000 1.79392703 -0.41678355
v 0.00000000 1.89623416 -0.38353415
v 0.00000000 1.84607297 -0.41678355
v 0.27703891 1.96814634 -0.01575906
v 0.34139354 1.93468995 -0.08455507
v 0.25706325 1.96981070 -0.07394308
v 0.38921820 1.84479687 -0.19363876
v 0.37976016 1.89250300 -0.14539201
v 0.20429572 1.96324979 -0.18657756
v 0.31819805 1.93368368 -0.14394088
v 0.23225473 1.96807237 -0.13265348
v 0.29133535 1.95273656 -0.11053803
v 0.27703891 1.67185366 -0.01575906
v 0.34139354 1.70531005 -0.08455507
v 0.25706325 1.67018930 -0.07394308
v 0.38921820 1.79520313 -0.19363876
v 0.37976016 1.74749700 -0.14539201
v 0.20429572 1.67675021 -0.18657756
v 0.31819805 1.70631632 -0.14394088
v 0.23225473 1.67192763 -0.13265348
v 0.29133535 1.68726344 -0.11053803
v 0.05904017 1.72844053 -0.36143384
v 0.17262618 1.74911771 -0.35216496
v 0.09586029 1.71203344 -0.32955831
v 0.05924492 1.75229476 -0.38761833
v 0.35272937 1.80467469 -0.25149813
v 0.27307132 1.77519068 -0.31456566
v 0.35669215 1.77973868 -0.23192198
v 0.16728662 1.68635682 -0.24526192
v 0.21079343 1.73419580 -0.31424952
v 0.13320207 1.69763915 -0.28971864
v 0.23101895 1.69779680 -0.22883611
v 0.15576886 1.72245301 -0.32550220
v 0.05988200 1.80445617 -0.41557056
v 0.17378432 1.77489006 -0.37293388
v 0.05975661 1.77839788 -0.40617914
v 0.11883724 1.76306207 -0.38406368
v 0.34107094 1.73146676 -0.18020981
v 0.27067543 1.74973962 -0.29183409
v 0.35255326 1.75457708 -0.20760963
v 0.29096001 1.71335595 -0.20639857
v 0.31603943 1.76405513 -0.26550865
v 0.25391440 1.72297204 -0.26514081
v 0.05904017 1.91155947 -0.36143384
v 0.17262618 1.89088229 -0.35216496
v 0.09586029 1.92796656 -0.32955831
v 0.05924492 1.88770524 -0.38761833
v 0.35272937 1.83532531 -0.25149813
v 0.27307132 1.86480932 -0.31456566
v 0.35669215 1.86026132 -0.23192198
v 0.32007678 1.82000000 -0.28998200
v 0.16728662 1.95364318 -0.24526192
v 0.21079343 1.90580420 -0.31424952
v 0.13320207 1.94236085 -0.28971864
v 0.23101895 1.94220320 -0.22883611
v 0.15576886 1.91754699 -0.32550220
v 0.05988200 1.83554383 -0.41557056
v 0.17378432 1.86510994 -0.37293388
v 0.05975661 1.86160212 -0.40617914
v 0.11988212 1.82000000 -0.40506282
v 0.11883724 1.87693793 -0.38406368
v 0.34107094 1.90853324 -0.18020981
v 0.27067543 1.89026038 -0.29183409
v 0.35255326 1.88542292 -0.20760963
v 0.29096001 1.92664405 -0.20639857
v 0.31603943 1.87594487 -0.26550865
v 0.25391440 1.91702796 -0.26514081
v 0.23366632 1.79043389 -0.35051845
v 0.23366632 1.84956611 -0.35051845
v 0.27910781 1.80466419 -0.32407013
v 0.17982317 1.80444084 -0.38262528
v 0.27910781 1.83533581 -0.32407013
v 0.17982317 1.83555916 -0.38262528
v 0.27703891 1.96814634 0.05575906
v 0.34139354 1.93468995 0.12455507
v 0.25706325 1.96981070 0.11394308
v 0.31630816 1.95443225 0.02000000
v 0.38921820 1.84479687 0.23363876
v 0.37976016 1.89250300 0.18539201
v 0.20429572 1.96324979 0.22657756
v 0.31819805 1.93368368 0.18394088
v 0.23225473 1.96807237 0.17265348
v 0.29133535 1.95273656 0.15053803
v 0.37808005 1.91813985 -0.04898760
v 0.37808005 1.91813985 0.08898760
v 0.35109197 1.93722528 -0.01578356
v 0.35109197 1.93722528 0.05578356
v 0.27703891 1.67185366 0.05575906
v 0.34139354 1.70531005 0.12455507
v 0.25706325 1.67018930 0.11394308
v 0.31630816 1.68556775 0.02000000
v 0.38921820 1.79520313 0.23363876
v 0.37976016 1.74749700 0.18539201
v 0.20429572 1.67675021 0.22657756
v 0.31819805 1.70631632 0.18394088
v 0.23225473 1.67192763 0.17265348
v 0.29133535 1.68726344 0.15053803
v 0.37808005 1.72186015 -0.04898760
v 0.37808005 1.72186015 0.08898760
v 0.35109197 1.70277472 -0.01578356
v 0.35109197 1.70277472 0.05578356
v 0.05904017 1.72844053 0.40143384
v 0.17262618 1.74911771 0.39216496
v 0.09586029 1.71203344 0.36955831
v 0.05924492 1.75229476 0.42761833
v 0.35272937 1.80467469 0.29149813
v 0.27307132 1.77519068 0.35456566
v 0.35669215 1.77973868 0.27192198
v 0.16728662 1.68635682 0.28526192
v 0.21079343 1.73419580 0.35424952
v 0.13320207 1.69763915 0.32971864
v 0.23101895 1.69779680 0.26883611
v 0.15576886 1.72245301 0.36550220
v 0.05988200 1.80445617 0.45557056
v 0.17378432 1.77489006 0.41293388
v 0.05975661 1.77839788 0.44617914
v 0.11883724 1.76306207 0.42406368
v 0.34107094 1.73146676 0.22020981
v 0.27067543 1.74973962 0.33183409
v 0.35255326 1.75457708 0.24760963
v 0.29096001 1.71335595 0.24639857
v 0.31603943 1.76405513 0.30550865
v 0.25391440 1.72297204 0.30514081
v 0.05904017 1.91155947 0.40143384
v 0.17262618 1.89088229 0.39216496
v 0.09586029 1.92796656 0.36955831
v 0.05924492 1.88770524 0.42761833
v 0.35272937 1.83532531 0.29149813
v 0.27307132 1.86480932 0.35456566
v 0.35669215 1.86026132 0.27192198
v 0.32007678 1.82000000 0.32998200
v 0.16728662 1.95364318 0.28526192
v 0.21079343 1.90580420 0.35424952
v 0.13320207 1.94236085 0.32971864
v 0.23101895 1.94220320 0.26883611
v 0.15576886 1.91754699 0.36550220
v 0.05988200 1.83554383 0.45557056
v 0.17378432 1.86510994 0.41293388
v 0.05975661 1.86160212 0.44617914
v 0.11988212 1.82000000 0.44506282
v 0.11883724 1.87693793 0.42406368
v 0.34107094 1.90853324 0.22020981
v 0.27067543 1.89026038 0.33183409
v 0.35255326 1.88542292 0.24760963
v 0.29096001 1.92664405 0.24639857
v 0.31603943 1.87594487 0.30550865
v 0.25391440 1.91702796 0.30514081
v 0.23366632 1.79043389 0.39051845
v 0.23366632 1.84956611 0.39051845
v 0.27910781 1.80466419 0.36407013
v 0.17982317 1.80444084 0.42262528
v 0.27910781 1.83533581 0.36407013
v 0.17982317 1.83555916 0.42262528
v 0.41176954 1.82000000 -0.15787971
v 0.44569750 1.82000000 -0.04083694
v 0.41593707 1.84488287 -0.13797890
v 0.41593707 1.79511713 -0.13797890
v 0.41176954 1.82000000 0.19787971
v 0.44569750 1.82000000 0.08083694
v 0.41593707 1.84488287 0.17797890
v 0.41593707 1.79511713 0.17797890
v 0.40095294 1.89298942 -0.08525653
v 0.44445975 1.84515044 -0.01626893
v 0.41230988 1.86991164 -0.11285517
v 0.41084212 1.89552573 -0.01630470
v 0.43487667 1.84509778 -0.07707161
v 0.40095294 1.74701058 -0.08525653
v 0.44445975 1.79484956 -0.01626893
v 0.41230988 1.77008836 -0.11285517
v 0.41084212 1.74447427 -0.01630470
v 0.43487667 1.79490222 -0.07707161
v 0.40095294 1.89298942 0.12525653
v 0.44445975 1.84515044 0.05626893
v 0.41230988 1.86991164 0.15285517
v 0.41084212 1.89552573 0.05630470
v 0.43487667 1.84509778 0.11707161
v 0.43373757 1.87035049 0.02000000
v 0.40095294 1.74701058 0.12525653
v 0.44445975 1.79484956 0.05626893
v 0.41230988 1.77008836 0.15285517
v 0.41084212 1.74447427 0.05630470
v 0.43487667 1.79490222 0.11707161
v 0.43373757 1.76964951 0.02000000
v -0.27703891 1.96814634 -0.01575906
v -0.34139354 1.93468995 -0.08455507
v -0.25706325 1.96981070 -0.07394308
v -0.38921820 1.84479687 -0.19363876
v -0.37976016 1.89250300 -0.14539201
v -0.20429572 1.96324979 -0.18657756
v -0.31819805 1.93368368 -0.14394088
v -0.23225473 1.96807237 -0.13265348
v -0.29133535 1.95273656 -0.11053803
v -0.27703891 1.67185366 -0.01575906
v -0.34139354 1.70531005 -0.08455507
v -0.25706325 1.67018930 -0.07394308
v -0.38921820 1.79520313 -0.19363876
v -0.37976016 1.74749700 -0.14539201
v -0.20429572 1.67675021 -0.18657756
v -0.31819805 1.70631632 -0.14394088
v -0.23225473 1.67192763 -0.13265348
v -0.29133535 1.68726344 -0.11053803
v -0.05904017 1.72844053 -0.36143384
v -0.17262618 1.74911771 -0.35216496
v -0.09586029 1.71203344 -0.32955831
v -0.05924492 1.75229476 -0.38761833
v -0.35272937 1.80467469 -0.25149813
v -0.27307132 1.77519068 -0.31456566
v -0.35669215 1.77973868 -0.23192198
v -0.16728662 1.68635682 -0.24526192
v -0.21079343 1.73419580 -0.31424952
v -0.13320207 1.69763915 -0.28971864
v -0.23101895 1.69779680 -0.22883611
v -0.15576886 1.72245301 -0.32550220
v -0.05988200 1.80445617 -0.41557056
v -0.17378432 1.77489006 -0.37293388
v -0.05975661 1.77839788 -0.40617914
v -0.11883724 1.76306207 -0.38406368
v -0.34107094 1.73146676 -0.18020981
v -0.27067543 1.74973962 -0.29183409
v -0.35255326 1.75457708 -0.20760963
v -0.29096001 1.71335595 -0.20639857
v -0.31603943 1.76405513 -0.26550865
v -0.25391440 1.72297204 -0.26514081
v -0.05904017 1.91155947 -0.36143384
v -0.17262618 1.89088229 -0.35216496
v -0.09586029 1.92796656 -0.32955831
v -0.05924492 1.88770524 -0.38761833
v -0.35272937 1.83532531 -0.25149813
v -0.27307132 1.86480932 -0.31456566
v -0.35669215 1.86026132 -0.23192198
v -0.32007678 1.82000000 -0.28998200
v -0.16728662 1.95364318 -0.24526192
v -0.21079343 1.90580420 -0.31424952
v -0.13320207 1.94236085 -0.28971864
v -0.23101895 1.94220320 -0.22883611
v -0.15576886 1.91754699 -0.32550220
v -0.05988200 1.83554383 -0.41557056
v -0.17378432 1.86510994 -0.37293388
v -0.05975661 1.86160212 -0.40617914
v -0.11988212 1.82000000 -0.40506282
v -0.11883724 1.87693793 -0.38406368
v -0.34107094 1.90853324 -0.18020981
v -0.27067543 1.89026038 -0.29183409
v -0.35255326 1.88542292 -0.20760963
v -0.29096001 1.92664405 -0.20639857
v -0.31603943 1.87594487 -0.26550865
v -0.25391440 1.91702796 -0.26514081
v -0.23366632 1.79043389 -0.35051845
v -0.23366632 1.84956611 -0.35051845
v -0.27910781 1.80466419 -0.32407013
v -0.17982317 1.80444084 -0.38262528
v -0.27910781 1.83533581 -0.32407013
v -0.17982317 1.83555916 -0.38262528
v -0.27703891 1.96814634 0.05575906
v -0.34139354 1.93468995 0.12455507
v -0.25706325 1.96981070 0.11394308
v -0.31630816 1.95443225 0.02000000
v -0.38921820 1.84479687 0.23363876
v -0.37976016 1.89250300 0.18539201
v -0.20429572 1.96324979 0.22657756
v -0.31819805 1.93368368 0.18394088
v -0.23225473 1.96807237 0.17265348
v -0.29133535 1.95273656 0.15053803
v -0.37808005 1.91813985 -0.04898760
v -0.37808005 1.91813985 0.08898760
v -0.35109197 1.93722528 -0.01578356
v -0.35109197 1.93722528 0.05578356
v -0.27703891 1.67185366 0.05575906
v -0.34139354 1.70531005 0.12455507
v -0.25706325 1.67018930 0.11394308
v -0.31630816 1.68556775 0.02000000
v -0.38921820 1.79520313 0.23363876
v -0.37976016 1.74749700 0.18539201
v -0.20429572 1.67675021 0.22657756
v -0.31819805 1.70631632 0.18394088
v -0.23225473 1.67192763 0.17265348
v -0.29133535 1.68726344 0.15053803
v -0.37808005 1.72186015 -0.04898760
v -0.37808005 1.72186015 0.08898760
v -0.35109197 1.70277472 -0.01578356
v -0.35109197 1.70277472 0.05578356
v -0.05904017 1.72844053 0.40143384
v -0.17262618 1.74911771 0.39216496
v -0.09586029 1.71203344 0.36955831
v -0.05924492 1.75229476 0.42761833
v -0.35272937 1.80467469 0.29149813
v -0.27307132 1.77519068 0.35456566
v -0.35669215 1.77973868 0.27192198
v -0.16728662 1.68635682 0.28526192
v -0.21079343 1.73419580 0.35424952
v -0.13320207 1.69763915 0.32971864
v -0.23101895 1.69779680 0.26883611
v -0.15576886 1.72245301 0.36550220
v -0.05988200 1.80445617 0.45557056
v -0.17378432 1.77489006 0.41293388
v -0.05975661 1.77839788 0.44617914
v -0.11883724 1.76306207 0.42406368
v -0.34107094 1.73146676 0.22020981
v -0.27067543 1.74973962 0.33183409
v -0.35255326 1.75457708 0.24760963
v -0.29096001 1.71335595 0.24639857
v -0.31603943 1.76405513 0.30550865
v -0.25391440 1.72297204 0.30514081
v -0.05904017 1.91155947 0.40143384
v -0.17262618 1.89088229 0.39216496
v -0.09586029 1.92796656 0.36955831
v -0.05924492 1.88770524 0.42761833
v -0.35272937 1.83532531 0.29149813
v -0.27307132 1.86480932 0.35456566
v -0.35669215 1.86026132 0.27192198
v -0.32007678 1.82000000 0.32998200
v -0.16728662 1.95364318 0.28526192
v -0.21079343 1.90580420 0.35424952
v -0.13320207 1.94236085 0.32971864
v -0.23101895 1.94220320 0.26883611
v -0.15576886 1.91754699 0.36550220
v -0.05988200 1.83554383 0.45557056
v -0.17378432 1.86510994 0.41293388
v -0.05975661 1.86160212 0.44617914
v -0.11988212 1.82000000 0.44506282
v -0.11883724 1.87693793 0.42406368
v -0.34107094 1.90853324 0.22020981
v -0.27067543 1.89026038 0.33183409
v -0.35255326 1.88542292 0.24760963
v -0.29096001 1.92664405 0.24639857
v -0.31603943 1.87594487 0.30550865
v -0.25391440 1.91702796 0.30514081
v -0.23366632 1.79043389 0.39051845
v -0.23366632 1.84956611 0.39051845
v -0.27910781 1.80466419 0.36407013
v -0.17982317 1.80444084 0.42262528
v -0.27910781 1.83533581 0.36407013
v -0.17982317 1.83555916 0.42262528
v -0.41176954 1.82000000 -0.15787971
v -0.44569750 1.82000000 -0.04083694
v -0.41593707 1.84488287 -0.13797890
v -0.41593707 1.79511713 -0.13797890
v -0.41176954 1.82000000 0.19787971
v -0.44569750 1.82000000 0.08083694
v -0.41593707 1.84488287 0.17797890
v -0.41593707 1.79511713 0.17797890
v -0.40095294 1.89298942 -0.08525653
v -0.44445975 1.84515044 -0.01626893
v -0.41230988 1.86991164 -0.11285517
v -0.41084212 1.89552573 -0.01630470
v -0.43487667 1.84509778 -0.07707161
v -0.40095294 1.74701058 -0.08525653
v -0.44445975 1.79484956 -0.01626893
v -0.41230988 1.77008836 -0.11285517
v -0.41084212 1.74447427 -0.01630470
v -0.43487667 1.79490222 -0.07707161
v -0.40095294 1.89298942 0.12525653
v -0.44445975 1.84515044 0.05626893
v -0.41230988 1.86991164 0.15285517
v -0.41084212 1.89552573 0.05630470
v -0.43487667 1.84509778 0.11707161
v -0.43373757 1.87035049 0.02000000
v -0.40095294 1.74701058 0.12525653
v -0.44445975 1.79484956 0.05626893
v -0.41230988 1.77008836 0.15285517
v -0.41084212 1.74447427 0.05630470
v -0.43487667 1.79490222 0.11707161
v -0.43373757 1.76964951 0.02000000
v 0.00000000 0.32000000 -0.30000000
v 0.32400000 0.32000000 -0.30000000
v 0.23400000 1.62000000 -0.30000000
v 0.00000000 1.62000000 -0.30000000
v 0.31777443 0.32000000 -0.33511626
v 0.22950376 1.62000000 -0.32536174
v 0.29933697 0.32000000 -0.36888302
v 0.21618781 1.62000000 -0.34974885
v 0.26939615 0.32000000 -0.40000264
v 0.19456389 1.62000000 -0.37222413
v 0.22910260 0.32000000 -0.42727922
v 0.16546299 1.62000000 -0.39192388
v 0.18000476 0.32000000 -0.44966453
v 0.13000343 1.62000000 -0.40809105
v 0.12398943 0.32000000 -0.46629832
v 0.08954792 1.62000000 -0.42010434
v 0.06320926 0.32000000 -0.47654135
v 0.04565114 1.62000000 -0.42750209
v 0.00000000 0.32000000 -0.48000000
v 0.00000000 1.62000000 -0.43000000
v -0.06320926 0.32000000 -0.47654135
v -0.04565114 1.62000000 -0.42750209
v -0.12398943 0.32000000 -0.46629832
v -0.08954792 1.62000000 -0.42010434
v -0.18000476 0.32000000 -0.44966453
v -0.13000343 1.62000000 -0.40809105
v -0.22910260 0.32000000 -0.42727922
v -0.16546299 1.62000000 -0.39192388
v -0.26939615 0.32000000 -0.40000264
v -0.19456389 1.62000000 -0.37222413
v -0.29933697 0.32000000 -0.36888302
v -0.21618781 1.62000000 -0.34974885
v -0.31777443 0.32000000 -0.33511626
v -0.22950376 1.62000000 -0.32536174
v -0.32400000 0.32000000 -0.30000000
v -0.23400000 1.62000000 -0.30000000
v -0.31777443 0.32000000 -0.26488374
v -0.22950376 1.62000000 -0.27463826
v -0.29933697 0.32000000 -0.23111698
v -0.21618781 1.62000000 -0.25025115
v -0.26939615 0.32000000 -0.19999736
v -0.19456389 1.62000000 -0.22777587
v -0.22910260 0.32000000 -0.17272078
v -0.16546299 1.62000000 -0.20807612
v -0.18000476 0.32000000 -0.15033547
v -0.13000343 1.62000000 -0.19190895
v -0.12398943 0.32000000 -0.13370168
v -0.08954792 1.62000000 -0.17989566
v -0.06320926 0.32000000 -0.12345865
v -0.04565114 1.62000000 -0.17249791
v -0.00000000 0.32000000 -0.12000000
v -0.00000000 1.62000000 -0.17000000
v 0.06320926 0.32000000 -0.12345865
v 0.04565114 1.62000000 -0.17249791
v 0.12398943 0.32000000 -0.13370168
v 0.08954792 1.62000000 -0.17989566
v 0.18000476 0.32000000 -0.15033547
v 0.13000343 1.62000000 -0.19190895
v 0.22910260 0.32000000 -0.17272078
v 0.16546299 1.62000000 -0.20807612
v 0.26939615 0.32000000 -0.19999736
v 0.19456389 1.62000000 -0.22777587
v 0.29933697 0.32000000 -0.23111698
v 0.21618781 1.62000000 -0.25025115
v 0.31777443 0.32000000 -0.26488374
v 0.22950376 1.62000000 -0.27463826
v -0.37000000 1.54000000 0.22000000
v -0.34836881 1.53657396 0.22000000
v -0.32885503 1.52663119 0.22000000
v -0.31336881 1.51114497 0.22000000
v -0.30342604 1.49163119 0.22000000
v -0.30000000 1.47000000 0.22000000
v -0.30000000 0.77000000 0.22000000
v -0.30342604 0.74836881 0.22000000
v -0.31336881 0.72885503 0.22000000
v -0.32885503 0.71336881 0.22000000
v -0.34836881 0.70342604 0.22000000
v -0.37000000 0.70000000 0.22000000
v -0.35250000 1.53657396 0.23271449
v -0.33671302 1.52663119 0.24418441
v -0.32418441 1.51114497 0.25328698
v -0.31614054 1.49163119 0.25913119
v -0.31336881 1.47000000 0.26114497
v -0.31336881 0.77000000 0.26114497
v -0.31614054 0.74836881 0.25913119
v -0.32418441 0.72885503 0.25328698
v -0.33671302 0.71336881 0.24418441
v -0.35250000 0.70342604 0.23271449
v -0.36331559 1.53657396 0.24057248
v -0.35728551 1.52663119 0.25913119
v -0.35250000 1.51114497 0.27385946
v -0.34942752 1.49163119 0.28331559
v -0.34836881 1.47000000 0.28657396
v -0.34836881 0.77000000 0.28657396
v -0.34942752 0.74836881 0.28331559
v -0.35250000 0.72885503 0.27385946
v -0.35728551 0.71336881 0.25913119
v -0.36331559 0.70342604 0.24057248
v -0.37668441 1.53657396 0.24057248
v -0.38271449 1.52663119 0.25913119
v -0.38750000 1.51114497 0.27385946
v -0.39057248 1.49163119 0.28331559
v -0.39163119 1.47000000 0.28657396
v -0.39163119 0.77000000 0.28657396
v -0.39057248 0.74836881 0.28331559
v -0.38750000 0.72885503 0.27385946
v -0.38271449 0.71336881 0.25913119
v -0.37668441 0.70342604 0.24057248
v -0.38750000 1.53657396 0.23271449
v -0.40328698 1.52663119 0.24418441
v -0.41581559 1.51114497 0.25328698
v -0.42385946 1.49163119 0.25913119
v -0.42663119 1.47000000 0.26114497
v -0.42663119 0.77000000 0.26114497
v -0.42385946 0.74836881 0.25913119
v -0.41581559 0.72885503 0.25328698
v -0.40328698 0.71336881 0.24418441
v -0.38750000 0.70342604 0.23271449
v -0.39163119 1.53657396 0.22000000
v -0.41114497 1.52663119 0.22000000
v -0.42663119 1.51114497 0.22000000
v -0.43657396 1.49163119 0.22000000
v -0.44000000 1.47000000 0.22000000
v -0.44000000 0.77000000 0.22000000
v -0.43657396 0.74836881 0.22000000
v -0.42663119 0.72885503 0.22000000
v -0.41114497 0.71336881 0.22000000
v -0.39163119 0.70342604 0.22000000
v -0.38750000 1.53657396 0.20728551
v -0.40328698 1.52663119 0.19581559
v -0.41581559 1.51114497 0.18671302
v -0.42385946 1.49163119 0.18086881
v -0.42663119 1.47000000 0.17885503
v -0.42663119 0.77000000 0.17885503
v -0.42385946 0.74836881 0.18086881
v -0.41581559 0.72885503 0.18671302
v -0.40328698 0.71336881 0.19581559
v -0.38750000 0.70342604 0.20728551
v -0.37668441 1.53657396 0.19942752
v -0.38271449 1.52663119 0.18086881
v -0.38750000 1.51114497 0.16614054
v -0.39057248 1.49163119 0.15668441
v -0.39163119 1.47000000 0.15342604
v -0.39163119 0.77000000 0.15342604
v -0.39057248 0.74836881 0.15668441
v -0.38750000 0.72885503 0.16614054
v -0.38271449 0.71336881 0.18086881
v -0.37668441 0.70342604 0.19942752
v -0.36331559 1.53657396 0.19942752
v -0.35728551 1.52663119 0.18086881
v -0.35250000 1.51114497 0.16614054
v -0.34942752 1.49163119 0.15668441
v -0.34836881 1.47000000 0.15342604
v -0.34836881 0.77000000 0.15342604
v -0.34942752 0.74836881 0.15668441
v -0.35250000 0.72885503 0.16614054
v -0.35728551 0.71336881 0.18086881
v -0.36331559 0.70342604 0.19942752
v -0.35250000 1.53657396 0.20728551
v -0.33671302 1.52663119 0.19581559
v -0.32418441 1.51114497 0.18671302
v -0.31614054 1.49163119 0.18086881
v -0.31336881 1.47000000 0.17885503
v -0.31336881 0.77000000 0.17885503
v -0.31614054 0.74836881 0.18086881
v -0.32418441 0.72885503 0.18671302
v -0.33671302 0.71336881 0.19581559
v -0.35250000 0.70342604 0.20728551
v 0.37000000 1.54000000 0.22000000
v 0.39163119 1.53657396 0.22000000
v 0.41114497 1.52663119 0.22000000
v 0.42663119 1.51114497 0.22000000
v 0.43657396 1.49163119 0.22000000
v 0.44000000 1.47000000 0.22000000
v 0.44000000 0.77000000 0.22000000
v 0.43657396 0.74836881 0.22000000
v 0.42663119 0.72885503 0.22000000
v 0.41114497 0.71336881 0.22000000
v 0.39163119 0.70342604 0.22000000
v 0.37000000 0.70000000 0.22000000
v 0.38750000 1.53657396 0.23271449
v 0.40328698 1.52663119 0.24418441
v 0.41581559 1.51114497 0.25328698
v 0.42385946 1.49163119 0.25913119
v 0.42663119 1.47000000 0.26114497
v 0.42663119 0.77000000 0.26114497
v 0.42385946 0.74836881 0.25913119
v 0.41581559 0.72885503 0.25328698
v 0.40328698 0.71336881 0.24418441
v 0.38750000 0.70342604 0.23271449
v 0.37668441 1.53657396 0.24057248
v 0.38271449 1.52663119 0.25913119
v 0.38750000 1.51114497 0.27385946
v 0.39057248 1.49163119 0.28331559
v 0.39163119 1.47000000 0.28657396
v 0.39163119 0.77000000 0.28657396
v 0.39057248 0.74836881 0.28331559
v 0.38750000 0.72885503 0.27385946
v 0.38271449 0.71336881 0.25913119
v 0.37668441 0.70342604 0.24057248
v 0.36331559 1.53657396 0.24057248
v 0.35728551 1.52663119 0.25913119
v 0.35250000 1.51114497 0.27385946
v 0.34942752 1.49163119 0.28331559
v 0.34836881 1.47000000 0.28657396
v 0.34836881 0.77000000 0.28657396
v 0.34942752 0.74836881 0.28331559
v 0.35250000 0.72885503 0.27385946
v 0.35728551 0.71336881 0.25913119
v 0.36331559 0.70342604 0.24057248
v 0.35250000 1.53657396 0.23271449
v 0.33671302 1.52663119 0.24418441
v 0.32418441 1.51114497 0.25328698
v 0.31614054 1.49163119 0.25913119
v 0.31336881 1.47000000 0.26114497
v 0.31336881 0.77000000 0.26114497
v 0.31614054 0.74836881 0.25913119
v 0.32418441 0.72885503 0.25328698
v 0.33671302 0.71336881 0.24418441
v 0.35250000 0.70342604 0.23271449
v 0.34836881 1.53657396 0.22000000
v 0.32885503 1.52663119 0.22000000
v 0.31336881 1.51114497 0.22000000
v 0.30342604 1.49163119 0.22000000
v 0.30000000 1.47000000 0.22000000
v 0.30000000 0.77000000 0.22000000
v 0.30342604 0.74836881 0.22000000
v 0.31336881 0.72885503 0.22000000
v 0.32885503 0.71336881 0.22000000
v 0.34836881 0.70342604 0.22000000
v 0.35250000 1.53657396 0.20728551
v 0.33671302 1.52663119 0.19581559
v 0.32418441 1.51114497 0.18671302
v 0.31614054 1.49163119 0.18086881
v 0.31336881 1.47000000 0.17885503
v 0.31336881 0.77000000 0.17885503
v 0.31614054 0.74836881 0.18086881
v 0.32418441 0.72885503 0.18671302
v 0.33671302 0.71336881 0.19581559
v 0.35250000 0.70342604 0.20728551
v 0.36331559 1.53657396 0.19942752
v 0.35728551 1.52663119 0.18086881
v 0.35250000 1.51114497 0.16614054
v 0.34942752 1.49163119 0.15668441
v 0.34836881 1.47000000 0.15342604
v 0.34836881 0.77000000 0.15342604
v 0.34942752 0.74836881 0.15668441
v 0.35250000 0.72885503 0.16614054
v 0.35728551 0.71336881 0.18086881
v 0.36331559 0.70342604 0.19942752
v 0.37668441 1.53657396 0.19942752
v 0.38271449 1.52663119 0.18086881
v 0.38750000 1.51114497 0.16614054
v 0.39057248 1.49163119 0.15668441
v 0.39163119 1.47000000 0.15342604
v 0.39163119 0.77000000 0.15342604
v 0.39057248 0.74836881 0.15668441
v 0.38750000 0.72885503 0.16614054
v 0.38271449 0.71336881 0.18086881
v 0.37668441 0.70342604 0.19942752
v 0.38750000 1.53657396 0.20728551
v 0.40328698 1.52663119 0.19581559
v 0.41581559 1.51114497 0.18671302
v 0.42385946 1.49163119 0.18086881
v 0.42663119 1.47000000 0.17885503
v 0.42663119 0.77000000 0.17885503
v 0.42385946 0.74836881 0.18086881
v 0.41581559 0.72885503 0.18671302
v 0.40328698 0.71336881 0.19581559
v 0.38750000 0.70342604 0.20728551
v 0.00000000 0.36000000 0.00000000
v 0.46000000 0.36000000 0.00000000
v 0.26000000 1.14000000 0.00000000
v 0.00000000 1.14000000 0.00000000
v 0.45116123 0.36000000 -0.08974155
v 0.25500417 1.14000000 -0.05072348
v 0.42498458 0.36000000 -0.17603438
v 0.24020868 1.14000000 -0.09949769
v 0.38247602 0.36000000 -0.25556231
v 0.21618210 1.14000000 -0.14444826
v 0.32526912 0.36000000 -0.32526912
v 0.18384776 1.14000000 -0.18384776
v 0.25556231 0.36000000 -0.38247602
v 0.14444826 1.14000000 -0.21618210
v 0.17603438 0.36000000 -0.42498458
v 0.09949769 1.14000000 -0.24020868
v 0.08974155 0.36000000 -0.45116123
v 0.05072348 1.14000000 -0.25500417
v 0.00000000 0.36000000 -0.46000000
v 0.00000000 1.14000000 -0.26000000
v -0.08974155 0.36000000 -0.45116123
v -0.05072348 1.14000000 -0.25500417
v -0.17603438 0.36000000 -0.42498458
v -0.09949769 1.14000000 -0.24020868
v -0.25556231 0.36000000 -0.38247602
v -0.14444826 1.14000000 -0.21618210
v -0.32526912 0.36000000 -0.32526912
v -0.18384776 1.14000000 -0.18384776
v -0.38247602 0.36000000 -0.25556231
v -0.21618210 1.14000000 -0.14444826
v -0.42498458 0.36000000 -0.17603438
v -0.24020868 1.14000000 -0.09949769
v -0.45116123 0.36000000 -0.08974155
v -0.25500417 1.14000000 -0.05072348
v -0.46000000 0.36000000 -0.00000000
v -0.26000000 1.14000000 0.00000000
v -0.45116123 0.36000000 0.08974155
v -0.25500417 1.14000000 0.05072348
v -0.42498458 0.36000000 0.17603438
v -0.24020868 1.14000000 0.09949769
v -0.38247602 0.36000000 0.25556231
v -0.21618210 1.14000000 0.14444826
v -0.32526912 0.36000000 0.32526912
v -0.18384776 1.14000000 0.18384776
v -0.25556231 0.36000000 0.38247602
v -0.14444826 1.14000000 0.21618210
v -0.17603438 0.36000000 0.42498458
v -0.09949769 1.14000000 0.24020868
v -0.08974155 0.36000000 0.45116123
v -0.05072348 1.14000000 0.25500417
v -0.00000000 0.36000000 0.46000000
v -0.00000000 1.14000000 0.26000000
v 0.08974155 0.36000000 0.45116123
v 0.05072348 1.14000000 0.25500417
v 0.17603438 0.36000000 0.42498458
v 0.09949769 1.14000000 0.24020868
v 0.25556231 0.36000000 0.38247602
v 0.14444826 1.14000000 0.21618210
v 0.32526912 0.36000000 0.32526912
v 0.18384776 1.14000000 0.18384776
v 0.38247602 0.36000000 0.25556231
v 0.21618210 1.14000000 0.14444826
v 0.42498458 0.36000000 0.17603438
v 0.24020868 1.14000000 0.09949769
v 0.45116123 0.36000000 0.08974155
v 0.25500417 1.14000000 0.05072348
v 0.00000000 0.81000000 -0.00000000
v 0.33500000 0.81000000 -0.00000000
v 0.33500000 0.75000000 0.00000000
v 0.00000000 0.75000000 0.00000000
v 0.32856307 0.81000000 0.06535526
v 0.32856307 0.75000000 0.06535526
v 0.30949964 0.81000000 0.12819895
v 0.30949964 0.75000000 0.12819895
v 0.27854232 0.81000000 0.18611603
v 0.27854232 0.75000000 0.18611603
v 0.23688077 0.81000000 0.23688077
v 0.23688077 0.75000000 0.23688077
v 0.18611603 0.81000000 0.27854232
v 0.18611603 0.75000000 0.27854232
v 0.12819895 0.81000000 0.30949964
v 0.12819895 0.75000000 0.30949964
v 0.06535526 0.81000000 0.32856307
v 0.06535526 0.75000000 0.32856307
v 0.00000000 0.81000000 0.33500000
v 0.00000000 0.75000000 0.33500000
v -0.06535526 0.81000000 0.32856307
v -0.06535526 0.75000000 0.32856307
v -0.12819895 0.81000000 0.30949964
v -0.12819895 0.75000000 0.30949964
v -0.18611603 0.81000000 0.27854232
v -0.18611603 0.75000000 0.27854232
v -0.23688077 0.81000000 0.23688077
v -0.23688077 0.75000000 0.23688077
v -0.27854232 0.81000000 0.18611603
v -0.27854232 0.75000000 0.18611603
v -0.30949964 0.81000000 0.12819895
v -0.30949964 0.75000000 0.12819895
v -0.32856307 0.81000000 0.06535526
v -0.32856307 0.75000000 0.06535526
v -0.33500000 0.81000000 0.00000000
v -0.33500000 0.75000000 0.00000000
v -0.32856307 0.81000000 -0.06535526
v -0.32856307 0.75000000 -0.06535526
v -0.30949964 0.81000000 -0.12819895
v -0.30949964 0.75000000 -0.12819895
v -0.27854232 0.81000000 -0.18611603
v -0.27854232 0.75000000 -0.18611603
v -0.23688077 0.81000000 -0.23688077
v -0.23688077 0.75000000 -0.23688077
v -0.18611603 0.81000000 -0.27854232
v -0.18611603 0.75000000 -0.27854232
v -0.12819895 0.81000000 -0.30949964
v -0.12819895 0.75000000 -0.30949964
v -0.06535526 0.81000000 -0.32856307
v -0.06535526 0.75000000 -0.32856307
v -0.00000000 0.81000000 -0.33500000
v -0.00000000 0.75000000 -0.33500000
v 0.06535526 0.81000000 -0.32856307
v 0.06535526 0.75000000 -0.32856307
v 0.12819895 0.81000000 -0.30949964
v 0.12819895 0.75000000 -0.30949964
v 0.18611603 0.81000000 -0.27854232
v 0.18611603 0.75000000 -0.27854232
v 0.23688077 0.81000000 -0.23688077
v 0.23688077 0.75000000 -0.23688077
v 0.27854232 0.81000000 -0.18611603
v 0.27854232 0.75000000 -0.18611603
v 0.30949964 0.81000000 -0.12819895
v 0.30949964 0.75000000 -0.12819895
v 0.32856307 0.81000000 -0.06535526
v 0.32856307 0.75000000 -0.06535526
v -0.43484821 1.15213314 -0.00000000
v -0.40829080 1.15352495 -0.00000000
v -0.38260310 1.14664195 -0.00000000
v -0.36029961 1.13215790 -0.00000000
v -0.34356356 1.11149059 -0.00000000
v -0.33403317 1.08666308 -0.00000000
v -0.21968174 0.54868190 0.00000000
v -0.21828992 0.52212449 0.00000000
v -0.22517292 0.49643680 0.00000000
v -0.23965697 0.47413331 0.00000000
v -0.26032429 0.45739725 0.00000000
v -0.28515179 0.44786686 0.00000000
v -0.41319762 1.15248197 0.01543903
v -0.39193643 1.14465809 0.02936678
v -0.37314584 1.12942735 0.04041990
v -0.35866520 1.10828064 0.04751644
v -0.34991198 1.08328794 0.04996175
v -0.23556055 0.54530676 0.04996175
v -0.23339157 0.51891454 0.04751644
v -0.23801915 0.49370624 0.04041990
v -0.24899031 0.47214945 0.02936678
v -0.26523111 0.45635427 0.01543903
v -0.42604385 1.14975142 0.02498087
v -0.41637141 1.13946428 0.04751644
v -0.40677771 1.12227868 0.06540078
v -0.39820183 1.09987687 0.07688322
v -0.39148326 1.07445169 0.08083980
v -0.27713183 0.53647051 0.08083980
v -0.27292820 0.51051077 0.07688322
v -0.27165102 0.48655757 0.06540078
v -0.27342529 0.46695563 0.04751644
v -0.27807734 0.45362372 0.02498087
v -0.44192266 1.14637628 0.02498087
v -0.44657471 1.13304437 0.04751644
v -0.44834898 1.11344243 0.06540078
v -0.44707180 1.08948923 0.07688322
v -0.44286817 1.06352949 0.08083980
v -0.32851674 0.52554831 0.08083980
v -0.32179817 0.50012313 0.07688322
v -0.31322229 0.47772132 0.06540078
v -0.30362859 0.46053572 0.04751644
v -0.29395615 0.45024858 0.02498087
v -0.45476889 1.14364573 0.01543903
v -0.47100969 1.12785055 0.02936678
v -0.48198085 1.10629376 0.04041990
v -0.48660843 1.08108546 0.04751644
v -0.48443945 1.05469324 0.04996175
v -0.37008802 0.51671206 0.04996175
v -0.36133480 0.49171936 0.04751644
v -0.34685416 0.47057265 0.04041990
v -0.32806357 0.45534191 0.02936678
v -0.30680238 0.44751803 0.01543903
v -0.45967571 1.14260275 -0.00000000
v -0.48034303 1.12586669 -0.00000000
v -0.49482708 1.10356320 -0.00000000
v -0.50171008 1.07787551 -0.00000000
v -0.50031826 1.05131810 -0.00000000
v -0.38596683 0.51333692 0.00000000
v -0.37643644 0.48850941 0.00000000
v -0.35970039 0.46784210 0.00000000
v -0.33739690 0.45335805 0.00000000
v -0.31170920 0.44647505 0.00000000
v -0.45476889 1.14364573 -0.01543903
v -0.47100969 1.12785055 -0.02936678
v -0.48198085 1.10629376 -0.04041990
v -0.48660843 1.08108546 -0.04751644
v -0.48443945 1.05469324 -0.04996175
v -0.37008802 0.51671206 -0.04996175
v -0.36133480 0.49171936 -0.04751644
v -0.34685416 0.47057265 -0.04041990
v -0.32806357 0.45534191 -0.02936678
v -0.30680238 0.44751803 -0.01543903
v -0.44192266 1.14637628 -0.02498087
v -0.44657471 1.13304437 -0.04751644
v -0.44834898 1.11344243 -0.06540078
v -0.44707180 1.08948923 -0.07688322
v -0.44286817 1.06352949 -0.08083980
v -0.32851674 0.52554831 -0.08083980
v -0.32179817 0.50012313 -0.07688322
v -0.31322229 0.47772132 -0.06540078
v -0.30362859 0.46053572 -0.04751644
v -0.29395615 0.45024858 -0.02498087
v -0.42604385 1.14975142 -0.02498087
v -0.41637141 1.13946428 -0.04751644
v -0.40677771 1.12227868 -0.06540078
v -0.39820183 1.09987687 -0.07688322
v -0.39148326 1.07445169 -0.08083980
v -0.27713183 0.53647051 -0.08083980
v -0.27292820 0.51051077 -0.07688322
v -0.27165102 0.48655757 -0.06540078
v -0.27342529 0.46695563 -0.04751644
v -0.27807734 0.45362372 -0.02498087
v -0.41319762 1.15248197 -0.01543903
v -0.39193643 1.14465809 -0.02936678
v -0.37314584 1.12942735 -0.04041990
v -0.35866520 1.10828064 -0.04751644
v -0.34991198 1.08328794 -0.04996175
v -0.23556055 0.54530676 -0.04996175
v -0.23339157 0.51891454 -0.04751644
v -0.23801915 0.49370624 -0.04041990
v -0.24899031 0.47214945 -0.02936678
v -0.26523111 0.45635427 -0.01543903
v -0.50468714 0.53230532 0.00000000
v -0.41531286 0.53230532 0.00000000
v -0.50468714 0.38769468 0.00000000
v -0.41531286 0.38769468 0.00000000
v -0.46000000 0.41531286 0.07230532
v -0.46000000 0.50468714 0.07230532
v -0.46000000 0.41531286 -0.07230532
v -0.46000000 0.50468714 -0.07230532
v -0.38769468 0.46000000 -0.04468714
v -0.38769468 0.46000000 0.04468714
v -0.53230532 0.46000000 -0.04468714
v -0.53230532 0.46000000 0.04468714
v -0.46000000 0.54500000 0.00000000
v -0.46000000 0.37500000 0.00000000
v -0.48626644 0.39123356 0.04250000
v -0.43373356 0.39123356 0.04250000
v -0.48626644 0.52876644 0.04250000
v -0.43373356 0.52876644 0.04250000
v -0.46000000 0.46000000 0.08500000
v -0.48626644 0.39123356 -0.04250000
v -0.43373356 0.39123356 -0.04250000
v -0.48626644 0.52876644 -0.04250000
v -0.43373356 0.52876644 -0.04250000
v -0.46000000 0.46000000 -0.08500000
v -0.39123356 0.50250000 -0.02626644
v -0.39123356 0.41750000 -0.02626644
v -0.41750000 0.43373356 -0.06876644
v -0.41750000 0.48626644 -0.06876644
v -0.39123356 0.50250000 0.02626644
v -0.39123356 0.41750000 0.02626644
v -0.41750000 0.43373356 0.06876644
v -0.41750000 0.48626644 0.06876644
v -0.37500000 0.46000000 0.00000000
v -0.52876644 0.50250000 -0.02626644
v -0.52876644 0.41750000 -0.02626644
v -0.50250000 0.43373356 -0.06876644
v -0.50250000 0.48626644 -0.06876644
v -0.52876644 0.50250000 0.02626644
v -0.52876644 0.41750000 0.02626644
v -0.50250000 0.43373356 0.06876644
v -0.50250000 0.48626644 0.06876644
v -0.54500000 0.46000000 0.00000000
v -0.48322765 0.54176476 0.00000000
v -0.43677235 0.54176476 0.00000000
v -0.48322765 0.37823524 0.00000000
v -0.43677235 0.37823524 0.00000000
v -0.49688053 0.38667318 0.02209081
v -0.47365287 0.40102866 0.05967395
v -0.47380909 0.37916020 0.02234357
v -0.42311947 0.38667318 0.02209081
v -0.44634713 0.40102866 0.05967395
v -0.44619091 0.37916020 0.02234357
v -0.46000000 0.38769468 0.04468714
v -0.49688053 0.53332682 0.02209081
v -0.47365287 0.51897134 0.05967395
v -0.47380909 0.54083980 0.02234357
v -0.42311947 0.53332682 0.02209081
v -0.44634713 0.51897134 0.05967395
v -0.44619091 0.54083980 0.02234357
v -0.46000000 0.53230532 0.04468714
v -0.46000000 0.43677235 0.08176476
v -0.46000000 0.48322765 0.08176476
v -0.49688053 0.38667318 -0.02209081
v -0.47365287 0.40102866 -0.05967395
v -0.47380909 0.37916020 -0.02234357
v -0.42311947 0.38667318 -0.02209081
v -0.44634713 0.40102866 -0.05967395
v -0.44619091 0.37916020 -0.02234357
v -0.46000000 0.38769468 -0.04468714
v -0.49688053 0.53332682 -0.02209081
v -0.47365287 0.51897134 -0.05967395
v -0.47380909 0.54083980 -0.02234357
v -0.42311947 0.53332682 -0.02209081
v -0.44634713 0.51897134 -0.05967395
v -0.44619091 0.54083980 -0.02234357
v -0.46000000 0.53230532 -0.04468714
v -0.46000000 0.43677235 -0.08176476
v -0.46000000 0.48322765 -0.08176476
v -0.40102866 0.51967395 -0.01365287
v -0.38667318 0.48209081 -0.03688053
v -0.41003825 0.51849623 -0.03615266
v -0.40102866 0.40032605 -0.01365287
v -0.38667318 0.43790919 -0.03688053
v -0.41003825 0.40150377 -0.03615266
v -0.43790919 0.42311947 -0.07332682
v -0.40032605 0.44634713 -0.05897134
v -0.42384734 0.41003825 -0.05849623
v -0.43765643 0.44619091 -0.08083980
v -0.40150377 0.42384734 -0.04996175
v -0.43790919 0.49688053 -0.07332682
v -0.40032605 0.47365287 -0.05897134
v -0.42384734 0.50996175 -0.05849623
v -0.43765643 0.47380909 -0.08083980
v -0.40150377 0.49615266 -0.04996175
v -0.41531286 0.46000000 -0.07230532
v -0.40102866 0.51967395 0.01365287
v -0.38667318 0.48209081 0.03688053
v -0.41003825 0.51849623 0.03615266
v -0.38769468 0.50468714 0.00000000
v -0.40102866 0.40032605 0.01365287
v -0.38667318 0.43790919 0.03688053
v -0.41003825 0.40150377 0.03615266
v -0.38769468 0.41531286 0.00000000
v -0.43790919 0.42311947 0.07332682
v -0.40032605 0.44634713 0.05897134
v -0.42384734 0.41003825 0.05849623
v -0.43765643 0.44619091 0.08083980
v -0.40150377 0.42384734 0.04996175
v -0.43790919 0.49688053 0.07332682
v -0.40032605 0.47365287 0.05897134
v -0.42384734 0.50996175 0.05849623
v -0.43765643 0.47380909 0.08083980
v -0.40150377 0.49615266 0.04996175
v -0.41531286 0.46000000 0.07230532
v -0.37823524 0.46000000 -0.02322765
v -0.37823524 0.46000000 0.02322765
v -0.37916020 0.48234357 -0.01380909
v -0.37916020 0.43765643 -0.01380909
v -0.37916020 0.48234357 0.01380909
v -0.37916020 0.43765643 0.01380909
v -0.51897134 0.51967395 -0.01365287
v -0.53332682 0.48209081 -0.03688053
v -0.50996175 0.51849623 -0.03615266
v -0.51897134 0.40032605 -0.01365287
v -0.53332682 0.43790919 -0.03688053
v -0.50996175 0.40150377 -0.03615266
v -0.48209081 0.42311947 -0.07332682
v -0.51967395 0.44634713 -0.05897134
v -0.49615266 0.41003825 -0.05849623
v -0.48234357 0.44619091 -0.08083980
v -0.51849623 0.42384734 -0.04996175
v -0.48209081 0.49688053 -0.07332682
v -0.51967395 0.47365287 -0.05897134
v -0.49615266 0.50996175 -0.05849623
v -0.48234357 0.47380909 -0.08083980
v -0.51849623 0.49615266 -0.04996175
v -0.50468714 0.46000000 -0.07230532
v -0.51897134 0.51967395 0.01365287
v -0.53332682 0.48209081 0.03688053
v -0.50996175 0.51849623 0.03615266
v -0.53230532 0.50468714 0.00000000
v -0.51897134 0.40032605 0.01365287
v -0.53332682 0.43790919 0.03688053
v -0.50996175 0.40150377 0.03615266
v -0.53230532 0.41531286 0.00000000
v -0.48209081 0.42311947 0.07332682
v -0.51967395 0.44634713 0.05897134
v -0.49615266 0.41003825 0.05849623
v -0.48234357 0.44619091 0.08083980
v -0.51849623 0.42384734 0.04996175
v -0.48209081 0.49688053 0.07332682
v -0.51967395 0.47365287 0.05897134
v -0.49615266 0.50996175 0.05849623
v -0.48234357 0.47380909 0.08083980
v -0.51849623 0.49615266 0.04996175
v -0.50468714 0.46000000 0.07230532
v -0.54176476 0.46000000 -0.02322765
v -0.54176476 0.46000000 0.02322765
v -0.54083980 0.48234357 -0.01380909
v -0.54083980 0.43765643 -0.01380909
v -0.54083980 0.48234357 0.01380909
v -0.54083980 0.43765643 0.01380909
v 0.43484821 1.15213314 -0.00000000
v 0.45967571 1.14260275 -0.00000000
v 0.48034303 1.12586669 -0.00000000
v 0.49482708 1.10356320 -0.00000000
v 0.50171008 1.07787551 -0.00000000
v 0.50031826 1.05131810 -0.00000000
v 0.38596683 0.51333692 0.00000000
v 0.37643644 0.48850941 0.00000000
v 0.35970039 0.46784210 0.00000000
v 0.33739690 0.45335805 0.00000000
v 0.31170920 0.44647505 0.00000000
v 0.28515179 0.44786686 0.00000000
v 0.45476889 1.14364573 0.01543903
v 0.47100969 1.12785055 0.02936678
v 0.48198085 1.10629376 0.04041990
v 0.48660843 1.08108546 0.04751644
v 0.48443945 1.05469324 0.04996175
v 0.37008802 0.51671206 0.04996175
v 0.36133480 0.49171936 0.04751644
v 0.34685416 0.47057265 0.04041990
v 0.32806357 0.45534191 0.02936678
v 0.30680238 0.44751803 0.01543903
v 0.44192266 1.14637628 0.02498087
v 0.44657471 1.13304437 0.04751644
v 0.44834898 1.11344243 0.06540078
v 0.44707180 1.08948923 0.07688322
v 0.44286817 1.06352949 0.08083980
v 0.32851674 0.52554831 0.08083980
v 0.32179817 0.50012313 0.07688322
v 0.31322229 0.47772132 0.06540078
v 0.30362859 0.46053572 0.04751644
v 0.29395615 0.45024858 0.02498087
v 0.42604385 1.14975142 0.02498087
v 0.41637141 1.13946428 0.04751644
v 0.40677771 1.12227868 0.06540078
v 0.39820183 1.09987687 0.07688322
v 0.39148326 1.07445169 0.08083980
v 0.27713183 0.53647051 0.08083980
v 0.27292820 0.51051077 0.07688322
v 0.27165102 0.48655757 0.06540078
v 0.27342529 0.46695563 0.04751644
v 0.27807734 0.45362372 0.02498087
v 0.41319762 1.15248197 0.01543903
v 0.39193643 1.14465809 0.02936678
v 0.37314584 1.12942735 0.04041990
v 0.35866520 1.10828064 0.04751644
v 0.34991198 1.08328794 0.04996175
v 0.23556055 0.54530676 0.04996175
v 0.23339157 0.51891454 0.04751644
v 0.23801915 0.49370624 0.04041990
v 0.24899031 0.47214945 0.02936678
v 0.26523111 0.45635427 0.01543903
v 0.40829080 1.15352495 -0.00000000
v 0.38260310 1.14664195 -0.00000000
v 0.36029961 1.13215790 -0.00000000
v 0.34356356 1.11149059 -0.00000000
v 0.33403317 1.08666308 -0.00000000
v 0.21968174 0.54868190 0.00000000
v 0.21828992 0.52212449 0.00000000
v 0.22517292 0.49643680 0.00000000
v 0.23965697 0.47413331 0.00000000
v 0.26032429 0.45739725 0.00000000
v 0.41319762 1.15248197 -0.01543903
v 0.39193643 1.14465809 -0.02936678
v 0.37314584 1.12942735 -0.04041990
v 0.35866520 1.10828064 -0.04751644
v 0.34991198 1.08328794 -0.04996175
v 0.23556055 0.54530676 -0.04996175
v 0.23339157 0.51891454 -0.04751644
v 0.23801915 0.49370624 -0.04041990
v 0.24899031 0.47214945 -0.02936678
v 0.26523111 0.45635427 -0.01543903
v 0.42604385 1.14975142 -0.02498087
v 0.41637141 1.13946428 -0.04751644
v 0.40677771 1.12227868 -0.06540078
v 0.39820183 1.09987687 -0.07688322
v 0.39148326 1.07445169 -0.08083980
v 0.27713183 0.53647051 -0.08083980
v 0.27292820 0.51051077 -0.07688322
v 0.27165102 0.48655757 -0.06540078
v 0.27342529 0.46695563 -0.04751644
v 0.27807734 0.45362372 -0.02498087
v 0.44192266 1.14637628 -0.02498087
v 0.44657471 1.13304437 -0.04751644
v 0.44834898 1.11344243 -0.06540078
v 0.44707180 1.08948923 -0.07688322
v 0.44286817 1.06352949 -0.08083980
v 0.32851674 0.52554831 -0.08083980
v 0.32179817 0.50012313 -0.07688322
v 0.31322229 0.47772132 -0.06540078
v 0.30362859 0.46053572 -0.04751644
v 0.29395615 0.45024858 -0.02498087
v 0.45476889 1.14364573 -0.01543903
v 0.47100969 1.12785055 -0.02936678
v 0.48198085 1.10629376 -0.04041990
v 0.48660843 1.08108546 -0.04751644
v 0.48443945 1.05469324 -0.04996175
v 0.37008802 0.51671206 -0.04996175
v 0.36133480 0.49171936 -0.04751644
v 0.34685416 0.47057265 -0.04041990
v 0.32806357 0.45534191 -0.02936678
v 0.30680238 0.44751803 -0.01543903
v 0.41531286 0.53230532 0.00000000
v 0.50468714 0.53230532 0.00000000
v 0.41531286 0.38769468 0.00000000
v 0.50468714 0.38769468 0.00000000
v 0.46000000 0.41531286 0.07230532
v 0.46000000 0.50468714 0.07230532
v 0.46000000 0.41531286 -0.07230532
v 0.46000000 0.50468714 -0.07230532
v 0.53230532 0.46000000 -0.04468714
v 0.53230532 0.46000000 0.04468714
v 0.38769468 0.46000000 -0.04468714
v 0.38769468 0.46000000 0.04468714
v 0.46000000 0.54500000 0.00000000
v 0.46000000 0.37500000 0.00000000
v 0.43373356 0.39123356 0.04250000
v 0.48626644 0.39123356 0.04250000
v 0.43373356 0.52876644 0.04250000
v 0.48626644 0.52876644 0.04250000
v 0.46000000 0.46000000 0.08500000
v 0.43373356 0.39123356 -0.04250000
v 0.48626644 0.39123356 -0.04250000
v 0.43373356 0.52876644 -0.04250000
v 0.48626644 0.52876644 -0.04250000
v 0.46000000 0.46000000 -0.08500000
v 0.52876644 0.50250000 -0.02626644
v 0.52876644 0.41750000 -0.02626644
v 0.50250000 0.43373356 -0.06876644
v 0.50250000 0.48626644 -0.06876644
v 0.52876644 0.50250000 0.02626644
v 0.52876644 0.41750000 0.02626644
v 0.50250000 0.43373356 0.06876644
v 0.50250000 0.48626644 0.06876644
v 0.54500000 0.46000000 0.00000000
v 0.39123356 0.50250000 -0.02626644
v 0.39123356 0.41750000 -0.02626644
v 0.41750000 0.43373356 -0.06876644
v 0.41750000 0.48626644 -0.06876644
v 0.39123356 0.50250000 0.02626644
v 0.39123356 0.41750000 0.02626644
v 0.41750000 0.43373356 0.06876644
v 0.41750000 0.48626644 0.06876644
v 0.37500000 0.46000000 0.00000000
v 0.43677235 0.54176476 0.00000000
v 0.48322765 0.54176476 0.00000000
v 0.43677235 0.37823524 0.00000000
v 0.48322765 0.37823524 0.00000000
v 0.42311947 0.38667318 0.02209081
v 0.44634713 0.40102866 0.05967395
v 0.44619091 0.37916020 0.02234357
v 0.49688053 0.38667318 0.02209081
v 0.47365287 0.40102866 0.05967395
v 0.47380909 0.37916020 0.02234357
v 0.46000000 0.38769468 0.04468714
v 0.42311947 0.53332682 0.02209081
v 0.44634713 0.51897134 0.05967395
v 0.44619091 0.54083980 0.02234357
v 0.49688053 0.53332682 0.02209081
v 0.47365287 0.51897134 0.05967395
v 0.47380909 0.54083980 0.02234357
v 0.46000000 0.53230532 0.04468714
v 0.46000000 0.43677235 0.08176476
v 0.46000000 0.48322765 0.08176476
v 0.42311947 0.38667318 -0.02209081
v 0.44634713 0.40102866 -0.05967395
v 0.44619091 0.37916020 -0.02234357
v 0.49688053 0.38667318 -0.02209081
v 0.47365287 0.40102866 -0.05967395
v 0.47380909 0.37916020 -0.02234357
v 0.46000000 0.38769468 -0.04468714
v 0.42311947 0.53332682 -0.02209081
v 0.44634713 0.51897134 -0.05967395
v 0.44619091 0.54083980 -0.02234357
v 0.49688053 0.53332682 -0.02209081
v 0.47365287 0.51897134 -0.05967395
v 0.47380909 0.54083980 -0.02234357
v 0.46000000 0.53230532 -0.04468714
v 0.46000000 0.43677235 -0.08176476
v 0.46000000 0.48322765 -0.08176476
v 0.51897134 0.51967395 -0.01365287
v 0.53332682 0.48209081 -0.03688053
v 0.50996175 0.51849623 -0.03615266
v 0.51897134 0.40032605 -0.01365287
v 0.53332682 0.43790919 -0.03688053
v 0.50996175 0.40150377 -0.03615266
v 0.48209081 0.42311947 -0.07332682
v 0.51967395 0.44634713 -0.05897134
v 0.49615266 0.41003825 -0.05849623
v 0.48234357 0.44619091 -0.08083980
v 0.51849623 0.42384734 -0.04996175
v 0.48209081 0.49688053 -0.07332682
v 0.51967395 0.47365287 -0.05897134
v 0.49615266 0.50996175 -0.05849623
v 0.48234357 0.47380909 -0.08083980
v 0.51849623 0.49615266 -0.04996175
v 0.50468714 0.46000000 -0.07230532
v 0.51897134 0.51967395 0.01365287
v 0.53332682 0.48209081 0.03688053
v 0.50996175 0.51849623 0.03615266
v 0.53230532 0.50468714 0.00000000
v 0.51897134 0.40032605 0.01365287
v 0.53332682 0.43790919 0.03688053
v 0.50996175 0.40150377 0.03615266
v 0.53230532 0.41531286 0.00000000
v 0.48209081 0.42311947 0.07332682
v 0.51967395 0.44634713 0.05897134
v 0.49615266 0.41003825 0.05849623
v 0.48234357 0.44619091 0.08083980
v 0.51849623 0.42384734 0.04996175
v 0.48209081 0.49688053 0.07332682
v 0.51967395 0.47365287 0.05897134
v 0.49615266 0.50996175 0.05849623
v 0.48234357 0.47380909 0.08083980
v 0.51849623 0.49615266 0.04996175
v 0.50468714 0.46000000 0.07230532
v 0.54176476 0.46000000 -0.02322765
v 0.54176476 0.46000000 0.02322765
v 0.54083980 0.48234357 -0.01380909
v 0.54083980 0.43765643 -0.01380909
v 0.54083980 0.48234357 0.01380909
v 0.54083980 0.43765643 0.01380909
v 0.40102866 0.51967395 -0.01365287
v 0.38667318 0.48209081 -0.03688053
v 0.41003825 0.51849623 -0.03615266
v 0.40102866 0.40032605 -0.01365287
v 0.38667318 0.43790919 -0.03688053
v 0.41003825 0.40150377 -0.03615266
v 0.43790919 0.42311947 -0.07332682
v 0.40032605 0.44634713 -0.05897134
v 0.42384734 0.41003825 -0.05849623
v 0.43765643 0.44619091 -0.08083980
v 0.40150377 0.42384734 -0.04996175
v 0.43790919 0.49688053 -0.07332682
v 0.40032605 0.47365287 -0.05897134
v 0.42384734 0.50996175 -0.05849623
v 0.43765643 0.47380909 -0.08083980
v 0.40150377 0.49615266 -0.04996175
v 0.41531286 0.46000000 -0.07230532
v 0.40102866 0.51967395 0.01365287
v 0.38667318 0.48209081 0.03688053
v 0.41003825 0.51849623 0.03615266
v 0.38769468 0.50468714 0.00000000
v 0.40102866 0.40032605 0.01365287
v 0.38667318 0.43790919 0.03688053
v 0.41003825 0.40150377 0.03615266
v 0.38769468 0.41531286 0.00000000
v 0.43790919 0.42311947 0.07332682
v 0.40032605 0.44634713 0.05897134
v 0.42384734 0.41003825 0.05849623
v 0.43765643 0.44619091 0.08083980
v 0.40150377 0.42384734 0.04996175
v 0.43790919 0.49688053 0.07332682
v 0.40032605 0.47365287 0.05897134
v 0.42384734 0.50996175 0.05849623
v 0.43765643 0.47380909 0.08083980
v 0.40150377 0.49615266 0.04996175
v 0.41531286 0.46000000 0.07230532
v 0.37823524 0.46000000 -0.02322765
v 0.37823524 0.46000000 0.02322765
v 0.37916020 0.48234357 -0.01380909
v 0.37916020 0.43765643 -0.01380909
v 0.37916020 0.48234357 0.01380909
v 0.37916020 0.43765643 0.01380909
v -0.15000000 0.53000000 -0.00000000
v -0.12527864 0.52608452 -0.00000000
v -0.10297718 0.51472136 -0.00000000
v -0.08527864 0.49702282 -0.00000000
v -0.07391548 0.47472136 -0.00000000
v -0.07000000 0.45000000 -0.00000000
v -0.07000000 0.11000000 0.00000000
v -0.07391548 0.08527864 0.00000000
v -0.08527864 0.06297718 0.00000000
v -0.10297718 0.04527864 0.00000000
v -0.12527864 0.03391548 0.00000000
v -0.15000000 0.03000000 0.00000000
v -0.13000000 0.52608452 0.01453085
v -0.11195774 0.51472136 0.02763932
v -0.09763932 0.49702282 0.03804226
v -0.08844633 0.47472136 0.04472136
v -0.08527864 0.45000000 0.04702282
v -0.08527864 0.11000000 0.04702282
v -0.08844633 0.08527864 0.04472136
v -0.09763932 0.06297718 0.03804226
v -0.11195774 0.04527864 0.02763932
v -0.13000000 0.03391548 0.01453085
v -0.14236068 0.52608452 0.02351141
v -0.13546915 0.51472136 0.04472136
v -0.13000000 0.49702282 0.06155367
v -0.12648859 0.47472136 0.07236068
v -0.12527864 0.45000000 0.07608452
v -0.12527864 0.11000000 0.07608452
v -0.12648859 0.08527864 0.07236068
v -0.13000000 0.06297718 0.06155367
v -0.13546915 0.04527864 0.04472136
v -0.14236068 0.03391548 0.02351141
v -0.15763932 0.52608452 0.02351141
v -0.16453085 0.51472136 0.04472136
v -0.17000000 0.49702282 0.06155367
v -0.17351141 0.47472136 0.07236068
v -0.17472136 0.45000000 0.07608452
v -0.17472136 0.11000000 0.07608452
v -0.17351141 0.08527864 0.07236068
v -0.17000000 0.06297718 0.06155367
v -0.16453085 0.04527864 0.04472136
v -0.15763932 0.03391548 0.02351141
v -0.17000000 0.52608452 0.01453085
v -0.18804226 0.51472136 0.02763932
v -0.20236068 0.49702282 0.03804226
v -0.21155367 0.47472136 0.04472136
v -0.21472136 0.45000000 0.04702282
v -0.21472136 0.11000000 0.04702282
v -0.21155367 0.08527864 0.04472136
v -0.20236068 0.06297718 0.03804226
v -0.18804226 0.04527864 0.02763932
v -0.17000000 0.03391548 0.01453085
v -0.17472136 0.52608452 -0.00000000
v -0.19702282 0.51472136 -0.00000000
v -0.21472136 0.49702282 -0.00000000
v -0.22608452 0.47472136 -0.00000000
v -0.23000000 0.45000000 -0.00000000
v -0.23000000 0.11000000 0.00000000
v -0.22608452 0.08527864 0.00000000
v -0.21472136 0.06297718 0.00000000
v -0.19702282 0.04527864 0.00000000
v -0.17472136 0.03391548 0.00000000
v -0.17000000 0.52608452 -0.01453085
v -0.18804226 0.51472136 -0.02763932
v -0.20236068 0.49702282 -0.03804226
v -0.21155367 0.47472136 -0.04472136
v -0.21472136 0.45000000 -0.04702282
v -0.21472136 0.11000000 -0.04702282
v -0.21155367 0.08527864 -0.04472136
v -0.20236068 0.06297718 -0.03804226
v -0.18804226 0.04527864 -0.02763932
v -0.17000000 0.03391548 -0.01453085
v -0.15763932 0.52608452 -0.02351141
v -0.16453085 0.51472136 -0.04472136
v -0.17000000 0.49702282 -0.06155367
v -0.17351141 0.47472136 -0.07236068
v -0.17472136 0.45000000 -0.07608452
v -0.17472136 0.11000000 -0.07608452
v -0.17351141 0.08527864 -0.07236068
v -0.17000000 0.06297718 -0.06155367
v -0.16453085 0.04527864 -0.04472136
v -0.15763932 0.03391548 -0.02351141
v -0.14236068 0.52608452 -0.02351141
v -0.13546915 0.51472136 -0.04472136
v -0.13000000 0.49702282 -0.06155367
v -0.12648859 0.47472136 -0.07236068
v -0.12527864 0.45000000 -0.07608452
v -0.12527864 0.11000000 -0.07608452
v -0.12648859 0.08527864 -0.07236068
v -0.13000000 0.06297718 -0.06155367
v -0.13546915 0.04527864 -0.04472136
v -0.14236068 0.03391548 -0.02351141
v -0.13000000 0.52608452 -0.01453085
v -0.11195774 0.51472136 -0.02763932
v -0.09763932 0.49702282 -0.03804226
v -0.08844633 0.47472136 -0.04472136
v -0.08527864 0.45000000 -0.04702282
v -0.08527864 0.11000000 -0.04702282
v -0.08844633 0.08527864 -0.04472136
v -0.09763932 0.06297718 -0.03804226
v -0.11195774 0.04527864 -0.02763932
v -0.13000000 0.03391548 -0.01453085
v -0.15000000 0.33000000 -0.00000000
v -0.11909830 0.32510565 -0.00000000
v -0.09122147 0.31090170 -0.00000000
v -0.06909830 0.28877853 -0.00000000
v -0.05489435 0.26090170 -0.00000000
v -0.05000000 0.23000000 -0.00000000
v -0.05000000 0.01000000 0.00000000
v -0.05489435 -0.02090170 0.00000000
v -0.06909830 -0.04877853 0.00000000
v -0.09122147 -0.07090170 0.00000000
v -0.11909830 -0.08510565 0.00000000
v -0.15000000 -0.09000000 0.00000000
v -0.12500000 0.32510565 0.01816356
v -0.10244717 0.31090170 0.03454915
v -0.08454915 0.28877853 0.04755283
v -0.07305791 0.26090170 0.05590170
v -0.06909830 0.23000000 0.05877853
v -0.06909830 0.01000000 0.05877853
v -0.07305791 -0.02090170 0.05590170
v -0.08454915 -0.04877853 0.04755283
v -0.10244717 -0.07090170 0.03454915
v -0.12500000 -0.08510565 0.01816356
v -0.14045085 0.32510565 0.02938926
v -0.13183644 0.31090170 0.05590170
v -0.12500000 0.28877853 0.07694209
v -0.12061074 0.26090170 0.09045085
v -0.11909830 0.23000000 0.09510565
v -0.11909830 0.01000000 0.09510565
v -0.12061074 -0.02090170 0.09045085
v -0.12500000 -0.04877853 0.07694209
v -0.13183644 -0.07090170 0.05590170
v -0.14045085 -0.08510565 0.02938926
v -0.15954915 0.32510565 0.02938926
v -0.16816356 0.31090170 0.05590170
v -0.17500000 0.28877853 0.07694209
v -0.17938926 0.26090170 0.09045085
v -0.18090170 0.23000000 0.09510565
v -0.18090170 0.01000000 0.09510565
v -0.17938926 -0.02090170 0.09045085
v -0.17500000 -0.04877853 0.07694209
v -0.16816356 -0.07090170 0.05590170
v -0.15954915 -0.08510565 0.02938926
v -0.17500000 0.32510565 0.01816356
v -0.19755283 0.31090170 0.03454915
v -0.21545085 0.28877853 0.04755283
v -0.22694209 0.26090170 0.05590170
v -0.23090170 0.23000000 0.05877853
v -0.23090170 0.01000000 0.05877853
v -0.22694209 -0.02090170 0.05590170
v -0.21545085 -0.04877853 0.04755283
v -0.19755283 -0.07090170 0.03454915
v -0.17500000 -0.08510565 0.01816356
v -0.18090170 0.32510565 -0.00000000
v -0.20877853 0.31090170 -0.00000000
v -0.23090170 0.28877853 -0.00000000
v -0.24510565 0.26090170 0.00000000
v -0.25000000 0.23000000 0.00000000
v -0.25000000 0.01000000 0.00000000
v -0.24510565 -0.02090170 0.00000000
v -0.23090170 -0.04877853 0.00000000
v -0.20877853 -0.07090170 0.00000000
v -0.18090170 -0.08510565 0.00000000
v -0.17500000 0.32510565 -0.01816356
v -0.19755283 0.31090170 -0.03454915
v -0.21545085 0.28877853 -0.04755283
v -0.22694209 0.26090170 -0.05590170
v -0.23090170 0.23000000 -0.05877853
v -0.23090170 0.01000000 -0.05877853
v -0.22694209 -0.02090170 -0.05590170
v -0.21545085 -0.04877853 -0.04755283
v -0.19755283 -0.07090170 -0.03454915
v -0.17500000 -0.08510565 -0.01816356
v -0.15954915 0.32510565 -0.02938926
v -0.16816356 0.31090170 -0.05590170
v -0.17500000 0.28877853 -0.07694209
v -0.17938926 0.26090170 -0.09045085
v -0.18090170 0.23000000 -0.09510565
v -0.18090170 0.01000000 -0.09510565
v -0.17938926 -0.02090170 -0.09045085
v -0.17500000 -0.04877853 -0.07694209
v -0.16816356 -0.07090170 -0.05590170
v -0.15954915 -0.08510565 -0.02938926
v -0.14045085 0.32510565 -0.02938926
v -0.13183644 0.31090170 -0.05590170
v -0.12500000 0.28877853 -0.07694209
v -0.12061074 0.26090170 -0.09045085
v -0.11909830 0.23000000 -0.09510565
v -0.11909830 0.01000000 -0.09510565
v -0.12061074 -0.02090170 -0.09045085
v -0.12500000 -0.04877853 -0.07694209
v -0.13183644 -0.07090170 -0.05590170
v -0.14045085 -0.08510565 -0.02938926
v -0.12500000 0.32510565 -0.01816356
v -0.10244717 0.31090170 -0.03454915
v -0.08454915 0.28877853 -0.04755283
v -0.07305791 0.26090170 -0.05590170
v -0.06909830 0.23000000 -0.05877853
v -0.06909830 0.01000000 -0.05877853
v -0.07305791 -0.02090170 -0.05590170
v -0.08454915 -0.04877853 -0.04755283
v -0.10244717 -0.07090170 -0.03454915
v -0.12500000 -0.08510565 -0.01816356
v -0.20783042 0.11614295 0.05000000
v -0.09216958 0.11614295 0.05000000
v -0.20783042 0.00385705 0.05000000
v -0.09216958 0.00385705 0.05000000
v -0.15000000 0.02530175 0.17164307
v -0.15000000 0.09469825 0.17164307
v -0.15000000 0.02530175 -0.07164307
v -0.15000000 0.09469825 -0.07164307
v -0.05642841 0.06000000 -0.02517955
v -0.05642841 0.06000000 0.12517955
v -0.24357159 0.06000000 -0.02517955
v -0.24357159 0.06000000 0.12517955
v -0.15000000 0.12600000 0.05000000
v -0.15000000 -0.00600000 0.05000000
v -0.18399187 0.00660488 0.12150000
v -0.11600813 0.00660488 0.12150000
v -0.18399187 0.11339512 0.12150000
v -0.11600813 0.11339512 0.12150000
v -0.15000000 0.06000000 0.19300000
v -0.18399187 0.00660488 -0.02150000
v -0.11600813 0.00660488 -0.02150000
v -0.18399187 0.11339512 -0.02150000
v -0.11600813 0.11339512 -0.02150000
v -0.15000000 0.06000000 -0.09300000
v -0.06100813 0.09300000 0.00581057
v -0.06100813 0.02700000 0.00581057
v -0.09500000 0.03960488 -0.06568943
v -0.09500000 0.08039512 -0.06568943
v -0.06100813 0.09300000 0.09418943
v -0.06100813 0.02700000 0.09418943
v -0.09500000 0.03960488 0.16568943
v -0.09500000 0.08039512 0.16568943
v -0.04000000 0.06000000 0.05000000
v -0.23899187 0.09300000 0.00581057
v -0.23899187 0.02700000 0.00581057
v -0.20500000 0.03960488 -0.06568943
v -0.20500000 0.08039512 -0.06568943
v -0.23899187 0.09300000 0.09418943
v -0.23899187 0.02700000 0.09418943
v -0.20500000 0.03960488 0.16568943
v -0.20500000 0.08039512 0.16568943
v -0.26000000 0.06000000 0.05000000
v -0.18005932 0.12348793 0.05000000
v -0.11994068 0.12348793 0.05000000
v -0.18005932 -0.00348793 0.05000000
v -0.11994068 -0.00348793 0.05000000
v -0.19772774 0.00306388 0.08716454
v -0.16766842 0.01421049 0.15039264
v -0.16787058 -0.00276973 0.08758977
v -0.10227226 0.00306388 0.08716454
v -0.13233158 0.01421049 0.15039264
v -0.13212942 -0.00276973 0.08758977
v -0.15000000 0.00385705 0.12517955
v -0.19772774 0.11693612 0.08716454
v -0.16766842 0.10578951 0.15039264
v -0.16787058 0.12276973 0.08758977
v -0.10227226 0.11693612 0.08716454
v -0.13233158 0.10578951 0.15039264
v -0.13212942 0.12276973 0.08758977
v -0.15000000 0.11614295 0.12517955
v -0.15000000 0.04196441 0.18755719
v -0.15000000 0.07803559 0.18755719
v -0.19772774 0.00306388 0.01283546
v -0.16766842 0.01421049 -0.05039264
v -0.16787058 -0.00276973 0.01241023
v -0.10227226 0.00306388 0.01283546
v -0.13233158 0.01421049 -0.05039264
v -0.13212942 -0.00276973 0.01241023
v -0.15000000 0.00385705 -0.02517955
v -0.19772774 0.11693612 0.01283546
v -0.16766842 0.10578951 -0.05039264
v -0.16787058 0.12276973 0.01241023
v -0.10227226 0.11693612 0.01283546
v -0.13233158 0.10578951 -0.05039264
v -0.13212942 0.12276973 0.01241023
v -0.15000000 0.11614295 -0.02517955
v -0.15000000 0.04196441 -0.08755719
v -0.15000000 0.07803559 -0.08755719
v -0.07368415 0.10633507 0.02703105
v -0.05510647 0.07715287 -0.01204606
v -0.08534362 0.10542060 -0.01082153
v -0.07368415 0.01366493 0.02703105
v -0.05510647 0.04284713 -0.01204606
v -0.08534362 0.01457940 -0.01082153
v -0.12141189 0.03136335 -0.07336159
v -0.07277489 0.04939895 -0.04921061
v -0.10321421 0.02120617 -0.04841131
v -0.12108479 0.04927765 -0.08600108
v -0.07429899 0.03192852 -0.03405329
v -0.12141189 0.08863665 -0.07336159
v -0.07277489 0.07060105 -0.04921061
v -0.10321421 0.09879383 -0.04841131
v -0.12108479 0.07072235 -0.08600108
v -0.07429899 0.08807148 -0.03405329
v -0.09216958 0.06000000 -0.07164307
v -0.07368415 0.10633507 0.07296895
v -0.05510647 0.07715287 0.11204606
v -0.08534362 0.10542060 0.11082153
v -0.05642841 0.09469825 0.05000000
v -0.07368415 0.01366493 0.07296895
v -0.05510647 0.04284713 0.11204606
v -0.08534362 0.01457940 0.11082153
v -0.05642841 0.02530175 0.05000000
v -0.12141189 0.03136335 0.17336159
v -0.07277489 0.04939895 0.14921061
v -0.10321421 0.02120617 0.14841131
v -0.12108479 0.04927765 0.18600108
v -0.07429899 0.03192852 0.13405329
v -0.12141189 0.08863665 0.17336159
v -0.07277489 0.07060105 0.14921061
v -0.10321421 0.09879383 0.14841131
v -0.12108479 0.07072235 0.18600108
v -0.07429899 0.08807148 0.13405329
v -0.09216958 0.06000000 0.17164307
v -0.04418678 0.06000000 0.01092289
v -0.04418678 0.06000000 0.08907711
v -0.04538378 0.07734913 0.02676824
v -0.04538378 0.04265087 0.02676824
v -0.04538378 0.07734913 0.07323176
v -0.04538378 0.04265087 0.07323176
v -0.22631585 0.10633507 0.02703105
v -0.24489353 0.07715287 -0.01204606
v -0.21465638 0.10542060 -0.01082153
v -0.22631585 0.01366493 0.02703105
v -0.24489353 0.04284713 -0.01204606
v -0.21465638 0.01457940 -0.01082153
v -0.17858811 0.03136335 -0.07336159
v -0.22722511 0.04939895 -0.04921061
v -0.19678579 0.02120617 -0.04841131
v -0.17891521 0.04927765 -0.08600108
v -0.22570101 0.03192852 -0.03405329
v -0.17858811 0.08863665 -0.07336159
v -0.22722511 0.07060105 -0.04921061
v -0.19678579 0.09879383 -0.04841131
v -0.17891521 0.07072235 -0.08600108
v -0.22570101 0.08807148 -0.03405329
v -0.20783042 0.06000000 -0.07164307
v -0.22631585 0.10633507 0.07296895
v -0.24489353 0.07715287 0.11204606
v -0.21465638 0.10542060 0.11082153
v -0.24357159 0.09469825 0.05000000
v -0.22631585 0.01366493 0.07296895
v -0.24489353 0.04284713 0.11204606
v -0.21465638 0.01457940 0.11082153
v -0.24357159 0.02530175 0.05000000
v -0.17858811 0.03136335 0.17336159
v -0.22722511 0.04939895 0.14921061
v -0.19678579 0.02120617 0.14841131
v -0.17891521 0.04927765 0.18600108
v -0.22570101 0.03192852 0.13405329
v -0.17858811 0.08863665 0.17336159
v -0.22722511 0.07060105 0.14921061
v -0.19678579 0.09879383 0.14841131
v -0.17891521 0.07072235 0.18600108
v -0.22570101 0.08807148 0.13405329
v -0.20783042 0.06000000 0.17164307
v -0.25581322 0.06000000 0.01092289
v -0.25581322 0.06000000 0.08907711
v -0.25461622 0.07734913 0.02676824
v -0.25461622 0.04265087 0.02676824
v -0.25461622 0.07734913 0.07323176
v -0.25461622 0.04265087 0.07323176
v 0.15000000 0.53000000 -0.00000000
v 0.17472136 0.52608452 -0.00000000
v 0.19702282 0.51472136 -0.00000000
v 0.21472136 0.49702282 -0.00000000
v 0.22608452 0.47472136 -0.00000000
v 0.23000000 0.45000000 -0.00000000
v 0.23000000 0.11000000 0.00000000
v 0.22608452 0.08527864 0.00000000
v 0.21472136 0.06297718 0.00000000
v 0.19702282 0.04527864 0.00000000
v 0.17472136 0.03391548 0.00000000
v 0.15000000 0.03000000 0.00000000
v 0.17000000 0.52608452 0.01453085
v 0.18804226 0.51472136 0.02763932
v 0.20236068 0.49702282 0.03804226
v 0.21155367 0.47472136 0.04472136
v 0.21472136 0.45000000 0.04702282
v 0.21472136 0.11000000 0.04702282
v 0.21155367 0.08527864 0.04472136
v 0.20236068 0.06297718 0.03804226
v 0.18804226 0.04527864 0.02763932
v 0.17000000 0.03391548 0.01453085
v 0.15763932 0.52608452 0.02351141
v 0.16453085 0.51472136 0.04472136
v 0.17000000 0.49702282 0.06155367
v 0.17351141 0.47472136 0.07236068
v 0.17472136 0.45000000 0.07608452
v 0.17472136 0.11000000 0.07608452
v 0.17351141 0.08527864 0.07236068
v 0.17000000 0.06297718 0.06155367
v 0.16453085 0.04527864 0.04472136
v 0.15763932 0.03391548 0.02351141
v 0.14236068 0.52608452 0.02351141
v 0.13546915 0.51472136 0.04472136
v 0.13000000 0.49702282 0.06155367
v 0.12648859 0.47472136 0.07236068
v 0.12527864 0.45000000 0.07608452
v 0.12527864 0.11000000 0.07608452
v 0.12648859 0.08527864 0.07236068
v 0.13000000 0.06297718 0.06155367
v 0.13546915 0.04527864 0.04472136
v 0.14236068 0.03391548 0.02351141
v 0.13000000 0.52608452 0.01453085
v 0.11195774 0.51472136 0.02763932
v 0.09763932 0.49702282 0.03804226
v 0.08844633 0.47472136 0.04472136
v 0.08527864 0.45000000 0.04702282
v 0.08527864 0.11000000 0.04702282
v 0.08844633 0.08527864 0.04472136
v 0.09763932 0.06297718 0.03804226
v 0.11195774 0.04527864 0.02763932
v 0.13000000 0.03391548 0.01453085
v 0.12527864 0.52608452 -0.00000000
v 0.10297718 0.51472136 -0.00000000
v 0.08527864 0.49702282 -0.00000000
v 0.07391548 0.47472136 -0.00000000
v 0.07000000 0.45000000 -0.00000000
v 0.07000000 0.11000000 0.00000000
v 0.07391548 0.08527864 0.00000000
v 0.08527864 0.06297718 0.00000000
v 0.10297718 0.04527864 0.00000000
v 0.12527864 0.03391548 0.00000000
v 0.13000000 0.52608452 -0.01453085
v 0.11195774 0.51472136 -0.02763932
v 0.09763932 0.49702282 -0.03804226
v 0.08844633 0.47472136 -0.04472136
v 0.08527864 0.45000000 -0.04702282
v 0.08527864 0.11000000 -0.04702282
v 0.08844633 0.08527864 -0.04472136
v 0.09763932 0.06297718 -0.03804226
v 0.11195774 0.04527864 -0.02763932
v 0.13000000 0.03391548 -0.01453085
v 0.14236068 0.52608452 -0.02351141
v 0.13546915 0.51472136 -0.04472136
v 0.13000000 0.49702282 -0.06155367
v 0.12648859 0.47472136 -0.07236068
v 0.12527864 0.45000000 -0.07608452
v 0.12527864 0.11000000 -0.07608452
v 0.12648859 0.08527864 -0.07236068
v 0.13000000 0.06297718 -0.06155367
v 0.13546915 0.04527864 -0.04472136
v 0.14236068 0.03391548 -0.02351141
v 0.15763932 0.52608452 -0.02351141
v 0.16453085 0.51472136 -0.04472136
v 0.17000000 0.49702282 -0.06155367
v 0.17351141 0.47472136 -0.07236068
v 0.17472136 0.45000000 -0.07608452
v 0.17472136 0.11000000 -0.07608452
v 0.17351141 0.08527864 -0.07236068
v 0.17000000 0.06297718 -0.06155367
v 0.16453085 0.04527864 -0.04472136
v 0.15763932 0.03391548 -0.02351141
v 0.17000000 0.52608452 -0.01453085
v 0.18804226 0.51472136 -0.02763932
v 0.20236068 0.49702282 -0.03804226
v 0.21155367 0.47472136 -0.04472136
v 0.21472136 0.45000000 -0.04702282
v 0.21472136 0.11000000 -0.04702282
v 0.21155367 0.08527864 -0.04472136
v 0.20236068 0.06297718 -0.03804226
v 0.18804226 0.04527864 -0.02763932
v 0.17000000 0.03391548 -0.01453085
v 0.15000000 0.33000000 -0.00000000
v 0.18090170 0.32510565 -0.00000000
v 0.20877853 0.31090170 -0.00000000
v 0.23090170 0.28877853 -0.00000000
v 0.24510565 0.26090170 -0.00000000
v 0.25000000 0.23000000 -0.00000000
v 0.25000000 0.01000000 0.00000000
v 0.24510565 -0.02090170 0.00000000
v 0.23090170 -0.04877853 0.00000000
v 0.20877853 -0.07090170 0.00000000
v 0.18090170 -0.08510565 0.00000000
v 0.15000000 -0.09000000 0.00000000
v 0.17500000 0.32510565 0.01816356
v 0.19755283 0.31090170 0.03454915
v 0.21545085 0.28877853 0.04755283
v 0.22694209 0.26090170 0.05590170
v 0.23090170 0.23000000 0.05877853
v 0.23090170 0.01000000 0.05877853
v 0.22694209 -0.02090170 0.05590170
v 0.21545085 -0.04877853 0.04755283
v 0.19755283 -0.07090170 0.03454915
v 0.17500000 -0.08510565 0.01816356
v 0.15954915 0.32510565 0.02938926
v 0.16816356 0.31090170 0.05590170
v 0.17500000 0.28877853 0.07694209
v 0.17938926 0.26090170 0.09045085
v 0.18090170 0.23000000 0.09510565
v 0.18090170 0.01000000 0.09510565
v 0.17938926 -0.02090170 0.09045085
v 0.17500000 -0.04877853 0.07694209
v 0.16816356 -0.07090170 0.05590170
v 0.15954915 -0.08510565 0.02938926
v 0.14045085 0.32510565 0.02938926
v 0.13183644 0.31090170 0.05590170
v 0.12500000 0.28877853 0.07694209
v 0.12061074 0.26090170 0.09045085
v 0.11909830 0.23000000 0.09510565
v 0.11909830 0.01000000 0.09510565
v 0.12061074 -0.02090170 0.09045085
v 0.12500000 -0.04877853 0.07694209
v 0.13183644 -0.07090170 0.05590170
v 0.14045085 -0.08510565 0.02938926
v 0.12500000 0.32510565 0.01816356
v 0.10244717 0.31090170 0.03454915
v 0.08454915 0.28877853 0.04755283
v 0.07305791 0.26090170 0.05590170
v 0.06909830 0.23000000 0.05877853
v 0.06909830 0.01000000 0.05877853
v 0.07305791 -0.02090170 0.05590170
v 0.08454915 -0.04877853 0.04755283
v 0.10244717 -0.07090170 0.03454915
v 0.12500000 -0.08510565 0.01816356
v 0.11909830 0.32510565 -0.00000000
v 0.09122147 0.31090170 -0.00000000
v 0.06909830 0.28877853 -0.00000000
v 0.05489435 0.26090170 0.00000000
v 0.05000000 0.23000000 0.00000000
v 0.05000000 0.01000000 0.00000000
v 0.05489435 -0.02090170 0.00000000
v 0.06909830 -0.04877853 0.00000000
v 0.09122147 -0.07090170 0.00000000
v 0.11909830 -0.08510565 0.00000000
v 0.12500000 0.32510565 -0.01816356
v 0.10244717 0.31090170 -0.03454915
v 0.08454915 0.28877853 -0.04755283
v 0.07305791 0.26090170 -0.05590170
v 0.06909830 0.23000000 -0.05877853
v 0.06909830 0.01000000 -0.05877853
v 0.07305791 -0.02090170 -0.05590170
v 0.08454915 -0.04877853 -0.04755283
v 0.10244717 -0.07090170 -0.03454915
v 0.12500000 -0.08510565 -0.01816356
v 0.14045085 0.32510565 -0.02938926
v 0.13183644 0.31090170 -0.05590170
v 0.12500000 0.28877853 -0.07694209
v 0.12061074 0.26090170 -0.09045085
v 0.11909830 0.23000000 -0.09510565
v 0.11909830 0.01000000 -0.09510565
v 0.12061074 -0.02090170 -0.09045085
v 0.12500000 -0.04877853 -0.07694209
v 0.13183644 -0.07090170 -0.05590170
v 0.14045085 -0.08510565 -0.02938926
v 0.15954915 0.32510565 -0.02938926
v 0.16816356 0.31090170 -0.05590170
v 0.17500000 0.28877853 -0.07694209
v 0.17938926 0.26090170 -0.09045085
v 0.18090170 0.23000000 -0.09510565
v 0.18090170 0.01000000 -0.09510565
v 0.17938926 -0.02090170 -0.09045085
v 0.17500000 -0.04877853 -0.07694209
v 0.16816356 -0.07090170 -0.05590170
v 0.15954915 -0.08510565 -0.02938926
v 0.17500000 0.32510565 -0.01816356
v 0.19755283 0.31090170 -0.03454915
v 0.21545085 0.28877853 -0.04755283
v 0.22694209 0.26090170 -0.05590170
v 0.23090170 0.23000000 -0.05877853
v 0.23090170 0.01000000 -0.05877853
v 0.22694209 -0.02090170 -0.05590170
v 0.21545085 -0.04877853 -0.04755283
v 0.19755283 -0.07090170 -0.03454915
v 0.17500000 -0.08510565 -0.01816356
v 0.09216958 0.11614295 0.05000000
v 0.20783042 0.11614295 0.05000000
v 0.09216958 0.00385705 0.05000000
v 0.20783042 0.00385705 0.05000000
v 0.15000000 0.02530175 0.17164307
v 0.15000000 0.09469825 0.17164307
v 0.15000000 0.02530175 -0.07164307
v 0.15000000 0.09469825 -0.07164307
v 0.24357159 0.06000000 -0.02517955
v 0.24357159 0.06000000 0.12517955
v 0.05642841 0.06000000 -0.02517955
v 0.05642841 0.06000000 0.12517955
v 0.15000000 0.12600000 0.05000000
v 0.15000000 -0.00600000 0.05000000
v 0.11600813 0.00660488 0.12150000
v 0.18399187 0.00660488 0.12150000
v 0.11600813 0.11339512 0.12150000
v 0.18399187 0.11339512 0.12150000
v 0.15000000 0.06000000 0.19300000
v 0.11600813 0.00660488 -0.02150000
v 0.18399187 0.00660488 -0.02150000
v 0.11600813 0.11339512 -0.02150000
v 0.18399187 0.11339512 -0.02150000
v 0.15000000 0.06000000 -0.09300000
v 0.23899187 0.09300000 0.00581057
v 0.23899187 0.02700000 0.00581057
v 0.20500000 0.03960488 -0.06568943
v 0.20500000 0.08039512 -0.06568943
v 0.23899187 0.09300000 0.09418943
v 0.23899187 0.02700000 0.09418943
v 0.20500000 0.03960488 0.16568943
v 0.20500000 0.08039512 0.16568943
v 0.26000000 0.06000000 0.05000000
v 0.06100813 0.09300000 0.00581057
v 0.06100813 0.02700000 0.00581057
v 0.09500000 0.03960488 -0.06568943
v 0.09500000 0.08039512 -0.06568943
v 0.06100813 0.09300000 0.09418943
v 0.06100813 0.02700000 0.09418943
v 0.09500000 0.03960488 0.16568943
v 0.09500000 0.08039512 0.16568943
v 0.04000000 0.06000000 0.05000000
v 0.11994068 0.12348793 0.05000000
v 0.18005932 0.12348793 0.05000000
v 0.11994068 -0.00348793 0.05000000
v 0.18005932 -0.00348793 0.05000000
v 0.10227226 0.00306388 0.08716454
v 0.13233158 0.01421049 0.15039264
v 0.13212942 -0.00276973 0.08758977
v 0.19772774 0.00306388 0.08716454
v 0.16766842 0.01421049 0.15039264
v 0.16787058 -0.00276973 0.08758977
v 0.15000000 0.00385705 0.12517955
v 0.10227226 0.11693612 0.08716454
v 0.13233158 0.10578951 0.15039264
v 0.13212942 0.12276973 0.08758977
v 0.19772774 0.11693612 0.08716454
v 0.16766842 0.10578951 0.15039264
v 0.16787058 0.12276973 0.08758977
v 0.15000000 0.11614295 0.12517955
v 0.15000000 0.04196441 0.18755719
v 0.15000000 0.07803559 0.18755719
v 0.10227226 0.00306388 0.01283546
v 0.13233158 0.01421049 -0.05039264
v 0.13212942 -0.00276973 0.01241023
v 0.19772774 0.00306388 0.01283546
v 0.16766842 0.01421049 -0.05039264
v 0.16787058 -0.00276973 0.01241023
v 0.15000000 0.00385705 -0.02517955
v 0.10227226 0.11693612 0.01283546
v 0.13233158 0.10578951 -0.05039264
v 0.13212942 0.12276973 0.01241023
v 0.19772774 0.11693612 0.01283546
v 0.16766842 0.10578951 -0.05039264
v 0.16787058 0.12276973 0.01241023
v 0.15000000 0.11614295 -0.02517955
v 0.15000000 0.04196441 -0.08755719
v 0.15000000 0.07803559 -0.08755719
v 0.22631585 0.10633507 0.02703105
v 0.24489353 0.07715287 -0.01204606
v 0.21465638 0.10542060 -0.01082153
v 0.22631585 0.01366493 0.02703105
v 0.24489353 0.04284713 -0.01204606
v 0.21465638 0.01457940 -0.01082153
v 0.17858811 0.03136335 -0.07336159
v 0.22722511 0.04939895 -0.04921061
v 0.19678579 0.02120617 -0.04841131
v 0.17891521 0.04927765 -0.08600108
v 0.22570101 0.03192852 -0.03405329
v 0.17858811 0.08863665 -0.07336159
v 0.22722511 0.07060105 -0.04921061
v 0.19678579 0.09879383 -0.04841131
v 0.17891521 0.07072235 -0.08600108
v 0.22570101 0.08807148 -0.03405329
v 0.20783042 0.06000000 -0.07164307
v 0.22631585 0.10633507 0.07296895
v 0.24489353 0.07715287 0.11204606
v 0.21465638 0.10542060 0.11082153
v 0.24357159 0.09469825 0.05000000
v 0.22631585 0.01366493 0.07296895
v 0.24489353 0.04284713 0.11204606
v 0.21465638 0.01457940 0.11082153
v 0.24357159 0.02530175 0.05000000
v 0.17858811 0.03136335 0.17336159
v 0.22722511 0.04939895 0.14921061
v 0.19678579 0.02120617 0.14841131
v 0.17891521 0.04927765 0.18600108
v 0.22570101 0.03192852 0.13405329
v 0.17858811 0.08863665 0.17336159
v 0.22722511 0.07060105 0.14921061
v 0.19678579 0.09879383 0.14841131
v 0.17891521 0.07072235 0.18600108
v 0.22570101 0.08807148 0.13405329
v 0.20783042 0.06000000 0.17164307
v 0.25581322 0.06000000 0.01092289
v 0.25581322 0.06000000 0.08907711
v 0.25461622 0.07734913 0.02676824
v 0.25461622 0.04265087 0.02676824
v 0.25461622 0.07734913 0.07323176
v 0.25461622 0.04265087 0.07323176
v 0.07368415 0.10633507 0.02703105
v 0.05510647 0.07715287 -0.01204606
v 0.08534362 0.10542060 -0.01082153
v 0.07368415 0.01366493 0.02703105
v 0.05510647 0.04284713 -0.01204606
v 0.08534362 0.01457940 -0.01082153
v 0.12141189 0.03136335 -0.07336159
v 0.07277489 0.04939895 -0.04921061
v 0.10321421 0.02120617 -0.04841131
v 0.12108479 0.04927765 -0.08600108
v 0.07429899 0.03192852 -0.03405329
v 0.12141189 0.08863665 -0.07336159
v 0.07277489 0.07060105 -0.04921061
v 0.10321421 0.09879383 -0.04841131
v 0.12108479 0.07072235 -0.08600108
v 0.07429899 0.08807148 -0.03405329
v 0.09216958 0.06000000 -0.07164307
v 0.07368415 0.10633507 0.07296895
v 0.05510647 0.07715287 0.11204606
v 0.08534362 0.10542060 0.11082153
v 0.05642841 0.09469825 0.05000000
v 0.07368415 0.01366493 0.07296895
v 0.05510647 0.04284713 0.11204606
v 0.08534362 0.01457940 0.11082153
v 0.05642841 0.02530175 0.05000000
v 0.12141189 0.03136335 0.17336159
v 0.07277489 0.04939895 0.14921061
v 0.10321421 0.02120617 0.14841131
v 0.12108479 0.04927765 0.18600108
v 0.07429899 0.03192852 0.13405329
v 0.12141189 0.08863665 0.17336159
v 0.07277489 0.07060105 0.14921061
v 0.10321421 0.09879383 0.14841131
v 0.12108479 0.07072235 0.18600108
v 0.07429899 0.08807148 0.13405329
v 0.09216958 0.06000000 0.17164307
v 0.04418678 0.06000000 0.01092289
v 0.04418678 0.06000000 0.08907711
v 0.04538378 0.07734913 0.02676824
v 0.04538378 0.04265087 0.02676824
v 0.04538378 0.07734913 0.07323176
v 0.04538378 0.04265087 0.07323176
vt 0.59803156 0.34821429
vt 0.59803156 0.34821429
vt 0.59803156 0.34821429
vt 0.59803156 0.34821429
vt 0.59803156 0.34821429
vt 0.59803156 0.34821429
vt 0.59803156 0.34821429
vt 0.59803156 0.34821429
vt 0.59803156 0.34821429
vt 0.59803156 0.34821429
vt 0.59803156 0.34821429
vt 0.59803156 0.34821429
vt 0.59803156 0.34821429
vt 0.59803156 0.34821429
vt 0.59803156 0.34821429
vt 0.59803156 0.34821429
vt 0.59803156 0.34821429
vt 0.59803156 0.34821429
vt 0.59803156 0.34821429
vt 0.59803156 0.34821429
vt 0.59803156 0.34821429
vt 0.59803156 0.34821429
vt 0.59803156 0.34821429
vt 0.59803156 0.34821429
vt 0.59803156 0.34821429
vt 0.59803156 0.34821429
vt 0.59803156 0.34821429
vt 0.59803156 0.34821429
vt 0.59803156 0.34821429
vt 0.59803156 0.34821429
vt 0.59803156 0.34821429
vt 0.59803156 0.34821429
vt 0.59803156 0.34821429
vt 0.59803156 0.34821429
vt 0.59803156 0.34821429
vt 0.59803156 0.34821429
vt 0.59803156 0.34821429
vt 0.59803156 0.34821429
vt 0.59803156 0.34821429
vt 0.59803156 0.34821429
vt 0.59803156 0.34821429
vt 0.59803156 0.34821429
vt 0.59803156 0.34821429
vt 0.59803156 0.34821429
vt 0.59803156 0.34821429
vt 0.59803156 0.34821429
vt 0.59803156 0.34821429
vt 0.59803156 0.34821429
vt 0.59803156 0.34821429
vt 0.59803156 0.34821429
vt 0.59803156 0.34821429
vt 0.59803156 0.34821429
vt 0.59803156 0.34821429
vt 0.59803156 0.34821429
vt 0.59803156 0.34821429
vt 0.59803156 0.34821429
vt 0.59803156 0.34821429
vt 0.59803156 0.34821429
vt 0.59803156 0.34821429
vt 0.59803156 0.34821429
vt 0.59803156 0.34821429
vt 0.59803156 0.34821429
vt 0.59803156 0.34821429
vt 0.59803156 0.34821429
vt 0.59803156 0.34821429
vt 0.59803156 0.34821429
vt 0.59803156 0.34821429
vt 0.59803156 0.34821429
vt 0.59803156 0.34821429
vt 0.59803156 0.34821429
vt 0.59803156 0.34821429
vt 0.59803156 0.34821429
vt 0.59803156 0.34821429
vt 0.59803156 0.34821429
vt 0.59803156 0.34821429
vt 0.59803156 0.34821429
vt 0.59803156 0.34821429
vt 0.59803156 0.34821429
vt 0.59803156 0.34821429
vt 0.59803156 0.34821429
vt 0.59803156 0.34821429
vt 0.59803156 0.34821429
vt 0.59803156 0.34821429
vt 0.59803156 0.34821429
vt 0.59803156 0.34821429
vt 0.59803156 0.34821429
vt 0.59803156 0.34821429
vt 0.59803156 0.34821429
vt 0.59803156 0.34821429
vt 0.59803156 0.34821429
vt 0.59803156 0.34821429
vt 0.59803156 0.34821429
vt 0.59803156 0.34821429
vt 0.59803156 0.34821429
vt 0.59803156 0.34821429
vt 0.59803156 0.34821429
vt 0.59803156 0.34821429
vt 0.59803156 0.34821429
vt 0.59803156 0.34821429
vt 0.59803156 0.34821429
vt 0.59803156 0.34821429
vt 0.59803156 0.34821429
vt 0.59803156 0.34821429
vt 0.59803156 0.34821429
vt 0.59803156 0.34821429
vt 0.59803156 0.34821429
vt 0.59803156 0.34821429
vt 0.59803156 0.34821429
vt 0.59803156 0.34821429
vt 0.59803156 0.34821429
vt 0.59803156 0.34821429
vt 0.59803156 0.34821429
vt 0.59803156 0.34821429
vt 0.59803156 0.34821429
vt 0.59803156 0.34821429
vt 0.59803156 0.34821429
vt 0.59803156 0.34821429
vt 0.59803156 0.34821429
vt 0.59803156 0.34821429
vt 0.59803156 0.34821429
vt 0.59803156 0.34821429
vt 0.59803156 0.34821429
vt 0.59803156 0.34821429
vt 0.59803156 0.34821429
vt 0.59803156 0.34821429
vt 0.59803156 0.34821429
vt 0.59803156 0.34821429
vt 0.59803156 0.34821429
vt 0.59803156 0.34821429
vt 0.59803156 0.34821429
vt 0.59803156 0.34821429
vt 0.59803156 0.34821429
vt 0.59803156 0.34821429
vt 0.59803156 0.34821429
vt 0.59803156 0.34821429
vt 0.59803156 0.34821429
vt 0.59803156 0.34821429
vt 0.59803156 0.34821429
vt 0.59803156 0.34821429
vt 0.59803156 0.34821429
vt 0.59803156 0.34821429
vt 0.59803156 0.34821429
vt 0.59803156 0.34821429
vt 0.59803156 0.34821429
vt 0.59803156 0.34821429
vt 0.59803156 0.34821429
vt 0.59803156 0.34821429
vt 0.59803156 0.34821429
vt 0.59803156 0.34821429
vt 0.59803156 0.34821429
vt 0.59803156 0.34821429
vt 0.59803156 0.34821429
vt 0.59803156 0.34821429
vt 0.59803156 0.34821429
vt 0.59803156 0.34821429
vt 0.59803156 0.34821429
vt 0.59803156 0.34821429
vt 0.59803156 0.34821429
vt 0.59803156 0.34821429
vt 0.59803156 0.34821429
vt 0.59803156 0.34821429
vt 0.59803156 0.34821429
vt 0.59803156 0.34821429
vt 0.59803156 0.34821429
vt 0.59803156 0.34821429
vt 0.59803156 0.34821429
vt 0.59803156 0.34821429
vt 0.59803156 0.34821429
vt 0.59803156 0.34821429
vt 0.59803156 0.34821429
vt 0.59803156 0.34821429
vt 0.59803156 0.34821429
vt 0.59803156 0.34821429
vt 0.59803156 0.34821429
vt 0.59803156 0.34821429
vt 0.59803156 0.34821429
vt 0.59803156 0.34821429
vt 0.59803156 0.34821429
vt 0.59803156 0.34821429
vt 0.59803156 0.34821429
vt 0.59803156 0.34821429
vt 0.59803156 0.34821429
vt 0.59803156 0.34821429
vt 0.59803156 0.34821429
vt 0.59803156 0.34821429
vt 0.59803156 0.34821429
vt 0.59803156 0.34821429
vt 0.59803156 0.34821429
vt 0.59803156 0.34821429
vt 0.59803156 0.34821429
vt 0.59803156 0.34821429
vt 0.59803156 0.34821429
vt 0.59803156 0.34821429
vt 0.59803156 0.34821429
vt 0.59803156 0.34821429
vt 0.59803156 0.34821429
vt 0.59803156 0.34821429
vt 0.59803156 0.34821429
vt 0.59803156 0.34821429
vt 0.59803156 0.34821429
vt 0.59803156 0.34821429
vt 0.59803156 0.34821429
vt 0.59803156 0.34821429
vt 0.59803156 0.34821429
vt 0.59803156 0.34821429
vt 0.59803156 0.34821429
vt 0.59803156 0.34821429
vt 0.59803156 0.34821429
vt 0.59803156 0.34821429
vt 0.59803156 0.34821429
vt 0.59803156 0.34821429
vt 0.59803156 0.34821429
vt 0.59803156 0.34821429
vt 0.59803156 0.34821429
vt 0.59803156 0.34821429
vt 0.59803156 0.34821429
vt 0.59803156 0.34821429
vt 0.59803156 0.34821429
vt 0.59803156 0.34821429
vt 0.59803156 0.34821429
vt 0.59803156 0.34821429
vt 0.59803156 0.34821429
vt 0.59803156 0.34821429
vt 0.59803156 0.34821429
vt 0.59803156 0.34821429
vt 0.59803156 0.34821429
vt 0.59803156 0.34821429
vt 0.59803156 0.34821429
vt 0.59803156 0.34821429
vt 0.59803156 0.34821429
vt 0.59803156 0.34821429
vt 0.59803156 0.34821429
vt 0.59803156 0.34821429
vt 0.59803156 0.34821429
vt 0.59803156 0.34821429
vt 0.59803156 0.34821429
vt 0.59803156 0.34821429
vt 0.59803156 0.34821429
vt 0.59803156 0.34821429
vt 0.59803156 0.34821429
vt 0.59803156 0.34821429
vt 0.59803156 0.34821429
vt 0.59803156 0.34821429
vt 0.59803156 0.34821429
vt 0.59803156 0.34821429
vt 0.59803156 0.34821429
vt 0.59803156 0.34821429
vt 0.59803156 0.34821429
vt 0.59803156 0.34821429
vt 0.59803156 0.34821429
vt 0.59803156 0.34821429
vt 0.59803156 0.34821429
vt 0.59803156 0.34821429
vt 0.59803156 0.34821429
vt 0.59803156 0.34821429
vt 0.59803156 0.34821429
vt 0.59803156 0.34821429
vt 0.59803156 0.34821429
vt 0.59803156 0.34821429
vt 0.59803156 0.34821429
vt 0.59803156 0.34821429
vt 0.59803156 0.34821429
vt 0.59803156 0.34821429
vt 0.59803156 0.34821429
vt 0.59803156 0.34821429
vt 0.59803156 0.34821429
vt 0.59803156 0.34821429
vt 0.59803156 0.34821429
vt 0.59803156 0.34821429
vt 0.59803156 0.34821429
vt 0.59803156 0.34821429
vt 0.59803156 0.34821429
vt 0.59803156 0.34821429
vt 0.59803156 0.34821429
vt 0.59803156 0.34821429
vt 0.59803156 0.34821429
vt 0.59803156 0.34821429
vt 0.59803156 0.34821429
vt 0.59803156 0.34821429
vt 0.59803156 0.34821429
vt 0.59803156 0.34821429
vt 0.59803156 0.34821429
vt 0.59803156 0.34821429
vt 0.59803156 0.34821429
vt 0.59803156 0.34821429
vt 0.59803156 0.34821429
vt 0.59803156 0.34821429
vt 0.59803156 0.34821429
vt 0.59803156 0.34821429
vt 0.59803156 0.34821429
vt 0.59803156 0.34821429
vt 0.59803156 0.34821429
vt 0.59803156 0.34821429
vt 0.59803156 0.34821429
vt 0.59803156 0.34821429
vt 0.59803156 0.34821429
vt 0.59803156 0.34821429
vt 0.59803156 0.34821429
vt 0.59803156 0.34821429
vt 0.59803156 0.34821429
vt 0.59803156 0.34821429
vt 0.59803156 0.34821429
vt 0.59803156 0.34821429
vt 0.59803156 0.34821429
vt 0.59803156 0.34821429
vt 0.59803156 0.34821429
vt 0.59803156 0.34821429
vt 0.59803156 0.34821429
vt 0.59803156 0.34821429
vt 0.59803156 0.34821429
vt 0.59803156 0.34821429
vt 0.59803156 0.34821429
vt 0.59803156 0.34821429
vt 0.59803156 0.34821429
vt 0.59803156 0.34821429
vt 0.59803156 0.34821429
vt 0.59803156 0.34821429
vt 0.59803156 0.34821429
vt 0.59803156 0.34821429
vt 0.59803156 0.34821429
vt 0.59803156 0.34821429
vt 0.59803156 0.34821429
vt 0.59803156 0.34821429
vt 0.59803156 0.34821429
vt 0.59803156 0.34821429
vt 0.59803156 0.34821429
vt 0.59803156 0.34821429
vt 0.59803156 0.34821429
vt 0.59803156 0.34821429
vt 0.59803156 0.34821429
vt 0.59803156 0.34821429
vt 0.59803156 0.34821429
vt 0.59803156 0.34821429
vt 0.59803156 0.34821429
vt 0.59803156 0.34821429
vt 0.59803156 0.34821429
vt 0.59803156 0.34821429
vt 0.59803156 0.34821429
vt 0.59803156 0.34821429
vt 0.59803156 0.34821429
vt 0.59803156 0.34821429
vt 0.59803156 0.34821429
vt 0.59803156 0.34821429
vt 0.59803156 0.34821429
vt 0.59803156 0.34821429
vt 0.59803156 0.34821429
vt 0.59803156 0.34821429
vt 0.59803156 0.34821429
vt 0.59803156 0.34821429
vt 0.59803156 0.34821429
vt 0.59803156 0.34821429
vt 0.59803156 0.34821429
vt 0.59803156 0.34821429
vt 0.59803156 0.34821429
vt 0.59803156 0.34821429
vt 0.59803156 0.34821429
vt 0.59803156 0.34821429
vt 0.59803156 0.34821429
vt 0.59803156 0.34821429
vt 0.59803156 0.34821429
vt 0.59803156 0.34821429
vt 0.59803156 0.34821429
vt 0.59803156 0.34821429
vt 0.59803156 0.34821429
vt 0.59803156 0.34821429
vt 0.59803156 0.34821429
vt 0.59803156 0.34821429
vt 0.59803156 0.34821429
vt 0.59803156 0.34821429
vt 0.59803156 0.34821429
vt 0.59803156 0.34821429
vt 0.59803156 0.34821429
vt 0.59803156 0.34821429
vt 0.59803156 0.34821429
vt 0.59803156 0.34821429
vt 0.59803156 0.34821429
vt 0.59803156 0.34821429
vt 0.59803156 0.34821429
vt 0.59803156 0.34821429
vt 0.59803156 0.34821429
vt 0.59803156 0.34821429
vt 0.59803156 0.34821429
vt 0.59803156 0.34821429
vt 0.59803156 0.34821429
vt 0.59803156 0.34821429
vt 0.59803156 0.34821429
vt 0.59803156 0.34821429
vt 0.59803156 0.34821429
vt 0.59803156 0.34821429
vt 0.59803156 0.34821429
vt 0.59803156 0.34821429
vt 0.59803156 0.34821429
vt 0.59803156 0.34821429
vt 0.59803156 0.34821429
vt 0.59803156 0.34821429
vt 0.59803156 0.34821429
vt 0.59803156 0.34821429
vt 0.59803156 0.34821429
vt 0.59803156 0.34821429
vt 0.59803156 0.34821429
vt 0.59803156 0.34821429
vt 0.59803156 0.34821429
vt 0.59803156 0.34821429
vt 0.59803156 0.34821429
vt 0.59803156 0.34821429
vt 0.59803156 0.34821429
vt 0.59803156 0.34821429
vt 0.59803156 0.34821429
vt 0.59803156 0.34821429
vt 0.59803156 0.34821429
vt 0.59803156 0.34821429
vt 0.59803156 0.34821429
vt 0.59803156 0.34821429
vt 0.59803156 0.34821429
vt 0.59803156 0.34821429
vt 0.59803156 0.34821429
vt 0.59803156 0.34821429
vt 0.59803156 0.34821429
vt 0.59803156 0.34821429
vt 0.59803156 0.34821429
vt 0.59803156 0.34821429
vt 0.59803156 0.34821429
vt 0.59803156 0.34821429
vt 0.59803156 0.34821429
vt 0.59803156 0.34821429
vt 0.59803156 0.34821429
vt 0.59803156 0.34821429
vt 0.59803156 0.34821429
vt 0.59803156 0.34821429
vt 0.59803156 0.34821429
vt 0.59803156 0.34821429
vt 0.59803156 0.34821429
vt 0.59803156 0.34821429
vt 0.59803156 0.34821429
vt 0.59803156 0.34821429
vt 0.59803156 0.34821429
vt 0.59803156 0.34821429
vt 0.59803156 0.34821429
vt 0.59803156 0.34821429
vt 0.59803156 0.34821429
vt 0.59803156 0.34821429
vt 0.59803156 0.34821429
vt 0.59803156 0.34821429
vt 0.59803156 0.34821429
vt 0.59803156 0.34821429
vt 0.59803156 0.34821429
vt 0.59803156 0.34821429
vt 0.59803156 0.34821429
vt 0.59803156 0.34821429
vt 0.59803156 0.34821429
vt 0.59803156 0.34821429
vt 0.59803156 0.34821429
vt 0.59803156 0.34821429
vt 0.59803156 0.34821429
vt 0.59803156 0.34821429
vt 0.59803156 0.34821429
vt 0.59803156 0.34821429
vt 0.59803156 0.34821429
vt 0.59803156 0.34821429
vt 0.59803156 0.34821429
vt 0.59803156 0.34821429
vt 0.59803156 0.34821429
vt 0.59803156 0.34821429
vt 0.59803156 0.34821429
vt 0.59803156 0.34821429
vt 0.59803156 0.34821429
vt 0.59803156 0.34821429
vt 0.59803156 0.34821429
vt 0.59803156 0.34821429
vt 0.59803156 0.34821429
vt 0.59803156 0.34821429
vt 0.59803156 0.34821429
vt 0.59803156 0.34821429
vt 0.59803156 0.34821429
vt 0.59803156 0.34821429
vt 0.59803156 0.34821429
vt 0.59803156 0.34821429
vt 0.59803156 0.34821429
vt 0.59803156 0.34821429
vt 0.59803156 0.34821429
vt 0.59803156 0.34821429
vt 0.59803156 0.34821429
vt 0.59803156 0.34821429
vt 0.59803156 0.34821429
vt 0.59803156 0.34821429
vt 0.59803156 0.34821429
vt 0.59803156 0.34821429
vt 0.59803156 0.34821429
vt 0.59803156 0.34821429
vt 0.59803156 0.34821429
vt 0.59803156 0.34821429
vt 0.59803156 0.34821429
vt 0.59803156 0.34821429
vt 0.59803156 0.34821429
vt 0.59803156 0.34821429
vt 0.59803156 0.34821429
vt 0.59803156 0.34821429
vt 0.59803156 0.34821429
vt 0.59803156 0.34821429
vt 0.59803156 0.34821429
vt 0.59803156 0.34821429
vt 0.59803156 0.34821429
vt 0.59803156 0.34821429
vt 0.59803156 0.34821429
vt 0.59803156 0.34821429
vt 0.59803156 0.34821429
vt 0.59803156 0.34821429
vt 0.59803156 0.34821429
vt 0.59803156 0.34821429
vt 0.59803156 0.34821429
vt 0.59803156 0.34821429
vt 0.59803156 0.34821429
vt 0.59803156 0.34821429
vt 0.59803156 0.34821429
vt 0.59803156 0.34821429
vt 0.59803156 0.34821429
vt 0.59803156 0.34821429
vt 0.59803156 0.34821429
vt 0.59803156 0.34821429
vt 0.59803156 0.34821429
vt 0.59803156 0.34821429
vt 0.59803156 0.34821429
vt 0.59803156 0.34821429
vt 0.59803156 0.34821429
vt 0.59803156 0.34821429
vt 0.59803156 0.34821429
vt 0.59803156 0.34821429
vt 0.59803156 0.34821429
vt 0.59803156 0.34821429
vt 0.59803156 0.34821429
vt 0.59803156 0.34821429
vt 0.59803156 0.34821429
vt 0.59803156 0.34821429
vt 0.59803156 0.34821429
vt 0.59803156 0.34821429
vt 0.59803156 0.34821429
vt 0.59803156 0.34821429
vt 0.59803156 0.34821429
vt 0.59803156 0.34821429
vt 0.59803156 0.34821429
vt 0.59803156 0.34821429
vt 0.59803156 0.34821429
vt 0.59803156 0.34821429
vt 0.59803156 0.34821429
vt 0.59803156 0.34821429
vt 0.59803156 0.34821429
vt 0.59803156 0.34821429
vt 0.59803156 0.34821429
vt 0.59803156 0.34821429
vt 0.59803156 0.34821429
vt 0.59803156 0.34821429
vt 0.59803156 0.34821429
vt 0.59803156 0.34821429
vt 0.59803156 0.34821429
vt 0.59803156 0.34821429
vt 0.59803156 0.34821429
vt 0.59803156 0.34821429
vt 0.59803156 0.34821429
vt 0.59803156 0.34821429
vt 0.59803156 0.34821429
vt 0.59803156 0.34821429
vt 0.59803156 0.34821429
vt 0.59803156 0.34821429
vt 0.59803156 0.34821429
vt 0.59803156 0.34821429
vt 0.59803156 0.34821429
vt 0.59803156 0.34821429
vt 0.59803156 0.34821429
vt 0.59803156 0.34821429
vt 0.59803156 0.34821429
vt 0.59803156 0.34821429
vt 0.59803156 0.34821429
vt 0.59803156 0.34821429
vt 0.59803156 0.34821429
vt 0.59803156 0.34821429
vt 0.59803156 0.34821429
vt 0.59803156 0.34821429
vt 0.59803156 0.34821429
vt 0.59803156 0.34821429
vt 0.59803156 0.34821429
vt 0.59803156 0.34821429
vt 0.59803156 0.34821429
vt 0.59803156 0.34821429
vt 0.59803156 0.34821429
vt 0.59803156 0.34821429
vt 0.59803156 0.34821429
vt 0.59803156 0.34821429
vt 0.59803156 0.34821429
vt 0.59803156 0.34821429
vt 0.59803156 0.34821429
vt 0.59803156 0.34821429
vt 0.59803156 0.34821429
vt 0.59803156 0.34821429
vt 0.59803156 0.34821429
vt 0.59803156 0.34821429
vt 0.59803156 0.34821429
vt 0.59803156 0.34821429
vt 0.59803156 0.34821429
vt 0.59803156 0.34821429
vt 0.59803156 0.34821429
vt 0.59803156 0.34821429
vt 0.59803156 0.34821429
vt 0.59803156 0.34821429
vt 0.59803156 0.34821429
vt 0.59803156 0.34821429
vt 0.59803156 0.34821429
vt 0.59803156 0.34821429
vt 0.59803156 0.34821429
vt 0.59803156 0.34821429
vt 0.59803156 0.34821429
vt 0.59803156 0.34821429
vt 0.59803156 0.34821429
vt 0.59803156 0.34821429
vt 0.59803156 0.34821429
vt 0.59803156 0.34821429
vt 0.59803156 0.34821429
vt 0.59803156 0.34821429
vt 0.59803156 0.34821429
vt 0.59803156 0.34821429
vt 0.59803156 0.34821429
vt 0.59803156 0.34821429
vt 0.59803156 0.34821429
vt 0.59803156 0.34821429
vt 0.59803156 0.34821429
vt 0.59803156 0.34821429
vt 0.59803156 0.34821429
vt 0.59803156 0.34821429
vt 0.59803156 0.34821429
vt 0.59803156 0.34821429
vt 0.59803156 0.34821429
vt 0.59803156 0.34821429
vt 0.59803156 0.34821429
vt 0.59803156 0.34821429
vt 0.59803156 0.34821429
vt 0.59803156 0.34821429
vt 0.59803156 0.34821429
vt 0.59803156 0.34821429
vt 0.59803156 0.34821429
vt 0.59803156 0.34821429
vt 0.59803156 0.34821429
vt 0.59803156 0.34821429
vt 0.59803156 0.34821429
vt 0.57450214 0.34821429
vt 0.57450214 0.34821429
vt 0.57450214 0.34821429
vt 0.57450214 0.34821429
vt 0.57450214 0.34821429
vt 0.57450214 0.34821429
vt 0.57450214 0.34821429
vt 0.57450214 0.34821429
vt 0.57450214 0.34821429
vt 0.57450214 0.34821429
vt 0.57450214 0.34821429
vt 0.57450214 0.34821429
vt 0.57450214 0.34821429
vt 0.57450214 0.34821429
vt 0.57450214 0.34821429
vt 0.57450214 0.34821429
vt 0.57450214 0.34821429
vt 0.57450214 0.34821429
vt 0.57450214 0.34821429
vt 0.57450214 0.34821429
vt 0.57450214 0.34821429
vt 0.57450214 0.34821429
vt 0.57450214 0.34821429
vt 0.57450214 0.34821429
vt 0.57450214 0.34821429
vt 0.57450214 0.34821429
vt 0.57450214 0.34821429
vt 0.57450214 0.34821429
vt 0.57450214 0.34821429
vt 0.57450214 0.34821429
vt 0.57450214 0.34821429
vt 0.57450214 0.34821429
vt 0.57450214 0.34821429
vt 0.57450214 0.34821429
vt 0.55097273 0.34821429
vt 0.55097273 0.34821429
vt 0.55097273 0.34821429
vt 0.55097273 0.34821429
vt 0.55097273 0.34821429
vt 0.55097273 0.34821429
vt 0.55097273 0.34821429
vt 0.55097273 0.34821429
vt 0.55097273 0.34821429
vt 0.55097273 0.34821429
vt 0.55097273 0.34821429
vt 0.55097273 0.34821429
vt 0.55097273 0.34821429
vt 0.55097273 0.34821429
vt 0.55097273 0.34821429
vt 0.55097273 0.34821429
vt 0.55097273 0.34821429
vt 0.55097273 0.34821429
vt 0.55097273 0.34821429
vt 0.55097273 0.34821429
vt 0.55097273 0.34821429
vt 0.55097273 0.34821429
vt 0.55097273 0.34821429
vt 0.55097273 0.34821429
vt 0.55097273 0.34821429
vt 0.55097273 0.34821429
vt 0.55097273 0.34821429
vt 0.55097273 0.34821429
vt 0.55097273 0.34821429
vt 0.55097273 0.34821429
vt 0.55097273 0.34821429
vt 0.55097273 0.34821429
vt 0.55097273 0.34821429
vt 0.55097273 0.34821429
vt 0.55097273 0.34821429
vt 0.55097273 0.34821429
vt 0.55097273 0.34821429
vt 0.55097273 0.34821429
vt 0.55097273 0.34821429
vt 0.55097273 0.34821429
vt 0.55097273 0.34821429
vt 0.55097273 0.34821429
vt 0.55097273 0.34821429
vt 0.55097273 0.34821429
vt 0.55097273 0.34821429
vt 0.55097273 0.34821429
vt 0.55097273 0.34821429
vt 0.55097273 0.34821429
vt 0.55097273 0.34821429
vt 0.55097273 0.34821429
vt 0.55097273 0.34821429
vt 0.55097273 0.34821429
vt 0.55097273 0.34821429
vt 0.55097273 0.34821429
vt 0.55097273 0.34821429
vt 0.55097273 0.34821429
vt 0.55097273 0.34821429
vt 0.55097273 0.34821429
vt 0.55097273 0.34821429
vt 0.55097273 0.34821429
vt 0.55097273 0.34821429
vt 0.55097273 0.34821429
vt 0.55097273 0.34821429
vt 0.55097273 0.34821429
vt 0.55097273 0.34821429
vt 0.55097273 0.34821429
vt 0.55097273 0.34821429
vt 0.55097273 0.34821429
vt 0.55097273 0.34821429
vt 0.55097273 0.34821429
vt 0.55097273 0.34821429
vt 0.55097273 0.34821429
vt 0.55097273 0.34821429
vt 0.55097273 0.34821429
vt 0.55097273 0.34821429
vt 0.55097273 0.34821429
vt 0.55097273 0.34821429
vt 0.55097273 0.34821429
vt 0.55097273 0.34821429
vt 0.55097273 0.34821429
vt 0.55097273 0.34821429
vt 0.55097273 0.34821429
vt 0.55097273 0.34821429
vt 0.55097273 0.34821429
vt 0.55097273 0.34821429
vt 0.55097273 0.34821429
vt 0.55097273 0.34821429
vt 0.55097273 0.34821429
vt 0.55097273 0.34821429
vt 0.55097273 0.34821429
vt 0.55097273 0.34821429
vt 0.55097273 0.34821429
vt 0.55097273 0.34821429
vt 0.55097273 0.34821429
vt 0.55097273 0.34821429
vt 0.55097273 0.34821429
vt 0.55097273 0.34821429
vt 0.55097273 0.34821429
vt 0.55097273 0.34821429
vt 0.55097273 0.34821429
vt 0.55097273 0.34821429
vt 0.55097273 0.34821429
vt 0.55097273 0.34821429
vt 0.55097273 0.34821429
vt 0.55097273 0.34821429
vt 0.55097273 0.34821429
vt 0.55097273 0.34821429
vt 0.55097273 0.34821429
vt 0.55097273 0.34821429
vt 0.55097273 0.34821429
vt 0.55097273 0.34821429
vt 0.55097273 0.34821429
vt 0.55097273 0.34821429
vt 0.55097273 0.34821429
vt 0.55097273 0.34821429
vt 0.55097273 0.34821429
vt 0.55097273 0.34821429
vt 0.55097273 0.34821429
vt 0.55097273 0.34821429
vt 0.55097273 0.34821429
vt 0.55097273 0.34821429
vt 0.55097273 0.34821429
vt 0.55097273 0.34821429
vt 0.55097273 0.34821429
vt 0.55097273 0.34821429
vt 0.55097273 0.34821429
vt 0.55097273 0.34821429
vt 0.55097273 0.34821429
vt 0.55097273 0.34821429
vt 0.55097273 0.34821429
vt 0.55097273 0.34821429
vt 0.55097273 0.34821429
vt 0.55097273 0.34821429
vt 0.55097273 0.34821429
vt 0.55097273 0.34821429
vt 0.55097273 0.34821429
vt 0.55097273 0.34821429
vt 0.55097273 0.34821429
vt 0.55097273 0.34821429
vt 0.55097273 0.34821429
vt 0.55097273 0.34821429
vt 0.55097273 0.34821429
vt 0.55097273 0.34821429
vt 0.55097273 0.34821429
vt 0.55097273 0.34821429
vt 0.55097273 0.34821429
vt 0.55097273 0.34821429
vt 0.55097273 0.34821429
vt 0.55097273 0.34821429
vt 0.55097273 0.34821429
vt 0.55097273 0.34821429
vt 0.55097273 0.34821429
vt 0.55097273 0.34821429
vt 0.55097273 0.34821429
vt 0.55097273 0.34821429
vt 0.55097273 0.34821429
vt 0.55097273 0.34821429
vt 0.55097273 0.34821429
vt 0.55097273 0.34821429
vt 0.55097273 0.34821429
vt 0.55097273 0.34821429
vt 0.55097273 0.34821429
vt 0.52744332 0.34821429
vt 0.52744332 0.34821429
vt 0.52744332 0.34821429
vt 0.52744332 0.34821429
vt 0.52744332 0.34821429
vt 0.52744332 0.34821429
vt 0.52744332 0.34821429
vt 0.52744332 0.34821429
vt 0.52744332 0.34821429
vt 0.52744332 0.34821429
vt 0.52744332 0.34821429
vt 0.52744332 0.34821429
vt 0.52744332 0.34821429
vt 0.52744332 0.34821429
vt 0.52744332 0.34821429
vt 0.52744332 0.34821429
vt 0.52744332 0.34821429
vt 0.52744332 0.34821429
vt 0.52744332 0.34821429
vt 0.52744332 0.34821429
vt 0.52744332 0.34821429
vt 0.52744332 0.34821429
vt 0.52744332 0.34821429
vt 0.52744332 0.34821429
vt 0.52744332 0.34821429
vt 0.52744332 0.34821429
vt 0.52744332 0.34821429
vt 0.52744332 0.34821429
vt 0.52744332 0.34821429
vt 0.52744332 0.34821429
vt 0.52744332 0.34821429
vt 0.52744332 0.34821429
vt 0.52744332 0.34821429
vt 0.52744332 0.34821429
vt 0.52744332 0.34821429
vt 0.52744332 0.34821429
vt 0.52744332 0.34821429
vt 0.52744332 0.34821429
vt 0.52744332 0.34821429
vt 0.52744332 0.34821429
vt 0.52744332 0.34821429
vt 0.52744332 0.34821429
vt 0.52744332 0.34821429
vt 0.52744332 0.34821429
vt 0.52744332 0.34821429
vt 0.52744332 0.34821429
vt 0.52744332 0.34821429
vt 0.52744332 0.34821429
vt 0.52744332 0.34821429
vt 0.52744332 0.34821429
vt 0.52744332 0.34821429
vt 0.52744332 0.34821429
vt 0.52744332 0.34821429
vt 0.52744332 0.34821429
vt 0.52744332 0.34821429
vt 0.52744332 0.34821429
vt 0.52744332 0.34821429
vt 0.52744332 0.34821429
vt 0.52744332 0.34821429
vt 0.52744332 0.34821429
vt 0.52744332 0.34821429
vt 0.52744332 0.34821429
vt 0.52744332 0.34821429
vt 0.52744332 0.34821429
vt 0.52744332 0.34821429
vt 0.52744332 0.34821429
vt 0.52744332 0.34821429
vt 0.52744332 0.34821429
vt 0.52744332 0.34821429
vt 0.52744332 0.34821429
vt 0.52744332 0.34821429
vt 0.52744332 0.34821429
vt 0.52744332 0.34821429
vt 0.52744332 0.34821429
vt 0.52744332 0.34821429
vt 0.52744332 0.34821429
vt 0.52744332 0.34821429
vt 0.52744332 0.34821429
vt 0.52744332 0.34821429
vt 0.52744332 0.34821429
vt 0.52744332 0.34821429
vt 0.52744332 0.34821429
vt 0.52744332 0.34821429
vt 0.52744332 0.34821429
vt 0.52744332 0.34821429
vt 0.52744332 0.34821429
vt 0.52744332 0.34821429
vt 0.52744332 0.34821429
vt 0.52744332 0.34821429
vt 0.52744332 0.34821429
vt 0.52744332 0.34821429
vt 0.52744332 0.34821429
vt 0.52744332 0.34821429
vt 0.52744332 0.34821429
vt 0.52744332 0.34821429
vt 0.52744332 0.34821429
vt 0.52744332 0.34821429
vt 0.52744332 0.34821429
vt 0.52744332 0.34821429
vt 0.52744332 0.34821429
vt 0.52744332 0.34821429
vt 0.52744332 0.34821429
vt 0.52744332 0.34821429
vt 0.52744332 0.34821429
vt 0.52744332 0.34821429
vt 0.52744332 0.34821429
vt 0.52744332 0.34821429
vt 0.52744332 0.34821429
vt 0.52744332 0.34821429
vt 0.52744332 0.34821429
vt 0.52744332 0.34821429
vt 0.52744332 0.34821429
vt 0.52744332 0.34821429
vt 0.52744332 0.34821429
vt 0.52744332 0.34821429
vt 0.52744332 0.34821429
vt 0.52744332 0.34821429
vt 0.52744332 0.34821429
vt 0.52744332 0.34821429
vt 0.52744332 0.34821429
vt 0.52744332 0.34821429
vt 0.52744332 0.34821429
vt 0.52744332 0.34821429
vt 0.52744332 0.34821429
vt 0.52744332 0.34821429
vt 0.52744332 0.34821429
vt 0.52744332 0.34821429
vt 0.52744332 0.34821429
vt 0.52744332 0.34821429
vt 0.52744332 0.34821429
vt 0.52744332 0.34821429
vt 0.52744332 0.34821429
vt 0.52744332 0.34821429
vt 0.52744332 0.34821429
vt 0.52744332 0.34821429
vt 0.52744332 0.34821429
vt 0.52744332 0.34821429
vt 0.52744332 0.34821429
vt 0.52744332 0.34821429
vt 0.52744332 0.34821429
vt 0.52744332 0.34821429
vt 0.52744332 0.34821429
vt 0.52744332 0.34821429
vt 0.52744332 0.34821429
vt 0.52744332 0.34821429
vt 0.52744332 0.34821429
vt 0.52744332 0.34821429
vt 0.52744332 0.34821429
vt 0.52744332 0.34821429
vt 0.52744332 0.34821429
vt 0.52744332 0.34821429
vt 0.52744332 0.34821429
vt 0.52744332 0.34821429
vt 0.52744332 0.34821429
vt 0.52744332 0.34821429
vt 0.52744332 0.34821429
vt 0.52744332 0.34821429
vt 0.52744332 0.34821429
vt 0.52744332 0.34821429
vt 0.52744332 0.34821429
vt 0.52744332 0.34821429
vt 0.52744332 0.34821429
vt 0.50391391 0.34821429
vt 0.50391391 0.34821429
vt 0.50391391 0.34821429
vt 0.50391391 0.34821429
vt 0.50391391 0.34821429
vt 0.50391391 0.34821429
vt 0.50391391 0.34821429
vt 0.50391391 0.34821429
vt 0.50391391 0.34821429
vt 0.50391391 0.34821429
vt 0.50391391 0.34821429
vt 0.50391391 0.34821429
vt 0.50391391 0.34821429
vt 0.50391391 0.34821429
vt 0.50391391 0.34821429
vt 0.50391391 0.34821429
vt 0.50391391 0.34821429
vt 0.50391391 0.34821429
vt 0.50391391 0.34821429
vt 0.50391391 0.34821429
vt 0.50391391 0.34821429
vt 0.50391391 0.34821429
vt 0.50391391 0.34821429
vt 0.50391391 0.34821429
vt 0.50391391 0.34821429
vt 0.50391391 0.34821429
vt 0.50391391 0.34821429
vt 0.50391391 0.34821429
vt 0.50391391 0.34821429
vt 0.50391391 0.34821429
vt 0.50391391 0.34821429
vt 0.50391391 0.34821429
vt 0.50391391 0.34821429
vt 0.50391391 0.34821429
vt 0.50391391 0.34821429
vt 0.50391391 0.34821429
vt 0.50391391 0.34821429
vt 0.50391391 0.34821429
vt 0.50391391 0.34821429
vt 0.50391391 0.34821429
vt 0.50391391 0.34821429
vt 0.50391391 0.34821429
vt 0.50391391 0.34821429
vt 0.50391391 0.34821429
vt 0.50391391 0.34821429
vt 0.50391391 0.34821429
vt 0.50391391 0.34821429
vt 0.50391391 0.34821429
vt 0.50391391 0.34821429
vt 0.50391391 0.34821429
vt 0.50391391 0.34821429
vt 0.50391391 0.34821429
vt 0.50391391 0.34821429
vt 0.50391391 0.34821429
vt 0.50391391 0.34821429
vt 0.50391391 0.34821429
vt 0.50391391 0.34821429
vt 0.50391391 0.34821429
vt 0.50391391 0.34821429
vt 0.50391391 0.34821429
vt 0.50391391 0.34821429
vt 0.50391391 0.34821429
vt 0.50391391 0.34821429
vt 0.50391391 0.34821429
vt 0.50391391 0.34821429
vt 0.50391391 0.34821429
vt 0.50391391 0.34821429
vt 0.50391391 0.34821429
vt 0.50391391 0.34821429
vt 0.50391391 0.34821429
vt 0.50391391 0.34821429
vt 0.50391391 0.34821429
vt 0.50391391 0.34821429
vt 0.50391391 0.34821429
vt 0.50391391 0.34821429
vt 0.50391391 0.34821429
vt 0.50391391 0.34821429
vt 0.50391391 0.34821429
vt 0.50391391 0.34821429
vt 0.50391391 0.34821429
vt 0.50391391 0.34821429
vt 0.50391391 0.34821429
vt 0.50391391 0.34821429
vt 0.50391391 0.34821429
vt 0.50391391 0.34821429
vt 0.50391391 0.34821429
vt 0.50391391 0.34821429
vt 0.50391391 0.34821429
vt 0.50391391 0.34821429
vt 0.50391391 0.34821429
vt 0.50391391 0.34821429
vt 0.50391391 0.34821429
vt 0.50391391 0.34821429
vt 0.50391391 0.34821429
vt 0.50391391 0.34821429
vt 0.50391391 0.34821429
vt 0.50391391 0.34821429
vt 0.50391391 0.34821429
vt 0.50391391 0.34821429
vt 0.50391391 0.34821429
vt 0.50391391 0.34821429
vt 0.50391391 0.34821429
vt 0.50391391 0.34821429
vt 0.50391391 0.34821429
vt 0.50391391 0.34821429
vt 0.50391391 0.34821429
vt 0.50391391 0.34821429
vt 0.50391391 0.34821429
vt 0.50391391 0.34821429
vt 0.50391391 0.34821429
vt 0.50391391 0.34821429
vt 0.50391391 0.34821429
vt 0.50391391 0.34821429
vt 0.50391391 0.34821429
vt 0.50391391 0.34821429
vt 0.50391391 0.34821429
vt 0.50391391 0.34821429
vt 0.50391391 0.34821429
vt 0.50391391 0.34821429
vt 0.50391391 0.34821429
vt 0.50391391 0.34821429
vt 0.50391391 0.34821429
vt 0.50391391 0.34821429
vt 0.50391391 0.34821429
vt 0.50391391 0.34821429
vt 0.50391391 0.34821429
vt 0.50391391 0.34821429
vt 0.50391391 0.34821429
vt 0.50391391 0.34821429
vt 0.50391391 0.34821429
vt 0.50391391 0.34821429
vt 0.50391391 0.34821429
vt 0.50391391 0.34821429
vt 0.50391391 0.34821429
vt 0.50391391 0.34821429
vt 0.50391391 0.34821429
vt 0.50391391 0.34821429
vt 0.50391391 0.34821429
vt 0.50391391 0.34821429
vt 0.50391391 0.34821429
vt 0.50391391 0.34821429
vt 0.50391391 0.34821429
vt 0.50391391 0.34821429
vt 0.50391391 0.34821429
vt 0.50391391 0.34821429
vt 0.50391391 0.34821429
vt 0.50391391 0.34821429
vt 0.50391391 0.34821429
vt 0.50391391 0.34821429
vt 0.50391391 0.34821429
vt 0.50391391 0.34821429
vt 0.50391391 0.34821429
vt 0.50391391 0.34821429
vt 0.50391391 0.34821429
vt 0.50391391 0.34821429
vt 0.50391391 0.34821429
vt 0.50391391 0.34821429
vt 0.50391391 0.34821429
vt 0.50391391 0.34821429
vt 0.50391391 0.34821429
vt 0.50391391 0.34821429
vt 0.50391391 0.34821429
vt 0.48038450 0.34821429
vt 0.48038450 0.34821429
vt 0.48038450 0.34821429
vt 0.48038450 0.34821429
vt 0.48038450 0.34821429
vt 0.48038450 0.34821429
vt 0.48038450 0.34821429
vt 0.48038450 0.34821429
vt 0.48038450 0.34821429
vt 0.48038450 0.34821429
vt 0.48038450 0.34821429
vt 0.48038450 0.34821429
vt 0.48038450 0.34821429
vt 0.48038450 0.34821429
vt 0.48038450 0.34821429
vt 0.48038450 0.34821429
vt 0.48038450 0.34821429
vt 0.48038450 0.34821429
vt 0.48038450 0.34821429
vt 0.48038450 0.34821429
vt 0.48038450 0.34821429
vt 0.48038450 0.34821429
vt 0.48038450 0.34821429
vt 0.48038450 0.34821429
vt 0.48038450 0.34821429
vt 0.48038450 0.34821429
vt 0.48038450 0.34821429
vt 0.48038450 0.34821429
vt 0.48038450 0.34821429
vt 0.48038450 0.34821429
vt 0.48038450 0.34821429
vt 0.48038450 0.34821429
vt 0.48038450 0.34821429
vt 0.48038450 0.34821429
vt 0.48038450 0.34821429
vt 0.48038450 0.34821429
vt 0.48038450 0.34821429
vt 0.48038450 0.34821429
vt 0.48038450 0.34821429
vt 0.48038450 0.34821429
vt 0.48038450 0.34821429
vt 0.48038450 0.34821429
vt 0.48038450 0.34821429
vt 0.48038450 0.34821429
vt 0.48038450 0.34821429
vt 0.48038450 0.34821429
vt 0.48038450 0.34821429
vt 0.48038450 0.34821429
vt 0.48038450 0.34821429
vt 0.48038450 0.34821429
vt 0.48038450 0.34821429
vt 0.48038450 0.34821429
vt 0.48038450 0.34821429
vt 0.48038450 0.34821429
vt 0.48038450 0.34821429
vt 0.48038450 0.34821429
vt 0.48038450 0.34821429
vt 0.48038450 0.34821429
vt 0.48038450 0.34821429
vt 0.48038450 0.34821429
vt 0.48038450 0.34821429
vt 0.48038450 0.34821429
vt 0.48038450 0.34821429
vt 0.48038450 0.34821429
vt 0.48038450 0.34821429
vt 0.48038450 0.34821429
vt 0.48038450 0.34821429
vt 0.48038450 0.34821429
vt 0.48038450 0.34821429
vt 0.48038450 0.34821429
vt 0.48038450 0.34821429
vt 0.48038450 0.34821429
vt 0.48038450 0.34821429
vt 0.48038450 0.34821429
vt 0.48038450 0.34821429
vt 0.48038450 0.34821429
vt 0.48038450 0.34821429
vt 0.48038450 0.34821429
vt 0.48038450 0.34821429
vt 0.48038450 0.34821429
vt 0.48038450 0.34821429
vt 0.48038450 0.34821429
vt 0.48038450 0.34821429
vt 0.48038450 0.34821429
vt 0.48038450 0.34821429
vt 0.48038450 0.34821429
vt 0.48038450 0.34821429
vt 0.48038450 0.34821429
vt 0.48038450 0.34821429
vt 0.48038450 0.34821429
vt 0.48038450 0.34821429
vt 0.48038450 0.34821429
vt 0.48038450 0.34821429
vt 0.48038450 0.34821429
vt 0.48038450 0.34821429
vt 0.48038450 0.34821429
vt 0.48038450 0.34821429
vt 0.48038450 0.34821429
vt 0.48038450 0.34821429
vt 0.48038450 0.34821429
vt 0.48038450 0.34821429
vt 0.48038450 0.34821429
vt 0.48038450 0.34821429
vt 0.48038450 0.34821429
vt 0.48038450 0.34821429
vt 0.48038450 0.34821429
vt 0.48038450 0.34821429
vt 0.48038450 0.34821429
vt 0.48038450 0.34821429
vt 0.48038450 0.34821429
vt 0.48038450 0.34821429
vt 0.48038450 0.34821429
vt 0.48038450 0.34821429
vt 0.48038450 0.34821429
vt 0.48038450 0.34821429
vt 0.48038450 0.34821429
vt 0.48038450 0.34821429
vt 0.48038450 0.34821429
vt 0.48038450 0.34821429
vt 0.48038450 0.34821429
vt 0.48038450 0.34821429
vt 0.48038450 0.34821429
vt 0.48038450 0.34821429
vt 0.48038450 0.34821429
vt 0.48038450 0.34821429
vt 0.48038450 0.34821429
vt 0.48038450 0.34821429
vt 0.48038450 0.34821429
vt 0.48038450 0.34821429
vt 0.48038450 0.34821429
vt 0.48038450 0.34821429
vt 0.48038450 0.34821429
vt 0.48038450 0.34821429
vt 0.48038450 0.34821429
vt 0.48038450 0.34821429
vt 0.48038450 0.34821429
vt 0.48038450 0.34821429
vt 0.48038450 0.34821429
vt 0.48038450 0.34821429
vt 0.48038450 0.34821429
vt 0.48038450 0.34821429
vt 0.48038450 0.34821429
vt 0.48038450 0.34821429
vt 0.48038450 0.34821429
vt 0.48038450 0.34821429
vt 0.48038450 0.34821429
vt 0.48038450 0.34821429
vt 0.48038450 0.34821429
vt 0.48038450 0.34821429
vt 0.48038450 0.34821429
vt 0.48038450 0.34821429
vt 0.48038450 0.34821429
vt 0.48038450 0.34821429
vt 0.48038450 0.34821429
vt 0.48038450 0.34821429
vt 0.48038450 0.34821429
vt 0.48038450 0.34821429
vt 0.48038450 0.34821429
vt 0.48038450 0.34821429
vt 0.48038450 0.34821429
vt 0.48038450 0.34821429
vt 0.48038450 0.34821429
vt 0.45685509 0.34821429
vt 0.45685509 0.34821429
vt 0.45685509 0.34821429
vt 0.45685509 0.34821429
vt 0.45685509 0.34821429
vt 0.45685509 0.34821429
vt 0.45685509 0.34821429
vt 0.45685509 0.34821429
vt 0.45685509 0.34821429
vt 0.45685509 0.34821429
vt 0.45685509 0.34821429
vt 0.45685509 0.34821429
vt 0.45685509 0.34821429
vt 0.45685509 0.34821429
vt 0.45685509 0.34821429
vt 0.45685509 0.34821429
vt 0.45685509 0.34821429
vt 0.45685509 0.34821429
vt 0.45685509 0.34821429
vt 0.45685509 0.34821429
vt 0.45685509 0.34821429
vt 0.45685509 0.34821429
vt 0.45685509 0.34821429
vt 0.45685509 0.34821429
vt 0.45685509 0.34821429
vt 0.45685509 0.34821429
vt 0.45685509 0.34821429
vt 0.45685509 0.34821429
vt 0.45685509 0.34821429
vt 0.45685509 0.34821429
vt 0.45685509 0.34821429
vt 0.45685509 0.34821429
vt 0.45685509 0.34821429
vt 0.45685509 0.34821429
vt 0.45685509 0.34821429
vt 0.45685509 0.34821429
vt 0.45685509 0.34821429
vt 0.45685509 0.34821429
vt 0.45685509 0.34821429
vt 0.45685509 0.34821429
vt 0.45685509 0.34821429
vt 0.45685509 0.34821429
vt 0.45685509 0.34821429
vt 0.45685509 0.34821429
vt 0.45685509 0.34821429
vt 0.45685509 0.34821429
vt 0.45685509 0.34821429
vt 0.45685509 0.34821429
vt 0.45685509 0.34821429
vt 0.45685509 0.34821429
vt 0.45685509 0.34821429
vt 0.45685509 0.34821429
vt 0.45685509 0.34821429
vt 0.45685509 0.34821429
vt 0.45685509 0.34821429
vt 0.45685509 0.34821429
vt 0.45685509 0.34821429
vt 0.45685509 0.34821429
vt 0.45685509 0.34821429
vt 0.45685509 0.34821429
vt 0.45685509 0.34821429
vt 0.45685509 0.34821429
vt 0.45685509 0.34821429
vt 0.45685509 0.34821429
vt 0.45685509 0.34821429
vt 0.45685509 0.34821429
vt 0.45685509 0.34821429
vt 0.45685509 0.34821429
vt 0.45685509 0.34821429
vt 0.45685509 0.34821429
vt 0.45685509 0.34821429
vt 0.45685509 0.34821429
vt 0.45685509 0.34821429
vt 0.45685509 0.34821429
vt 0.45685509 0.34821429
vt 0.45685509 0.34821429
vt 0.45685509 0.34821429
vt 0.45685509 0.34821429
vt 0.45685509 0.34821429
vt 0.45685509 0.34821429
vt 0.45685509 0.34821429
vt 0.45685509 0.34821429
vt 0.45685509 0.34821429
vt 0.45685509 0.34821429
vt 0.45685509 0.34821429
vt 0.45685509 0.34821429
vt 0.45685509 0.34821429
vt 0.45685509 0.34821429
vt 0.45685509 0.34821429
vt 0.45685509 0.34821429
vt 0.45685509 0.34821429
vt 0.45685509 0.34821429
vt 0.45685509 0.34821429
vt 0.45685509 0.34821429
vt 0.45685509 0.34821429
vt 0.45685509 0.34821429
vt 0.45685509 0.34821429
vt 0.45685509 0.34821429
vt 0.45685509 0.34821429
vt 0.45685509 0.34821429
vt 0.45685509 0.34821429
vt 0.45685509 0.34821429
vt 0.45685509 0.34821429
vt 0.45685509 0.34821429
vt 0.45685509 0.34821429
vt 0.45685509 0.34821429
vt 0.45685509 0.34821429
vt 0.45685509 0.34821429
vt 0.45685509 0.34821429
vt 0.45685509 0.34821429
vt 0.45685509 0.34821429
vt 0.45685509 0.34821429
vt 0.45685509 0.34821429
vt 0.45685509 0.34821429
vt 0.45685509 0.34821429
vt 0.45685509 0.34821429
vt 0.45685509 0.34821429
vt 0.45685509 0.34821429
vt 0.45685509 0.34821429
vt 0.45685509 0.34821429
vt 0.45685509 0.34821429
vt 0.45685509 0.34821429
vt 0.45685509 0.34821429
vt 0.45685509 0.34821429
vt 0.45685509 0.34821429
vt 0.45685509 0.34821429
vt 0.45685509 0.34821429
vt 0.45685509 0.34821429
vt 0.45685509 0.34821429
vt 0.45685509 0.34821429
vt 0.45685509 0.34821429
vt 0.45685509 0.34821429
vt 0.45685509 0.34821429
vt 0.45685509 0.34821429
vt 0.45685509 0.34821429
vt 0.45685509 0.34821429
vt 0.45685509 0.34821429
vt 0.45685509 0.34821429
vt 0.45685509 0.34821429
vt 0.45685509 0.34821429
vt 0.45685509 0.34821429
vt 0.45685509 0.34821429
vt 0.45685509 0.34821429
vt 0.45685509 0.34821429
vt 0.45685509 0.34821429
vt 0.45685509 0.34821429
vt 0.45685509 0.34821429
vt 0.45685509 0.34821429
vt 0.45685509 0.34821429
vt 0.45685509 0.34821429
vt 0.45685509 0.34821429
vt 0.45685509 0.34821429
vt 0.45685509 0.34821429
vt 0.45685509 0.34821429
vt 0.45685509 0.34821429
vt 0.45685509 0.34821429
vt 0.45685509 0.34821429
vt 0.45685509 0.34821429
vt 0.45685509 0.34821429
vt 0.45685509 0.34821429
vt 0.45685509 0.34821429
vt 0.45685509 0.34821429
vt 0.43332567 0.34821429
vt 0.43332567 0.34821429
vt 0.43332567 0.34821429
vt 0.43332567 0.34821429
vt 0.43332567 0.34821429
vt 0.43332567 0.34821429
vt 0.43332567 0.34821429
vt 0.43332567 0.34821429
vt 0.43332567 0.34821429
vt 0.43332567 0.34821429
vt 0.43332567 0.34821429
vt 0.43332567 0.34821429
vt 0.43332567 0.34821429
vt 0.43332567 0.34821429
vt 0.43332567 0.34821429
vt 0.43332567 0.34821429
vt 0.43332567 0.34821429
vt 0.43332567 0.34821429
vt 0.43332567 0.34821429
vt 0.43332567 0.34821429
vt 0.43332567 0.34821429
vt 0.43332567 0.34821429
vt 0.43332567 0.34821429
vt 0.43332567 0.34821429
vt 0.43332567 0.34821429
vt 0.43332567 0.34821429
vt 0.43332567 0.34821429
vt 0.43332567 0.34821429
vt 0.43332567 0.34821429
vt 0.43332567 0.34821429
vt 0.43332567 0.34821429
vt 0.43332567 0.34821429
vt 0.43332567 0.34821429
vt 0.43332567 0.34821429
vt 0.43332567 0.34821429
vt 0.43332567 0.34821429
vt 0.43332567 0.34821429
vt 0.43332567 0.34821429
vt 0.43332567 0.34821429
vt 0.43332567 0.34821429
vt 0.43332567 0.34821429
vt 0.43332567 0.34821429
vt 0.43332567 0.34821429
vt 0.43332567 0.34821429
vt 0.43332567 0.34821429
vt 0.43332567 0.34821429
vt 0.43332567 0.34821429
vt 0.43332567 0.34821429
vt 0.43332567 0.34821429
vt 0.43332567 0.34821429
vt 0.43332567 0.34821429
vt 0.43332567 0.34821429
vt 0.43332567 0.34821429
vt 0.43332567 0.34821429
vt 0.43332567 0.34821429
vt 0.43332567 0.34821429
vt 0.43332567 0.34821429
vt 0.43332567 0.34821429
vt 0.43332567 0.34821429
vt 0.43332567 0.34821429
vt 0.43332567 0.34821429
vt 0.43332567 0.34821429
vt 0.43332567 0.34821429
vt 0.43332567 0.34821429
vt 0.43332567 0.34821429
vt 0.43332567 0.34821429
vt 0.43332567 0.34821429
vt 0.43332567 0.34821429
vt 0.43332567 0.34821429
vt 0.43332567 0.34821429
vt 0.43332567 0.34821429
vt 0.43332567 0.34821429
vt 0.43332567 0.34821429
vt 0.43332567 0.34821429
vt 0.43332567 0.34821429
vt 0.43332567 0.34821429
vt 0.43332567 0.34821429
vt 0.43332567 0.34821429
vt 0.43332567 0.34821429
vt 0.43332567 0.34821429
vt 0.43332567 0.34821429
vt 0.43332567 0.34821429
vt 0.43332567 0.34821429
vt 0.43332567 0.34821429
vt 0.43332567 0.34821429
vt 0.43332567 0.34821429
vt 0.43332567 0.34821429
vt 0.43332567 0.34821429
vt 0.43332567 0.34821429
vt 0.43332567 0.34821429
vt 0.43332567 0.34821429
vt 0.43332567 0.34821429
vt 0.43332567 0.34821429
vt 0.43332567 0.34821429
vt 0.43332567 0.34821429
vt 0.43332567 0.34821429
vt 0.43332567 0.34821429
vt 0.43332567 0.34821429
vt 0.43332567 0.34821429
vt 0.43332567 0.34821429
vt 0.43332567 0.34821429
vt 0.43332567 0.34821429
vt 0.43332567 0.34821429
vt 0.43332567 0.34821429
vt 0.43332567 0.34821429
vt 0.43332567 0.34821429
vt 0.43332567 0.34821429
vt 0.43332567 0.34821429
vt 0.43332567 0.34821429
vt 0.43332567 0.34821429
vt 0.43332567 0.34821429
vt 0.43332567 0.34821429
vt 0.43332567 0.34821429
vt 0.43332567 0.34821429
vt 0.43332567 0.34821429
vt 0.43332567 0.34821429
vt 0.43332567 0.34821429
vt 0.43332567 0.34821429
vt 0.43332567 0.34821429
vt 0.43332567 0.34821429
vt 0.43332567 0.34821429
vt 0.43332567 0.34821429
vt 0.43332567 0.34821429
vt 0.43332567 0.34821429
vt 0.43332567 0.34821429
vt 0.43332567 0.34821429
vt 0.43332567 0.34821429
vt 0.43332567 0.34821429
vt 0.43332567 0.34821429
vt 0.43332567 0.34821429
vt 0.43332567 0.34821429
vt 0.43332567 0.34821429
vt 0.43332567 0.34821429
vt 0.43332567 0.34821429
vt 0.43332567 0.34821429
vt 0.43332567 0.34821429
vt 0.43332567 0.34821429
vt 0.43332567 0.34821429
vt 0.43332567 0.34821429
vt 0.43332567 0.34821429
vt 0.43332567 0.34821429
vt 0.43332567 0.34821429
vt 0.43332567 0.34821429
vt 0.43332567 0.34821429
vt 0.43332567 0.34821429
vt 0.43332567 0.34821429
vt 0.43332567 0.34821429
vt 0.43332567 0.34821429
vt 0.43332567 0.34821429
vt 0.43332567 0.34821429
vt 0.43332567 0.34821429
vt 0.43332567 0.34821429
vt 0.43332567 0.34821429
vt 0.43332567 0.34821429
vt 0.43332567 0.34821429
vt 0.43332567 0.34821429
vt 0.43332567 0.34821429
vt 0.43332567 0.34821429
vt 0.43332567 0.34821429
vt 0.43332567 0.34821429
vt 0.43332567 0.34821429
vt 0.43332567 0.34821429
vt 0.40979626 0.34821429
vt 0.40979626 0.34821429
vt 0.40979626 0.34821429
vt 0.40979626 0.34821429
vt 0.40979626 0.34821429
vt 0.40979626 0.34821429
vt 0.40979626 0.34821429
vt 0.40979626 0.34821429
vt 0.40979626 0.34821429
vt 0.40979626 0.34821429
vt 0.40979626 0.34821429
vt 0.40979626 0.34821429
vt 0.40979626 0.34821429
vt 0.40979626 0.34821429
vt 0.40979626 0.34821429
vt 0.40979626 0.34821429
vt 0.40979626 0.34821429
vt 0.40979626 0.34821429
vt 0.40979626 0.34821429
vt 0.40979626 0.34821429
vt 0.40979626 0.34821429
vt 0.40979626 0.34821429
vt 0.40979626 0.34821429
vt 0.40979626 0.34821429
vt 0.40979626 0.34821429
vt 0.40979626 0.34821429
vt 0.40979626 0.34821429
vt 0.40979626 0.34821429
vt 0.40979626 0.34821429
vt 0.40979626 0.34821429
vt 0.40979626 0.34821429
vt 0.40979626 0.34821429
vt 0.40979626 0.34821429
vt 0.40979626 0.34821429
vt 0.40979626 0.34821429
vt 0.40979626 0.34821429
vt 0.40979626 0.34821429
vt 0.40979626 0.34821429
vt 0.40979626 0.34821429
vt 0.40979626 0.34821429
vt 0.40979626 0.34821429
vt 0.40979626 0.34821429
vt 0.40979626 0.34821429
vt 0.40979626 0.34821429
vt 0.40979626 0.34821429
vt 0.40979626 0.34821429
vt 0.40979626 0.34821429
vt 0.40979626 0.34821429
vt 0.40979626 0.34821429
vt 0.40979626 0.34821429
vt 0.40979626 0.34821429
vt 0.40979626 0.34821429
vt 0.40979626 0.34821429
vt 0.40979626 0.34821429
vt 0.40979626 0.34821429
vt 0.40979626 0.34821429
vt 0.40979626 0.34821429
vt 0.40979626 0.34821429
vt 0.40979626 0.34821429
vt 0.40979626 0.34821429
vt 0.40979626 0.34821429
vt 0.40979626 0.34821429
vt 0.40979626 0.34821429
vt 0.40979626 0.34821429
vt 0.40979626 0.34821429
vt 0.40979626 0.34821429
vt 0.38626685 0.34821429
vt 0.38626685 0.34821429
vt 0.38626685 0.34821429
vt 0.38626685 0.34821429
vt 0.38626685 0.34821429
vt 0.38626685 0.34821429
vt 0.38626685 0.34821429
vt 0.38626685 0.34821429
vt 0.38626685 0.34821429
vt 0.38626685 0.34821429
vt 0.38626685 0.34821429
vt 0.38626685 0.34821429
vt 0.38626685 0.34821429
vt 0.38626685 0.34821429
vt 0.38626685 0.34821429
vt 0.38626685 0.34821429
vt 0.38626685 0.34821429
vt 0.38626685 0.34821429
vt 0.38626685 0.34821429
vt 0.38626685 0.34821429
vt 0.38626685 0.34821429
vt 0.38626685 0.34821429
vt 0.38626685 0.34821429
vt 0.38626685 0.34821429
vt 0.38626685 0.34821429
vt 0.38626685 0.34821429
vt 0.38626685 0.34821429
vt 0.38626685 0.34821429
vt 0.38626685 0.34821429
vt 0.38626685 0.34821429
vt 0.38626685 0.34821429
vt 0.38626685 0.34821429
vt 0.38626685 0.34821429
vt 0.38626685 0.34821429
vt 0.38626685 0.34821429
vt 0.38626685 0.34821429
vt 0.38626685 0.34821429
vt 0.38626685 0.34821429
vt 0.38626685 0.34821429
vt 0.38626685 0.34821429
vt 0.38626685 0.34821429
vt 0.38626685 0.34821429
vt 0.38626685 0.34821429
vt 0.38626685 0.34821429
vt 0.38626685 0.34821429
vt 0.38626685 0.34821429
vt 0.38626685 0.34821429
vt 0.38626685 0.34821429
vt 0.38626685 0.34821429
vt 0.38626685 0.34821429
vt 0.38626685 0.34821429
vt 0.38626685 0.34821429
vt 0.38626685 0.34821429
vt 0.38626685 0.34821429
vt 0.38626685 0.34821429
vt 0.38626685 0.34821429
vt 0.38626685 0.34821429
vt 0.38626685 0.34821429
vt 0.38626685 0.34821429
vt 0.38626685 0.34821429
vt 0.38626685 0.34821429
vt 0.38626685 0.34821429
vt 0.38626685 0.34821429
vt 0.38626685 0.34821429
vt 0.38626685 0.34821429
vt 0.38626685 0.34821429
vt 0.38626685 0.34821429
vt 0.38626685 0.34821429
vt 0.38626685 0.34821429
vt 0.38626685 0.34821429
vt 0.38626685 0.34821429
vt 0.38626685 0.34821429
vt 0.38626685 0.34821429
vt 0.38626685 0.34821429
vt 0.38626685 0.34821429
vt 0.38626685 0.34821429
vt 0.38626685 0.34821429
vt 0.38626685 0.34821429
vt 0.38626685 0.34821429
vt 0.38626685 0.34821429
vt 0.38626685 0.34821429
vt 0.38626685 0.34821429
vt 0.38626685 0.34821429
vt 0.38626685 0.34821429
vt 0.38626685 0.34821429
vt 0.38626685 0.34821429
vt 0.38626685 0.34821429
vt 0.38626685 0.34821429
vt 0.38626685 0.34821429
vt 0.38626685 0.34821429
vt 0.38626685 0.34821429
vt 0.38626685 0.34821429
vt 0.38626685 0.34821429
vt 0.38626685 0.34821429
vt 0.38626685 0.34821429
vt 0.38626685 0.34821429
vt 0.38626685 0.34821429
vt 0.38626685 0.34821429
vt 0.38626685 0.34821429
vt 0.38626685 0.34821429
vt 0.38626685 0.34821429
vt 0.38626685 0.34821429
vt 0.38626685 0.34821429
vt 0.38626685 0.34821429
vt 0.38626685 0.34821429
vt 0.38626685 0.34821429
vt 0.38626685 0.34821429
vt 0.38626685 0.34821429
vt 0.38626685 0.34821429
vt 0.38626685 0.34821429
vt 0.38626685 0.34821429
vt 0.38626685 0.34821429
vt 0.38626685 0.34821429
vt 0.38626685 0.34821429
vt 0.38626685 0.34821429
vt 0.38626685 0.34821429
vt 0.38626685 0.34821429
vt 0.38626685 0.34821429
vt 0.38626685 0.34821429
vt 0.38626685 0.34821429
vt 0.38626685 0.34821429
vt 0.38626685 0.34821429
vt 0.38626685 0.34821429
vt 0.38626685 0.34821429
vt 0.38626685 0.34821429
vt 0.38626685 0.34821429
vt 0.38626685 0.34821429
vt 0.38626685 0.34821429
vt 0.38626685 0.34821429
vt 0.38626685 0.34821429
vt 0.38626685 0.34821429
vt 0.38626685 0.34821429
vt 0.38626685 0.34821429
vt 0.38626685 0.34821429
vt 0.38626685 0.34821429
vt 0.38626685 0.34821429
vt 0.38626685 0.34821429
vt 0.38626685 0.34821429
vt 0.38626685 0.34821429
vt 0.38626685 0.34821429
vt 0.38626685 0.34821429
vt 0.38626685 0.34821429
vt 0.38626685 0.34821429
vt 0.38626685 0.34821429
vt 0.38626685 0.34821429
vt 0.38626685 0.34821429
vt 0.38626685 0.34821429
vt 0.38626685 0.34821429
vt 0.38626685 0.34821429
vt 0.38626685 0.34821429
vt 0.38626685 0.34821429
vt 0.38626685 0.34821429
vt 0.38626685 0.34821429
vt 0.38626685 0.34821429
vt 0.38626685 0.34821429
vt 0.38626685 0.34821429
vt 0.38626685 0.34821429
vt 0.38626685 0.34821429
vt 0.38626685 0.34821429
vt 0.38626685 0.34821429
vt 0.38626685 0.34821429
vt 0.38626685 0.34821429
vt 0.38626685 0.34821429
vt 0.38626685 0.34821429
vt 0.38626685 0.34821429
vt 0.38626685 0.34821429
vt 0.38626685 0.34821429
vt 0.38626685 0.34821429
vt 0.38626685 0.34821429
vt 0.38626685 0.34821429
vt 0.38626685 0.34821429
vt 0.38626685 0.34821429
vt 0.38626685 0.34821429
vt 0.38626685 0.34821429
vt 0.38626685 0.34821429
vt 0.38626685 0.34821429
vt 0.38626685 0.34821429
vt 0.38626685 0.34821429
vt 0.38626685 0.34821429
vt 0.38626685 0.34821429
vt 0.38626685 0.34821429
vt 0.38626685 0.34821429
vt 0.38626685 0.34821429
vt 0.38626685 0.34821429
vt 0.38626685 0.34821429
vt 0.38626685 0.34821429
vt 0.38626685 0.34821429
vt 0.38626685 0.34821429
vt 0.38626685 0.34821429
vt 0.38626685 0.34821429
vt 0.38626685 0.34821429
vt 0.38626685 0.34821429
vt 0.38626685 0.34821429
vt 0.38626685 0.34821429
vt 0.38626685 0.34821429
vt 0.38626685 0.34821429
vt 0.38626685 0.34821429
vt 0.38626685 0.34821429
vt 0.38626685 0.34821429
vt 0.38626685 0.34821429
vt 0.38626685 0.34821429
vt 0.38626685 0.34821429
vt 0.38626685 0.34821429
vt 0.38626685 0.34821429
vt 0.38626685 0.34821429
vt 0.38626685 0.34821429
vt 0.38626685 0.34821429
vt 0.38626685 0.34821429
vt 0.38626685 0.34821429
vt 0.38626685 0.34821429
vt 0.38626685 0.34821429
vt 0.38626685 0.34821429
vt 0.38626685 0.34821429
vt 0.38626685 0.34821429
vt 0.38626685 0.34821429
vt 0.38626685 0.34821429
vt 0.38626685 0.34821429
vt 0.38626685 0.34821429
vt 0.38626685 0.34821429
vt 0.38626685 0.34821429
vt 0.38626685 0.34821429
vt 0.38626685 0.34821429
vt 0.38626685 0.34821429
vt 0.38626685 0.34821429
vt 0.38626685 0.34821429
vt 0.38626685 0.34821429
vt 0.38626685 0.34821429
vt 0.38626685 0.34821429
vt 0.38626685 0.34821429
vt 0.38626685 0.34821429
vt 0.38626685 0.34821429
vt 0.38626685 0.34821429
vt 0.38626685 0.34821429
vt 0.38626685 0.34821429
vt 0.38626685 0.34821429
vt 0.38626685 0.34821429
vt 0.38626685 0.34821429
vt 0.38626685 0.34821429
vt 0.38626685 0.34821429
vt 0.38626685 0.34821429
vt 0.38626685 0.34821429
vt 0.38626685 0.34821429
vt 0.38626685 0.34821429
vt 0.38626685 0.34821429
vt 0.38626685 0.34821429
vt 0.38626685 0.34821429
vt 0.38626685 0.34821429
vt 0.38626685 0.34821429
vt 0.38626685 0.34821429
vt 0.38626685 0.34821429
vt 0.38626685 0.34821429
vt 0.38626685 0.34821429
vt 0.38626685 0.34821429
vt 0.38626685 0.34821429
vt 0.38626685 0.34821429
vt 0.38626685 0.34821429
vt 0.38626685 0.34821429
vt 0.38626685 0.34821429
vt 0.38626685 0.34821429
vt 0.38626685 0.34821429
vt 0.38626685 0.34821429
vt 0.38626685 0.34821429
vt 0.38626685 0.34821429
vt 0.38626685 0.34821429
vt 0.38626685 0.34821429
vt 0.38626685 0.34821429
vt 0.38626685 0.34821429
vt 0.38626685 0.34821429
vt 0.38626685 0.34821429
vt 0.38626685 0.34821429
vt 0.38626685 0.34821429
vt 0.38626685 0.34821429
vt 0.38626685 0.34821429
vt 0.38626685 0.34821429
vt 0.38626685 0.34821429
vt 0.38626685 0.34821429
vt 0.38626685 0.34821429
vt 0.38626685 0.34821429
vt 0.38626685 0.34821429
vt 0.38626685 0.34821429
vt 0.38626685 0.34821429
vt 0.38626685 0.34821429
vt 0.38626685 0.34821429
vt 0.38626685 0.34821429
vt 0.38626685 0.34821429
vt 0.38626685 0.34821429
vt 0.38626685 0.34821429
vt 0.38626685 0.34821429
vt 0.38626685 0.34821429
vt 0.38626685 0.34821429
vt 0.38626685 0.34821429
vt 0.38626685 0.34821429
vt 0.38626685 0.34821429
vt 0.38626685 0.34821429
vt 0.38626685 0.34821429
vt 0.38626685 0.34821429
vt 0.38626685 0.34821429
vt 0.38626685 0.34821429
vt 0.38626685 0.34821429
vt 0.38626685 0.34821429
vt 0.38626685 0.34821429
vt 0.38626685 0.34821429
vt 0.38626685 0.34821429
vt 0.38626685 0.34821429
vt 0.38626685 0.34821429
vt 0.38626685 0.34821429
vt 0.38626685 0.34821429
vt 0.38626685 0.34821429
vt 0.38626685 0.34821429
vt 0.38626685 0.34821429
vt 0.38626685 0.34821429
vt 0.38626685 0.34821429
vt 0.38626685 0.34821429
vt 0.38626685 0.34821429
vt 0.38626685 0.34821429
vt 0.38626685 0.34821429
vt 0.38626685 0.34821429
vt 0.38626685 0.34821429
vt 0.38626685 0.34821429
vt 0.38626685 0.34821429
vt 0.38626685 0.34821429
vt 0.38626685 0.34821429
vt 0.38626685 0.34821429
vt 0.38626685 0.34821429
vt 0.38626685 0.34821429
vt 0.38626685 0.34821429
vt 0.38626685 0.34821429
vt 0.38626685 0.34821429
vt 0.38626685 0.34821429
vt 0.38626685 0.34821429
vt 0.38626685 0.34821429
vt 0.38626685 0.34821429
vt 0.38626685 0.34821429
vt 0.38626685 0.34821429
vt 0.38626685 0.34821429
vt 0.38626685 0.34821429
vt 0.38626685 0.34821429
vt 0.38626685 0.34821429
vt 0.38626685 0.34821429
vt 0.38626685 0.34821429
vt 0.38626685 0.34821429
vt 0.38626685 0.34821429
vt 0.38626685 0.34821429
vt 0.38626685 0.34821429
vt 0.38626685 0.34821429
vt 0.38626685 0.34821429
vt 0.38626685 0.34821429
vt 0.38626685 0.34821429
vt 0.38626685 0.34821429
vt 0.38626685 0.34821429
vt 0.38626685 0.34821429
vt 0.38626685 0.34821429
vt 0.38626685 0.34821429
vt 0.38626685 0.34821429
vt 0.38626685 0.34821429
vt 0.38626685 0.34821429
vt 0.38626685 0.34821429
vt 0.38626685 0.34821429
vt 0.38626685 0.34821429
vt 0.38626685 0.34821429
vt 0.38626685 0.34821429
vt 0.38626685 0.34821429
vt 0.38626685 0.34821429
vt 0.38626685 0.34821429
vt 0.38626685 0.34821429
vt 0.38626685 0.34821429
vt 0.38626685 0.34821429
vt 0.38626685 0.34821429
vt 0.38626685 0.34821429
vt 0.38626685 0.34821429
vt 0.38626685 0.34821429
vt 0.38626685 0.34821429
vt 0.38626685 0.34821429
vt 0.38626685 0.34821429
vt 0.38626685 0.34821429
vt 0.38626685 0.34821429
vt 0.38626685 0.34821429
vt 0.38626685 0.34821429
vt 0.38626685 0.34821429
vt 0.38626685 0.34821429
vt 0.38626685 0.34821429
vt 0.38626685 0.34821429
vt 0.38626685 0.34821429
vt 0.38626685 0.34821429
vt 0.38626685 0.34821429
vt 0.38626685 0.34821429
vt 0.38626685 0.34821429
vt 0.38626685 0.34821429
vt 0.38626685 0.34821429
vt 0.38626685 0.34821429
vt 0.38626685 0.34821429
vt 0.38626685 0.34821429
vt 0.38626685 0.34821429
vt 0.38626685 0.34821429
vt 0.38626685 0.34821429
vt 0.38626685 0.34821429
vt 0.38626685 0.34821429
vt 0.38626685 0.34821429
vt 0.38626685 0.34821429
vt 0.38626685 0.34821429
vt 0.38626685 0.34821429
vt 0.38626685 0.34821429
vt 0.38626685 0.34821429
vt 0.38626685 0.34821429
vt 0.38626685 0.34821429
vt 0.38626685 0.34821429
vt 0.38626685 0.34821429
vt 0.38626685 0.34821429
vt 0.38626685 0.34821429
vt 0.38626685 0.34821429
vt 0.38626685 0.34821429
vt 0.38626685 0.34821429
vt 0.38626685 0.34821429
vt 0.38626685 0.34821429
vt 0.38626685 0.34821429
vt 0.38626685 0.34821429
vt 0.38626685 0.34821429
vt 0.38626685 0.34821429
vt 0.38626685 0.34821429
vt 0.38626685 0.34821429
vt 0.38626685 0.34821429
vt 0.38626685 0.34821429
vt 0.38626685 0.34821429
vt 0.38626685 0.34821429
vt 0.38626685 0.34821429
vt 0.38626685 0.34821429
vt 0.38626685 0.34821429
vt 0.38626685 0.34821429
vt 0.38626685 0.34821429
vt 0.38626685 0.34821429
vt 0.38626685 0.34821429
vt 0.38626685 0.34821429
vt 0.38626685 0.34821429
vt 0.38626685 0.34821429
vt 0.38626685 0.34821429
vt 0.38626685 0.34821429
vt 0.38626685 0.34821429
vt 0.38626685 0.34821429
vt 0.38626685 0.34821429
vt 0.38626685 0.34821429
vt 0.38626685 0.34821429
vt 0.38626685 0.34821429
vt 0.38626685 0.34821429
vt 0.38626685 0.34821429
vt 0.38626685 0.34821429
vt 0.38626685 0.34821429
vt 0.38626685 0.34821429
vt 0.38626685 0.34821429
vt 0.38626685 0.34821429
vt 0.38626685 0.34821429
vt 0.38626685 0.34821429
vt 0.38626685 0.34821429
vt 0.38626685 0.34821429
vt 0.38626685 0.34821429
vt 0.38626685 0.34821429
vt 0.38626685 0.34821429
vt 0.38626685 0.34821429
vt 0.38626685 0.34821429
vt 0.38626685 0.34821429
vt 0.38626685 0.34821429
vt 0.38626685 0.34821429
vt 0.38626685 0.34821429
vt 0.38626685 0.34821429
vt 0.38626685 0.34821429
vt 0.38626685 0.34821429
vt 0.38626685 0.34821429
vt 0.38626685 0.34821429
vt 0.38626685 0.34821429
vt 0.38626685 0.34821429
vt 0.38626685 0.34821429
vt 0.38626685 0.34821429
vt 0.38626685 0.34821429
vt 0.38626685 0.34821429
vt 0.38626685 0.34821429
vt 0.38626685 0.34821429
vt 0.38626685 0.34821429
vt 0.38626685 0.34821429
vt 0.38626685 0.34821429
vt 0.38626685 0.34821429
vt 0.38626685 0.34821429
vt 0.38626685 0.34821429
vt 0.38626685 0.34821429
vt 0.38626685 0.34821429
vt 0.38626685 0.34821429
vt 0.38626685 0.34821429
vt 0.38626685 0.34821429
vt 0.38626685 0.34821429
vt 0.38626685 0.34821429
vt 0.38626685 0.34821429
vt 0.38626685 0.34821429
vt 0.38626685 0.34821429
vt 0.38626685 0.34821429
vt 0.38626685 0.34821429
vt 0.38626685 0.34821429
vt 0.38626685 0.34821429
vt 0.38626685 0.34821429
vt 0.38626685 0.34821429
vt 0.38626685 0.34821429
vt 0.38626685 0.34821429
vt 0.38626685 0.34821429
vt 0.38626685 0.34821429
vt 0.38626685 0.34821429
vt 0.38626685 0.34821429
vt 0.38626685 0.34821429
vt 0.38626685 0.34821429
vt 0.38626685 0.34821429
vt 0.38626685 0.34821429
vt 0.38626685 0.34821429
vt 0.38626685 0.34821429
vt 0.38626685 0.34821429
vt 0.38626685 0.34821429
vt 0.38626685 0.34821429
vt 0.38626685 0.34821429
vt 0.38626685 0.34821429
vt 0.38626685 0.34821429
vt 0.38626685 0.34821429
vt 0.38626685 0.34821429
vt 0.38626685 0.34821429
vt 0.38626685 0.34821429
vt 0.38626685 0.34821429
vt 0.38626685 0.34821429
vt 0.38626685 0.34821429
vt 0.38626685 0.34821429
vt 0.38626685 0.34821429
vt 0.38626685 0.34821429
vt 0.38626685 0.34821429
vt 0.38626685 0.34821429
vt 0.38626685 0.34821429
vt 0.38626685 0.34821429
vt 0.38626685 0.34821429
vt 0.38626685 0.34821429
vt 0.38626685 0.34821429
vt 0.38626685 0.34821429
vt 0.38626685 0.34821429
vt 0.38626685 0.34821429
vt 0.38626685 0.34821429
vt 0.38626685 0.34821429
vt 0.38626685 0.34821429
vt 0.38626685 0.34821429
vt 0.38626685 0.34821429
vt 0.38626685 0.34821429
vt 0.38626685 0.34821429
vt 0.38626685 0.34821429
vt 0.38626685 0.34821429
vt 0.38626685 0.34821429
vt 0.38626685 0.34821429
vt 0.38626685 0.34821429
vt 0.38626685 0.34821429
vt 0.38626685 0.34821429
vt 0.38626685 0.34821429
vt 0.38626685 0.34821429
vt 0.38626685 0.34821429
vt 0.38626685 0.34821429
vt 0.38626685 0.34821429
vt 0.38626685 0.34821429
vt 0.38626685 0.34821429
vt 0.38626685 0.34821429
vt 0.38626685 0.34821429
vt 0.38626685 0.34821429
vt 0.38626685 0.34821429
vt 0.38626685 0.34821429
vt 0.38626685 0.34821429
vt 0.38626685 0.34821429
vt 0.38626685 0.34821429
vt 0.38626685 0.34821429
vt 0.38626685 0.34821429
vt 0.38626685 0.34821429
vt 0.38626685 0.34821429
vt 0.38626685 0.34821429
vt 0.38626685 0.34821429
vt 0.38626685 0.34821429
vt 0.38626685 0.34821429
vt 0.38626685 0.34821429
vt 0.38626685 0.34821429
vt 0.38626685 0.34821429
vt 0.38626685 0.34821429
vt 0.38626685 0.34821429
vt 0.38626685 0.34821429
vt 0.38626685 0.34821429
vt 0.38626685 0.34821429
vt 0.38626685 0.34821429
vt 0.38626685 0.34821429
vt 0.38626685 0.34821429
vt 0.38626685 0.34821429
vt 0.38626685 0.34821429
vt 0.38626685 0.34821429
vt 0.38626685 0.34821429
vt 0.38626685 0.34821429
vt 0.38626685 0.34821429
vt 0.38626685 0.34821429
vt 0.38626685 0.34821429
vt 0.38626685 0.34821429
vt 0.38626685 0.34821429
vt 0.38626685 0.34821429
vt 0.38626685 0.34821429
vt 0.38626685 0.34821429
vt 0.38626685 0.34821429
vt 0.38626685 0.34821429
vt 0.38626685 0.34821429
vt 0.38626685 0.34821429
vt 0.38626685 0.34821429
vt 0.38626685 0.34821429
vt 0.38626685 0.34821429
vt 0.38626685 0.34821429
vt 0.38626685 0.34821429
vt 0.38626685 0.34821429
vt 0.38626685 0.34821429
vt 0.38626685 0.34821429
vt 0.38626685 0.34821429
vt 0.38626685 0.34821429
vt 0.38626685 0.34821429
vt 0.38626685 0.34821429
vt 0.38626685 0.34821429
vt 0.38626685 0.34821429
vt 0.38626685 0.34821429
vt 0.38626685 0.34821429
vt 0.38626685 0.34821429
vt 0.38626685 0.34821429
vt 0.38626685 0.34821429
vt 0.38626685 0.34821429
vt 0.38626685 0.34821429
vt 0.38626685 0.34821429
vt 0.38626685 0.34821429
vt 0.38626685 0.34821429
vt 0.38626685 0.34821429
vt 0.38626685 0.34821429
vt 0.38626685 0.34821429
vt 0.38626685 0.34821429
vt 0.38626685 0.34821429
vt 0.38626685 0.34821429
vt 0.38626685 0.34821429
vt 0.38626685 0.34821429
vt 0.38626685 0.34821429
vt 0.38626685 0.34821429
vt 0.38626685 0.34821429
vt 0.38626685 0.34821429
vt 0.38626685 0.34821429
vt 0.38626685 0.34821429
vt 0.38626685 0.34821429
vt 0.38626685 0.34821429
vt 0.38626685 0.34821429
vt 0.38626685 0.34821429
vt 0.36273744 0.34821429
vt 0.36273744 0.34821429
vt 0.36273744 0.34821429
vt 0.36273744 0.34821429
vt 0.36273744 0.34821429
vt 0.36273744 0.34821429
vt 0.36273744 0.34821429
vt 0.36273744 0.34821429
vt 0.36273744 0.34821429
vt 0.36273744 0.34821429
vt 0.36273744 0.34821429
vt 0.36273744 0.34821429
vt 0.36273744 0.34821429
vt 0.36273744 0.34821429
vt 0.36273744 0.34821429
vt 0.36273744 0.34821429
vt 0.36273744 0.34821429
vt 0.36273744 0.34821429
vt 0.36273744 0.34821429
vt 0.36273744 0.34821429
vt 0.36273744 0.34821429
vt 0.36273744 0.34821429
vt 0.36273744 0.34821429
vt 0.36273744 0.34821429
vt 0.36273744 0.34821429
vt 0.36273744 0.34821429
vt 0.36273744 0.34821429
vt 0.36273744 0.34821429
vt 0.36273744 0.34821429
vt 0.36273744 0.34821429
vt 0.36273744 0.34821429
vt 0.36273744 0.34821429
vt 0.36273744 0.34821429
vt 0.36273744 0.34821429
vt 0.36273744 0.34821429
vt 0.36273744 0.34821429
vt 0.36273744 0.34821429
vt 0.36273744 0.34821429
vt 0.36273744 0.34821429
vt 0.36273744 0.34821429
vt 0.36273744 0.34821429
vt 0.36273744 0.34821429
vt 0.36273744 0.34821429
vt 0.36273744 0.34821429
vt 0.36273744 0.34821429
vt 0.36273744 0.34821429
vt 0.36273744 0.34821429
vt 0.36273744 0.34821429
vt 0.36273744 0.34821429
vt 0.36273744 0.34821429
vt 0.36273744 0.34821429
vt 0.36273744 0.34821429
vt 0.36273744 0.34821429
vt 0.36273744 0.34821429
vt 0.36273744 0.34821429
vt 0.36273744 0.34821429
vt 0.36273744 0.34821429
vt 0.36273744 0.34821429
vt 0.36273744 0.34821429
vt 0.36273744 0.34821429
vt 0.36273744 0.34821429
vt 0.36273744 0.34821429
vt 0.36273744 0.34821429
vt 0.36273744 0.34821429
vt 0.36273744 0.34821429
vt 0.36273744 0.34821429
vt 0.36273744 0.34821429
vt 0.36273744 0.34821429
vt 0.36273744 0.34821429
vt 0.36273744 0.34821429
vt 0.36273744 0.34821429
vt 0.36273744 0.34821429
vt 0.36273744 0.34821429
vt 0.36273744 0.34821429
vt 0.36273744 0.34821429
vt 0.36273744 0.34821429
vt 0.36273744 0.34821429
vt 0.36273744 0.34821429
vt 0.36273744 0.34821429
vt 0.36273744 0.34821429
vt 0.36273744 0.34821429
vt 0.36273744 0.34821429
vt 0.36273744 0.34821429
vt 0.36273744 0.34821429
vt 0.36273744 0.34821429
vt 0.36273744 0.34821429
vt 0.36273744 0.34821429
vt 0.36273744 0.34821429
vt 0.36273744 0.34821429
vt 0.36273744 0.34821429
vt 0.36273744 0.34821429
vt 0.36273744 0.34821429
vt 0.36273744 0.34821429
vt 0.36273744 0.34821429
vt 0.36273744 0.34821429
vt 0.36273744 0.34821429
vt 0.36273744 0.34821429
vt 0.36273744 0.34821429
vt 0.36273744 0.34821429
vt 0.36273744 0.34821429
vt 0.36273744 0.34821429
vt 0.36273744 0.34821429
vt 0.36273744 0.34821429
vt 0.36273744 0.34821429
vt 0.36273744 0.34821429
vt 0.36273744 0.34821429
vt 0.36273744 0.34821429
vt 0.36273744 0.34821429
vt 0.36273744 0.34821429
vt 0.36273744 0.34821429
vt 0.36273744 0.34821429
vt 0.36273744 0.34821429
vt 0.36273744 0.34821429
vt 0.36273744 0.34821429
vt 0.36273744 0.34821429
vt 0.36273744 0.34821429
vt 0.36273744 0.34821429
vt 0.36273744 0.34821429
vt 0.36273744 0.34821429
vt 0.36273744 0.34821429
vt 0.36273744 0.34821429
vt 0.36273744 0.34821429
vt 0.36273744 0.34821429
vt 0.36273744 0.34821429
vt 0.36273744 0.34821429
vt 0.36273744 0.34821429
vt 0.36273744 0.34821429
vt 0.36273744 0.34821429
vt 0.36273744 0.34821429
vt 0.36273744 0.34821429
vt 0.36273744 0.34821429
vt 0.36273744 0.34821429
vt 0.36273744 0.34821429
vt 0.36273744 0.34821429
vt 0.36273744 0.34821429
vt 0.36273744 0.34821429
vt 0.36273744 0.34821429
vt 0.36273744 0.34821429
vt 0.36273744 0.34821429
vt 0.36273744 0.34821429
vt 0.36273744 0.34821429
vt 0.36273744 0.34821429
vt 0.36273744 0.34821429
vt 0.36273744 0.34821429
vt 0.36273744 0.34821429
vt 0.36273744 0.34821429
vt 0.36273744 0.34821429
vt 0.36273744 0.34821429
vt 0.36273744 0.34821429
vt 0.36273744 0.34821429
vt 0.36273744 0.34821429
vt 0.36273744 0.34821429
vt 0.36273744 0.34821429
vt 0.36273744 0.34821429
vt 0.36273744 0.34821429
vt 0.36273744 0.34821429
vt 0.36273744 0.34821429
vt 0.36273744 0.34821429
vt 0.36273744 0.34821429
vt 0.36273744 0.34821429
vt 0.36273744 0.34821429
vt 0.36273744 0.34821429
vt 0.36273744 0.34821429
vt 0.36273744 0.34821429
vt 0.36273744 0.34821429
vt 0.36273744 0.34821429
vt 0.36273744 0.34821429
vt 0.36273744 0.34821429
vt 0.36273744 0.34821429
vt 0.36273744 0.34821429
vt 0.36273744 0.34821429
vt 0.36273744 0.34821429
vt 0.36273744 0.34821429
vt 0.36273744 0.34821429
vt 0.36273744 0.34821429
vt 0.36273744 0.34821429
vt 0.36273744 0.34821429
vt 0.36273744 0.34821429
vt 0.36273744 0.34821429
vt 0.36273744 0.34821429
vt 0.36273744 0.34821429
vt 0.36273744 0.34821429
vt 0.36273744 0.34821429
vt 0.36273744 0.34821429
vt 0.36273744 0.34821429
vt 0.36273744 0.34821429
vt 0.36273744 0.34821429
vt 0.36273744 0.34821429
vt 0.36273744 0.34821429
vt 0.36273744 0.34821429
vt 0.36273744 0.34821429
vt 0.36273744 0.34821429
vt 0.36273744 0.34821429
vt 0.36273744 0.34821429
vt 0.36273744 0.34821429
vt 0.36273744 0.34821429
vt 0.36273744 0.34821429
vt 0.36273744 0.34821429
vt 0.36273744 0.34821429
vt 0.36273744 0.34821429
vt 0.36273744 0.34821429
vt 0.36273744 0.34821429
vt 0.36273744 0.34821429
vt 0.36273744 0.34821429
vt 0.36273744 0.34821429
vt 0.36273744 0.34821429
vt 0.36273744 0.34821429
vt 0.36273744 0.34821429
vt 0.36273744 0.34821429
vt 0.36273744 0.34821429
vt 0.36273744 0.34821429
vt 0.36273744 0.34821429
vt 0.36273744 0.34821429
vt 0.36273744 0.34821429
vt 0.36273744 0.34821429
vt 0.36273744 0.34821429
vt 0.36273744 0.34821429
vt 0.36273744 0.34821429
vt 0.36273744 0.34821429
vt 0.36273744 0.34821429
vt 0.36273744 0.34821429
vt 0.36273744 0.34821429
vt 0.36273744 0.34821429
vt 0.36273744 0.34821429
vt 0.36273744 0.34821429
vt 0.36273744 0.34821429
vt 0.36273744 0.34821429
vt 0.36273744 0.34821429
vt 0.36273744 0.34821429
vt 0.36273744 0.34821429
vt 0.36273744 0.34821429
vt 0.36273744 0.34821429
vt 0.36273744 0.34821429
vt 0.36273744 0.34821429
vt 0.36273744 0.34821429
vt 0.36273744 0.34821429
vt 0.36273744 0.34821429
vt 0.36273744 0.34821429
vt 0.36273744 0.34821429
vt 0.36273744 0.34821429
vt 0.36273744 0.34821429
vt 0.36273744 0.34821429
vt 0.36273744 0.34821429
vt 0.36273744 0.34821429
vt 0.36273744 0.34821429
vt 0.36273744 0.34821429
vt 0.36273744 0.34821429
vt 0.36273744 0.34821429
vt 0.36273744 0.34821429
vt 0.36273744 0.34821429
vt 0.36273744 0.34821429
vt 0.36273744 0.34821429
vt 0.36273744 0.34821429
vt 0.36273744 0.34821429
vt 0.36273744 0.34821429
vt 0.36273744 0.34821429
vt 0.36273744 0.34821429
vt 0.36273744 0.34821429
vt 0.36273744 0.34821429
vt 0.36273744 0.34821429
vt 0.36273744 0.34821429
vt 0.36273744 0.34821429
vt 0.36273744 0.34821429
vt 0.36273744 0.34821429
vt 0.36273744 0.34821429
vt 0.36273744 0.34821429
vt 0.36273744 0.34821429
vt 0.36273744 0.34821429
vt 0.36273744 0.34821429
vt 0.36273744 0.34821429
vt 0.36273744 0.34821429
vt 0.36273744 0.34821429
vt 0.36273744 0.34821429
vt 0.36273744 0.34821429
vt 0.36273744 0.34821429
vt 0.36273744 0.34821429
vt 0.36273744 0.34821429
vt 0.36273744 0.34821429
vt 0.36273744 0.34821429
vt 0.36273744 0.34821429
vt 0.36273744 0.34821429
vt 0.36273744 0.34821429
vt 0.36273744 0.34821429
vt 0.36273744 0.34821429
vt 0.36273744 0.34821429
vt 0.36273744 0.34821429
vt 0.36273744 0.34821429
vt 0.36273744 0.34821429
vt 0.36273744 0.34821429
vt 0.36273744 0.34821429
vt 0.36273744 0.34821429
vt 0.36273744 0.34821429
vt 0.36273744 0.34821429
vt 0.36273744 0.34821429
vt 0.36273744 0.34821429
vt 0.36273744 0.34821429
vt 0.36273744 0.34821429
vt 0.36273744 0.34821429
vt 0.36273744 0.34821429
vt 0.36273744 0.34821429
vt 0.36273744 0.34821429
vt 0.36273744 0.34821429
vt 0.36273744 0.34821429
vt 0.36273744 0.34821429
vt 0.36273744 0.34821429
vt 0.36273744 0.34821429
vt 0.36273744 0.34821429
vt 0.36273744 0.34821429
vt 0.36273744 0.34821429
vt 0.36273744 0.34821429
vt 0.36273744 0.34821429
vt 0.36273744 0.34821429
vt 0.36273744 0.34821429
vt 0.36273744 0.34821429
vt 0.36273744 0.34821429
vt 0.36273744 0.34821429
vt 0.36273744 0.34821429
vt 0.36273744 0.34821429
vt 0.36273744 0.34821429
vt 0.36273744 0.34821429
vt 0.36273744 0.34821429
vt 0.36273744 0.34821429
vt 0.36273744 0.34821429
vt 0.36273744 0.34821429
vt 0.36273744 0.34821429
vt 0.36273744 0.34821429
vt 0.36273744 0.34821429
vt 0.36273744 0.34821429
vt 0.36273744 0.34821429
vt 0.36273744 0.34821429
vt 0.36273744 0.34821429
vt 0.36273744 0.34821429
vt 0.36273744 0.34821429
vt 0.36273744 0.34821429
vt 0.36273744 0.34821429
vt 0.36273744 0.34821429
vt 0.36273744 0.34821429
vt 0.36273744 0.34821429
vt 0.36273744 0.34821429
vt 0.36273744 0.34821429
vt 0.36273744 0.34821429
vt 0.36273744 0.34821429
vt 0.36273744 0.34821429
vt 0.36273744 0.34821429
vt 0.36273744 0.34821429
vt 0.36273744 0.34821429
vt 0.36273744 0.34821429
vt 0.36273744 0.34821429
vt 0.36273744 0.34821429
vt 0.36273744 0.34821429
vt 0.36273744 0.34821429
vt 0.36273744 0.34821429
vt 0.36273744 0.34821429
vt 0.36273744 0.34821429
vt 0.36273744 0.34821429
vt 0.36273744 0.34821429
vt 0.36273744 0.34821429
vt 0.36273744 0.34821429
vt 0.36273744 0.34821429
vt 0.36273744 0.34821429
vt 0.36273744 0.34821429
vt 0.36273744 0.34821429
vt 0.36273744 0.34821429
vt 0.36273744 0.34821429
vt 0.36273744 0.34821429
vt 0.36273744 0.34821429
vt 0.36273744 0.34821429
vt 0.36273744 0.34821429
vt 0.36273744 0.34821429
vt 0.36273744 0.34821429
vt 0.36273744 0.34821429
vt 0.36273744 0.34821429
vt 0.36273744 0.34821429
vt 0.36273744 0.34821429
vt 0.36273744 0.34821429
vt 0.36273744 0.34821429
vt 0.36273744 0.34821429
vt 0.36273744 0.34821429
vt 0.36273744 0.34821429
vt 0.36273744 0.34821429
vt 0.36273744 0.34821429
vt 0.36273744 0.34821429
vt 0.36273744 0.34821429
vt 0.36273744 0.34821429
vt 0.36273744 0.34821429
vt 0.36273744 0.34821429
vt 0.36273744 0.34821429
vt 0.36273744 0.34821429
vt 0.36273744 0.34821429
vt 0.36273744 0.34821429
vt 0.36273744 0.34821429
vt 0.36273744 0.34821429
vt 0.36273744 0.34821429
vt 0.36273744 0.34821429
vt 0.36273744 0.34821429
vt 0.36273744 0.34821429
vt 0.36273744 0.34821429
vt 0.36273744 0.34821429
vt 0.36273744 0.34821429
vt 0.36273744 0.34821429
vt 0.36273744 0.34821429
vt 0.36273744 0.34821429
vt 0.36273744 0.34821429
vt 0.36273744 0.34821429
vt 0.36273744 0.34821429
vt 0.36273744 0.34821429
vt 0.36273744 0.34821429
vt 0.36273744 0.34821429
vt 0.36273744 0.34821429
vt 0.36273744 0.34821429
vt 0.36273744 0.34821429
vt 0.36273744 0.34821429
vt 0.36273744 0.34821429
vt 0.36273744 0.34821429
vt 0.36273744 0.34821429
vt 0.36273744 0.34821429
vt 0.36273744 0.34821429
vt 0.36273744 0.34821429
vt 0.36273744 0.34821429
vt 0.36273744 0.34821429
vt 0.36273744 0.34821429
vt 0.36273744 0.34821429
vt 0.36273744 0.34821429
vt 0.36273744 0.34821429
vt 0.36273744 0.34821429
vt 0.36273744 0.34821429
vt 0.36273744 0.34821429
vt 0.36273744 0.34821429
vt 0.36273744 0.34821429
vt 0.36273744 0.34821429
vt 0.36273744 0.34821429
vt 0.36273744 0.34821429
vt 0.36273744 0.34821429
vt 0.36273744 0.34821429
vt 0.36273744 0.34821429
vt 0.36273744 0.34821429
vt 0.36273744 0.34821429
vt 0.36273744 0.34821429
vt 0.36273744 0.34821429
vt 0.36273744 0.34821429
vt 0.36273744 0.34821429
vt 0.36273744 0.34821429
vt 0.36273744 0.34821429
vt 0.36273744 0.34821429
vt 0.36273744 0.34821429
vt 0.36273744 0.34821429
vt 0.36273744 0.34821429
vt 0.36273744 0.34821429
vt 0.36273744 0.34821429
vt 0.36273744 0.34821429
vt 0.36273744 0.34821429
vt 0.36273744 0.34821429
vt 0.36273744 0.34821429
vt 0.36273744 0.34821429
vt 0.36273744 0.34821429
vt 0.36273744 0.34821429
vt 0.36273744 0.34821429
vt 0.36273744 0.34821429
vt 0.36273744 0.34821429
vt 0.36273744 0.34821429
vt 0.36273744 0.34821429
vt 0.36273744 0.34821429
vt 0.36273744 0.34821429
vt 0.36273744 0.34821429
vt 0.36273744 0.34821429
vt 0.36273744 0.34821429
vt 0.36273744 0.34821429
vt 0.36273744 0.34821429
vt 0.36273744 0.34821429
vt 0.36273744 0.34821429
vt 0.36273744 0.34821429
vt 0.36273744 0.34821429
vt 0.36273744 0.34821429
vt 0.36273744 0.34821429
vt 0.36273744 0.34821429
vt 0.36273744 0.34821429
vt 0.36273744 0.34821429
vt 0.36273744 0.34821429
vt 0.36273744 0.34821429
vt 0.36273744 0.34821429
vt 0.36273744 0.34821429
vt 0.36273744 0.34821429
vt 0.36273744 0.34821429
vt 0.36273744 0.34821429
vt 0.36273744 0.34821429
vt 0.36273744 0.34821429
vt 0.36273744 0.34821429
vt 0.36273744 0.34821429
vt 0.36273744 0.34821429
vt 0.36273744 0.34821429
vt 0.36273744 0.34821429
vt 0.36273744 0.34821429
vt 0.36273744 0.34821429
vt 0.36273744 0.34821429
vt 0.36273744 0.34821429
vt 0.36273744 0.34821429
vt 0.36273744 0.34821429
vt 0.36273744 0.34821429
vt 0.36273744 0.34821429
vt 0.36273744 0.34821429
vt 0.36273744 0.34821429
vt 0.36273744 0.34821429
vt 0.36273744 0.34821429
vt 0.36273744 0.34821429
vt 0.36273744 0.34821429
vt 0.36273744 0.34821429
vt 0.36273744 0.34821429
vt 0.36273744 0.34821429
vt 0.36273744 0.34821429
vt 0.36273744 0.34821429
vt 0.36273744 0.34821429
vt 0.36273744 0.34821429
vt 0.36273744 0.34821429
vt 0.36273744 0.34821429
vt 0.36273744 0.34821429
vt 0.36273744 0.34821429
vt 0.36273744 0.34821429
vt 0.36273744 0.34821429
vt 0.36273744 0.34821429
vt 0.36273744 0.34821429
vt 0.36273744 0.34821429
vt 0.36273744 0.34821429
vt 0.36273744 0.34821429
vt 0.36273744 0.34821429
vt 0.36273744 0.34821429
vt 0.36273744 0.34821429
vt 0.36273744 0.34821429
vt 0.36273744 0.34821429
vt 0.36273744 0.34821429
vt 0.36273744 0.34821429
vt 0.36273744 0.34821429
vt 0.36273744 0.34821429
vt 0.36273744 0.34821429
vt 0.36273744 0.34821429
vt 0.36273744 0.34821429
vt 0.36273744 0.34821429
vt 0.36273744 0.34821429
vt 0.36273744 0.34821429
vt 0.36273744 0.34821429
vt 0.36273744 0.34821429
vt 0.36273744 0.34821429
vt 0.36273744 0.34821429
vt 0.36273744 0.34821429
vt 0.36273744 0.34821429
vt 0.36273744 0.34821429
vt 0.36273744 0.34821429
vt 0.36273744 0.34821429
vt 0.36273744 0.34821429
vt 0.36273744 0.34821429
vt 0.36273744 0.34821429
vt 0.36273744 0.34821429
vt 0.36273744 0.34821429
vt 0.36273744 0.34821429
vt 0.36273744 0.34821429
vt 0.36273744 0.34821429
vt 0.36273744 0.34821429
vt 0.36273744 0.34821429
vt 0.36273744 0.34821429
vt 0.36273744 0.34821429
vt 0.36273744 0.34821429
vt 0.36273744 0.34821429
vt 0.36273744 0.34821429
vt 0.36273744 0.34821429
vt 0.36273744 0.34821429
vt 0.36273744 0.34821429
vt 0.36273744 0.34821429
vt 0.36273744 0.34821429
vt 0.36273744 0.34821429
vt 0.36273744 0.34821429
vt 0.36273744 0.34821429
vt 0.36273744 0.34821429
vt 0.36273744 0.34821429
vt 0.36273744 0.34821429
vt 0.36273744 0.34821429
vt 0.36273744 0.34821429
vt 0.36273744 0.34821429
vt 0.36273744 0.34821429
vt 0.36273744 0.34821429
vt 0.36273744 0.34821429
vt 0.36273744 0.34821429
vt 0.36273744 0.34821429
vt 0.36273744 0.34821429
vt 0.36273744 0.34821429
vt 0.36273744 0.34821429
vt 0.36273744 0.34821429
vt 0.36273744 0.34821429
vt 0.36273744 0.34821429
vt 0.36273744 0.34821429
vt 0.36273744 0.34821429
vt 0.36273744 0.34821429
vt 0.36273744 0.34821429
vt 0.36273744 0.34821429
vt 0.36273744 0.34821429
vt 0.36273744 0.34821429
vt 0.36273744 0.34821429
vt 0.36273744 0.34821429
vt 0.36273744 0.34821429
vt 0.36273744 0.34821429
vt 0.36273744 0.34821429
vt 0.36273744 0.34821429
vt 0.36273744 0.34821429
vt 0.36273744 0.34821429
vt 0.36273744 0.34821429
vt 0.36273744 0.34821429
vt 0.36273744 0.34821429
vt 0.36273744 0.34821429
vt 0.36273744 0.34821429
vt 0.36273744 0.34821429
vt 0.36273744 0.34821429
vt 0.36273744 0.34821429
vt 0.36273744 0.34821429
vt 0.36273744 0.34821429
vt 0.36273744 0.34821429
vt 0.36273744 0.34821429
vt 0.36273744 0.34821429
vt 0.36273744 0.34821429
vt 0.36273744 0.34821429
vt 0.36273744 0.34821429
vt 0.36273744 0.34821429
vt 0.36273744 0.34821429
vt 0.36273744 0.34821429
vt 0.36273744 0.34821429
vt 0.36273744 0.34821429
vt 0.36273744 0.34821429
vt 0.36273744 0.34821429
vt 0.36273744 0.34821429
vt 0.36273744 0.34821429
vt 0.36273744 0.34821429
vt 0.36273744 0.34821429
vt 0.36273744 0.34821429
vt 0.36273744 0.34821429
vt 0.36273744 0.34821429
vt 0.36273744 0.34821429
vt 0.36273744 0.34821429
vt 0.36273744 0.34821429
vt 0.36273744 0.34821429
vt 0.36273744 0.34821429
vt 0.36273744 0.34821429
vt 0.36273744 0.34821429
vt 0.36273744 0.34821429
vt 0.36273744 0.34821429
vt 0.36273744 0.34821429
vt 0.33920803 0.34821429
vt 0.33920803 0.34821429
vt 0.33920803 0.34821429
vt 0.33920803 0.34821429
vt 0.33920803 0.34821429
vt 0.33920803 0.34821429
vt 0.33920803 0.34821429
vt 0.33920803 0.34821429
vt 0.33920803 0.34821429
vt 0.33920803 0.34821429
vt 0.33920803 0.34821429
vt 0.33920803 0.34821429
vt 0.33920803 0.34821429
vt 0.33920803 0.34821429
vt 0.33920803 0.34821429
vt 0.33920803 0.34821429
vt 0.33920803 0.34821429
vt 0.33920803 0.34821429
vt 0.33920803 0.34821429
vt 0.33920803 0.34821429
vt 0.33920803 0.34821429
vt 0.33920803 0.34821429
vt 0.33920803 0.34821429
vt 0.33920803 0.34821429
vt 0.33920803 0.34821429
vt 0.33920803 0.34821429
vt 0.33920803 0.34821429
vt 0.33920803 0.34821429
vt 0.33920803 0.34821429
vt 0.33920803 0.34821429
vt 0.33920803 0.34821429
vt 0.33920803 0.34821429
vt 0.33920803 0.34821429
vt 0.33920803 0.34821429
vt 0.33920803 0.34821429
vt 0.33920803 0.34821429
vt 0.33920803 0.34821429
vt 0.33920803 0.34821429
vt 0.33920803 0.34821429
vt 0.33920803 0.34821429
vt 0.33920803 0.34821429
vt 0.33920803 0.34821429
vt 0.33920803 0.34821429
vt 0.33920803 0.34821429
vt 0.33920803 0.34821429
vt 0.33920803 0.34821429
vt 0.33920803 0.34821429
vt 0.33920803 0.34821429
vt 0.33920803 0.34821429
vt 0.33920803 0.34821429
vt 0.33920803 0.34821429
vt 0.33920803 0.34821429
vt 0.33920803 0.34821429
vt 0.33920803 0.34821429
vt 0.33920803 0.34821429
vt 0.33920803 0.34821429
vt 0.33920803 0.34821429
vt 0.33920803 0.34821429
vt 0.33920803 0.34821429
vt 0.33920803 0.34821429
vt 0.33920803 0.34821429
vt 0.33920803 0.34821429
vt 0.33920803 0.34821429
vt 0.33920803 0.34821429
vt 0.33920803 0.34821429
vt 0.33920803 0.34821429
vt 0.31567862 0.34821429
vt 0.31567862 0.34821429
vt 0.31567862 0.34821429
vt 0.31567862 0.34821429
vt 0.31567862 0.34821429
vt 0.31567862 0.34821429
vt 0.31567862 0.34821429
vt 0.31567862 0.34821429
vt 0.31567862 0.34821429
vt 0.31567862 0.34821429
vt 0.31567862 0.34821429
vt 0.31567862 0.34821429
vt 0.31567862 0.34821429
vt 0.31567862 0.34821429
vt 0.31567862 0.34821429
vt 0.31567862 0.34821429
vt 0.31567862 0.34821429
vt 0.31567862 0.34821429
vt 0.31567862 0.34821429
vt 0.31567862 0.34821429
vt 0.31567862 0.34821429
vt 0.31567862 0.34821429
vt 0.31567862 0.34821429
vt 0.31567862 0.34821429
vt 0.31567862 0.34821429
vt 0.31567862 0.34821429
vt 0.31567862 0.34821429
vt 0.31567862 0.34821429
vt 0.31567862 0.34821429
vt 0.31567862 0.34821429
vt 0.31567862 0.34821429
vt 0.31567862 0.34821429
vt 0.31567862 0.34821429
vt 0.31567862 0.34821429
vt 0.31567862 0.34821429
vt 0.31567862 0.34821429
vt 0.31567862 0.34821429
vt 0.31567862 0.34821429
vt 0.31567862 0.34821429
vt 0.31567862 0.34821429
vt 0.31567862 0.34821429
vt 0.31567862 0.34821429
vt 0.31567862 0.34821429
vt 0.31567862 0.34821429
vt 0.31567862 0.34821429
vt 0.31567862 0.34821429
vt 0.31567862 0.34821429
vt 0.31567862 0.34821429
vt 0.31567862 0.34821429
vt 0.31567862 0.34821429
vt 0.31567862 0.34821429
vt 0.31567862 0.34821429
vt 0.31567862 0.34821429
vt 0.31567862 0.34821429
vt 0.31567862 0.34821429
vt 0.31567862 0.34821429
vt 0.31567862 0.34821429
vt 0.31567862 0.34821429
vt 0.31567862 0.34821429
vt 0.31567862 0.34821429
vt 0.31567862 0.34821429
vt 0.31567862 0.34821429
vt 0.31567862 0.34821429
vt 0.31567862 0.34821429
vt 0.31567862 0.34821429
vt 0.31567862 0.34821429
vt 0.31567862 0.34821429
vt 0.31567862 0.34821429
vt 0.31567862 0.34821429
vt 0.31567862 0.34821429
vt 0.31567862 0.34821429
vt 0.31567862 0.34821429
vt 0.31567862 0.34821429
vt 0.31567862 0.34821429
vt 0.31567862 0.34821429
vt 0.31567862 0.34821429
vt 0.31567862 0.34821429
vt 0.31567862 0.34821429
vt 0.31567862 0.34821429
vt 0.31567862 0.34821429
vt 0.31567862 0.34821429
vt 0.31567862 0.34821429
vt 0.31567862 0.34821429
vt 0.31567862 0.34821429
vt 0.31567862 0.34821429
vt 0.31567862 0.34821429
vt 0.31567862 0.34821429
vt 0.31567862 0.34821429
vt 0.31567862 0.34821429
vt 0.31567862 0.34821429
vt 0.31567862 0.34821429
vt 0.31567862 0.34821429
vt 0.31567862 0.34821429
vt 0.31567862 0.34821429
vt 0.31567862 0.34821429
vt 0.31567862 0.34821429
vt 0.31567862 0.34821429
vt 0.31567862 0.34821429
vt 0.31567862 0.34821429
vt 0.31567862 0.34821429
vt 0.31567862 0.34821429
vt 0.31567862 0.34821429
vt 0.29214920 0.34821429
vt 0.29214920 0.34821429
vt 0.29214920 0.34821429
vt 0.29214920 0.34821429
vt 0.29214920 0.34821429
vt 0.29214920 0.34821429
vt 0.29214920 0.34821429
vt 0.29214920 0.34821429
vt 0.29214920 0.34821429
vt 0.29214920 0.34821429
vt 0.29214920 0.34821429
vt 0.29214920 0.34821429
vt 0.29214920 0.34821429
vt 0.29214920 0.34821429
vt 0.29214920 0.34821429
vt 0.29214920 0.34821429
vt 0.29214920 0.34821429
vt 0.29214920 0.34821429
vt 0.29214920 0.34821429
vt 0.29214920 0.34821429
vt 0.29214920 0.34821429
vt 0.29214920 0.34821429
vt 0.29214920 0.34821429
vt 0.29214920 0.34821429
vt 0.29214920 0.34821429
vt 0.29214920 0.34821429
vt 0.29214920 0.34821429
vt 0.29214920 0.34821429
vt 0.29214920 0.34821429
vt 0.29214920 0.34821429
vt 0.29214920 0.34821429
vt 0.29214920 0.34821429
vt 0.29214920 0.34821429
vt 0.29214920 0.34821429
vt 0.29214920 0.34821429
vt 0.29214920 0.34821429
vt 0.29214920 0.34821429
vt 0.29214920 0.34821429
vt 0.29214920 0.34821429
vt 0.29214920 0.34821429
vt 0.29214920 0.34821429
vt 0.29214920 0.34821429
vt 0.29214920 0.34821429
vt 0.29214920 0.34821429
vt 0.29214920 0.34821429
vt 0.29214920 0.34821429
vt 0.29214920 0.34821429
vt 0.29214920 0.34821429
vt 0.29214920 0.34821429
vt 0.29214920 0.34821429
vt 0.29214920 0.34821429
vt 0.29214920 0.34821429
vt 0.29214920 0.34821429
vt 0.29214920 0.34821429
vt 0.29214920 0.34821429
vt 0.29214920 0.34821429
vt 0.29214920 0.34821429
vt 0.29214920 0.34821429
vt 0.29214920 0.34821429
vt 0.29214920 0.34821429
vt 0.29214920 0.34821429
vt 0.29214920 0.34821429
vt 0.29214920 0.34821429
vt 0.29214920 0.34821429
vt 0.29214920 0.34821429
vt 0.29214920 0.34821429
vt 0.29214920 0.34821429
vt 0.29214920 0.34821429
vt 0.29214920 0.34821429
vt 0.29214920 0.34821429
vt 0.29214920 0.34821429
vt 0.29214920 0.34821429
vt 0.29214920 0.34821429
vt 0.29214920 0.34821429
vt 0.29214920 0.34821429
vt 0.29214920 0.34821429
vt 0.29214920 0.34821429
vt 0.29214920 0.34821429
vt 0.29214920 0.34821429
vt 0.29214920 0.34821429
vt 0.29214920 0.34821429
vt 0.29214920 0.34821429
vt 0.29214920 0.34821429
vt 0.29214920 0.34821429
vt 0.29214920 0.34821429
vt 0.29214920 0.34821429
vt 0.29214920 0.34821429
vt 0.29214920 0.34821429
vt 0.29214920 0.34821429
vt 0.29214920 0.34821429
vt 0.29214920 0.34821429
vt 0.29214920 0.34821429
vt 0.29214920 0.34821429
vt 0.29214920 0.34821429
vt 0.29214920 0.34821429
vt 0.29214920 0.34821429
vt 0.29214920 0.34821429
vt 0.29214920 0.34821429
vt 0.29214920 0.34821429
vt 0.29214920 0.34821429
vt 0.29214920 0.34821429
vt 0.29214920 0.34821429
vt 0.26861979 0.34821429
vt 0.26861979 0.34821429
vt 0.26861979 0.34821429
vt 0.26861979 0.34821429
vt 0.26861979 0.34821429
vt 0.26861979 0.34821429
vt 0.26861979 0.34821429
vt 0.26861979 0.34821429
vt 0.26861979 0.34821429
vt 0.26861979 0.34821429
vt 0.26861979 0.34821429
vt 0.26861979 0.34821429
vt 0.26861979 0.34821429
vt 0.26861979 0.34821429
vt 0.26861979 0.34821429
vt 0.26861979 0.34821429
vt 0.26861979 0.34821429
vt 0.26861979 0.34821429
vt 0.26861979 0.34821429
vt 0.26861979 0.34821429
vt 0.26861979 0.34821429
vt 0.26861979 0.34821429
vt 0.26861979 0.34821429
vt 0.26861979 0.34821429
vt 0.26861979 0.34821429
vt 0.26861979 0.34821429
vt 0.26861979 0.34821429
vt 0.26861979 0.34821429
vt 0.26861979 0.34821429
vt 0.26861979 0.34821429
vt 0.26861979 0.34821429
vt 0.26861979 0.34821429
vt 0.26861979 0.34821429
vt 0.26861979 0.34821429
vt 0.26861979 0.34821429
vt 0.26861979 0.34821429
vt 0.26861979 0.34821429
vt 0.26861979 0.34821429
vt 0.26861979 0.34821429
vt 0.26861979 0.34821429
vt 0.26861979 0.34821429
vt 0.26861979 0.34821429
vt 0.26861979 0.34821429
vt 0.26861979 0.34821429
vt 0.26861979 0.34821429
vt 0.26861979 0.34821429
vt 0.26861979 0.34821429
vt 0.26861979 0.34821429
vt 0.26861979 0.34821429
vt 0.26861979 0.34821429
vt 0.26861979 0.34821429
vt 0.26861979 0.34821429
vt 0.26861979 0.34821429
vt 0.26861979 0.34821429
vt 0.26861979 0.34821429
vt 0.26861979 0.34821429
vt 0.26861979 0.34821429
vt 0.26861979 0.34821429
vt 0.26861979 0.34821429
vt 0.26861979 0.34821429
vt 0.26861979 0.34821429
vt 0.26861979 0.34821429
vt 0.26861979 0.34821429
vt 0.26861979 0.34821429
vt 0.26861979 0.34821429
vt 0.26861979 0.34821429
vt 0.24509038 0.34821429
vt 0.24509038 0.34821429
vt 0.24509038 0.34821429
vt 0.24509038 0.34821429
vt 0.24509038 0.34821429
vt 0.24509038 0.34821429
vt 0.24509038 0.34821429
vt 0.24509038 0.34821429
vt 0.24509038 0.34821429
vt 0.24509038 0.34821429
vt 0.24509038 0.34821429
vt 0.24509038 0.34821429
vt 0.24509038 0.34821429
vt 0.24509038 0.34821429
vt 0.24509038 0.34821429
vt 0.24509038 0.34821429
vt 0.24509038 0.34821429
vt 0.24509038 0.34821429
vt 0.24509038 0.34821429
vt 0.24509038 0.34821429
vt 0.24509038 0.34821429
vt 0.24509038 0.34821429
vt 0.24509038 0.34821429
vt 0.24509038 0.34821429
vt 0.24509038 0.34821429
vt 0.24509038 0.34821429
vt 0.24509038 0.34821429
vt 0.24509038 0.34821429
vt 0.24509038 0.34821429
vt 0.24509038 0.34821429
vt 0.24509038 0.34821429
vt 0.24509038 0.34821429
vt 0.24509038 0.34821429
vt 0.24509038 0.34821429
vt 0.24509038 0.34821429
vt 0.24509038 0.34821429
vt 0.24509038 0.34821429
vt 0.24509038 0.34821429
vt 0.24509038 0.34821429
vt 0.24509038 0.34821429
vt 0.24509038 0.34821429
vt 0.24509038 0.34821429
vt 0.24509038 0.34821429
vt 0.24509038 0.34821429
vt 0.24509038 0.34821429
vt 0.24509038 0.34821429
vt 0.24509038 0.34821429
vt 0.24509038 0.34821429
vt 0.24509038 0.34821429
vt 0.24509038 0.34821429
vt 0.24509038 0.34821429
vt 0.24509038 0.34821429
vt 0.24509038 0.34821429
vt 0.24509038 0.34821429
vt 0.24509038 0.34821429
vt 0.24509038 0.34821429
vt 0.24509038 0.34821429
vt 0.24509038 0.34821429
vt 0.24509038 0.34821429
vt 0.24509038 0.34821429
vt 0.24509038 0.34821429
vt 0.24509038 0.34821429
vt 0.24509038 0.34821429
vt 0.24509038 0.34821429
vt 0.24509038 0.34821429
vt 0.24509038 0.34821429
vt 0.22156097 0.34821429
vt 0.22156097 0.34821429
vt 0.22156097 0.34821429
vt 0.22156097 0.34821429
vt 0.22156097 0.34821429
vt 0.22156097 0.34821429
vt 0.22156097 0.34821429
vt 0.22156097 0.34821429
vt 0.22156097 0.34821429
vt 0.22156097 0.34821429
vt 0.22156097 0.34821429
vt 0.22156097 0.34821429
vt 0.22156097 0.34821429
vt 0.22156097 0.34821429
vt 0.22156097 0.34821429
vt 0.22156097 0.34821429
vt 0.22156097 0.34821429
vt 0.22156097 0.34821429
vt 0.22156097 0.34821429
vt 0.22156097 0.34821429
vt 0.22156097 0.34821429
vt 0.22156097 0.34821429
vt 0.22156097 0.34821429
vt 0.22156097 0.34821429
vt 0.22156097 0.34821429
vt 0.22156097 0.34821429
vt 0.22156097 0.34821429
vt 0.22156097 0.34821429
vt 0.22156097 0.34821429
vt 0.22156097 0.34821429
vt 0.22156097 0.34821429
vt 0.22156097 0.34821429
vt 0.22156097 0.34821429
vt 0.22156097 0.34821429
vt 0.22156097 0.34821429
vt 0.22156097 0.34821429
vt 0.22156097 0.34821429
vt 0.22156097 0.34821429
vt 0.22156097 0.34821429
vt 0.22156097 0.34821429
vt 0.22156097 0.34821429
vt 0.22156097 0.34821429
vt 0.22156097 0.34821429
vt 0.22156097 0.34821429
vt 0.22156097 0.34821429
vt 0.22156097 0.34821429
vt 0.22156097 0.34821429
vt 0.22156097 0.34821429
vt 0.22156097 0.34821429
vt 0.22156097 0.34821429
vt 0.22156097 0.34821429
vt 0.22156097 0.34821429
vt 0.22156097 0.34821429
vt 0.22156097 0.34821429
vt 0.22156097 0.34821429
vt 0.22156097 0.34821429
vt 0.22156097 0.34821429
vt 0.22156097 0.34821429
vt 0.22156097 0.34821429
vt 0.22156097 0.34821429
vt 0.22156097 0.34821429
vt 0.22156097 0.34821429
vt 0.22156097 0.34821429
vt 0.22156097 0.34821429
vt 0.22156097 0.34821429
vt 0.22156097 0.34821429
vt 0.22156097 0.34821429
vt 0.22156097 0.34821429
vt 0.22156097 0.34821429
vt 0.22156097 0.34821429
vt 0.22156097 0.34821429
vt 0.22156097 0.34821429
vt 0.22156097 0.34821429
vt 0.22156097 0.34821429
vt 0.22156097 0.34821429
vt 0.22156097 0.34821429
vt 0.22156097 0.34821429
vt 0.22156097 0.34821429
vt 0.22156097 0.34821429
vt 0.22156097 0.34821429
vt 0.22156097 0.34821429
vt 0.22156097 0.34821429
vt 0.22156097 0.34821429
vt 0.22156097 0.34821429
vt 0.22156097 0.34821429
vt 0.22156097 0.34821429
vt 0.22156097 0.34821429
vt 0.22156097 0.34821429
vt 0.22156097 0.34821429
vt 0.22156097 0.34821429
vt 0.22156097 0.34821429
vt 0.22156097 0.34821429
vt 0.22156097 0.34821429
vt 0.22156097 0.34821429
vt 0.22156097 0.34821429
vt 0.22156097 0.34821429
vt 0.22156097 0.34821429
vt 0.22156097 0.34821429
vt 0.22156097 0.34821429
vt 0.22156097 0.34821429
vt 0.22156097 0.34821429
vt 0.22156097 0.34821429
vt 0.19803156 0.34821429
vt 0.19803156 0.34821429
vt 0.19803156 0.34821429
vt 0.19803156 0.34821429
vt 0.19803156 0.34821429
vt 0.19803156 0.34821429
vt 0.19803156 0.34821429
vt 0.19803156 0.34821429
vt 0.19803156 0.34821429
vt 0.19803156 0.34821429
vt 0.19803156 0.34821429
vt 0.19803156 0.34821429
vt 0.19803156 0.34821429
vt 0.19803156 0.34821429
vt 0.19803156 0.34821429
vt 0.19803156 0.34821429
vt 0.19803156 0.34821429
vt 0.19803156 0.34821429
vt 0.19803156 0.34821429
vt 0.19803156 0.34821429
vt 0.19803156 0.34821429
vt 0.19803156 0.34821429
vt 0.19803156 0.34821429
vt 0.19803156 0.34821429
vt 0.19803156 0.34821429
vt 0.19803156 0.34821429
vt 0.19803156 0.34821429
vt 0.19803156 0.34821429
vt 0.19803156 0.34821429
vt 0.19803156 0.34821429
vt 0.19803156 0.34821429
vt 0.19803156 0.34821429
vt 0.19803156 0.34821429
vt 0.19803156 0.34821429
vt 0.19803156 0.34821429
vt 0.19803156 0.34821429
vt 0.19803156 0.34821429
vt 0.19803156 0.34821429
vt 0.19803156 0.34821429
vt 0.19803156 0.34821429
vt 0.19803156 0.34821429
vt 0.19803156 0.34821429
vt 0.19803156 0.34821429
vt 0.19803156 0.34821429
vt 0.19803156 0.34821429
vt 0.19803156 0.34821429
vt 0.19803156 0.34821429
vt 0.19803156 0.34821429
vt 0.19803156 0.34821429
vt 0.19803156 0.34821429
vt 0.19803156 0.34821429
vt 0.19803156 0.34821429
vt 0.19803156 0.34821429
vt 0.19803156 0.34821429
vt 0.19803156 0.34821429
vt 0.19803156 0.34821429
vt 0.19803156 0.34821429
vt 0.19803156 0.34821429
vt 0.19803156 0.34821429
vt 0.19803156 0.34821429
vt 0.19803156 0.34821429
vt 0.19803156 0.34821429
vt 0.19803156 0.34821429
vt 0.19803156 0.34821429
vt 0.19803156 0.34821429
vt 0.19803156 0.34821429
vt 0.19803156 0.34821429
vt 0.19803156 0.34821429
vt 0.19803156 0.34821429
vt 0.19803156 0.34821429
vt 0.19803156 0.34821429
vt 0.19803156 0.34821429
vt 0.19803156 0.34821429
vt 0.19803156 0.34821429
vt 0.19803156 0.34821429
vt 0.19803156 0.34821429
vt 0.19803156 0.34821429
vt 0.19803156 0.34821429
vt 0.19803156 0.34821429
vt 0.19803156 0.34821429
vt 0.19803156 0.34821429
vt 0.19803156 0.34821429
vt 0.19803156 0.34821429
vt 0.19803156 0.34821429
vt 0.19803156 0.34821429
vt 0.19803156 0.34821429
vt 0.19803156 0.34821429
vt 0.19803156 0.34821429
vt 0.19803156 0.34821429
vt 0.19803156 0.34821429
vt 0.19803156 0.34821429
vt 0.19803156 0.34821429
vt 0.19803156 0.34821429
vt 0.19803156 0.34821429
vt 0.19803156 0.34821429
vt 0.19803156 0.34821429
vt 0.19803156 0.34821429
vt 0.19803156 0.34821429
vt 0.19803156 0.34821429
vt 0.19803156 0.34821429
vt 0.19803156 0.34821429
vt 0.19803156 0.34821429
vt 0.19803156 0.34821429
vt 0.19803156 0.34821429
vt 0.19803156 0.34821429
vt 0.19803156 0.34821429
vt 0.19803156 0.34821429
vt 0.19803156 0.34821429
vt 0.19803156 0.34821429
vt 0.19803156 0.34821429
vt 0.19803156 0.34821429
vt 0.19803156 0.34821429
vt 0.19803156 0.34821429
vt 0.19803156 0.34821429
vt 0.19803156 0.34821429
vt 0.19803156 0.34821429
vt 0.19803156 0.34821429
vt 0.19803156 0.34821429
vt 0.19803156 0.34821429
vt 0.19803156 0.34821429
vt 0.19803156 0.34821429
vt 0.19803156 0.34821429
vt 0.19803156 0.34821429
vt 0.19803156 0.34821429
vt 0.19803156 0.34821429
vt 0.19803156 0.34821429
vt 0.19803156 0.34821429
vt 0.19803156 0.34821429
vt 0.19803156 0.34821429
vt 0.19803156 0.34821429
vt 0.19803156 0.34821429
vt 0.19803156 0.34821429
vt 0.19803156 0.34821429
vt 0.19803156 0.34821429
vt 0.19803156 0.34821429
vt 0.19803156 0.34821429
vt 0.19803156 0.34821429
vt 0.19803156 0.34821429
vt 0.19803156 0.34821429
vt 0.19803156 0.34821429
vt 0.19803156 0.34821429
vt 0.19803156 0.34821429
vt 0.19803156 0.34821429
vt 0.19803156 0.34821429
vt 0.19803156 0.34821429
vt 0.19803156 0.34821429
vt 0.19803156 0.34821429
vt 0.19803156 0.34821429
vt 0.19803156 0.34821429
vt 0.19803156 0.34821429
vt 0.19803156 0.34821429
vt 0.19803156 0.34821429
vt 0.19803156 0.34821429
vt 0.19803156 0.34821429
vt 0.19803156 0.34821429
vt 0.19803156 0.34821429
vt 0.19803156 0.34821429
vt 0.19803156 0.34821429
vt 0.19803156 0.34821429
vt 0.19803156 0.34821429
vt 0.19803156 0.34821429
vt 0.19803156 0.34821429
vt 0.17450214 0.34821429
vt 0.17450214 0.34821429
vt 0.17450214 0.34821429
vt 0.17450214 0.34821429
vt 0.17450214 0.34821429
vt 0.17450214 0.34821429
vt 0.17450214 0.34821429
vt 0.17450214 0.34821429
vt 0.17450214 0.34821429
vt 0.17450214 0.34821429
vt 0.17450214 0.34821429
vt 0.17450214 0.34821429
vt 0.17450214 0.34821429
vt 0.17450214 0.34821429
vt 0.17450214 0.34821429
vt 0.17450214 0.34821429
vt 0.17450214 0.34821429
vt 0.17450214 0.34821429
vt 0.17450214 0.34821429
vt 0.17450214 0.34821429
vt 0.17450214 0.34821429
vt 0.17450214 0.34821429
vt 0.17450214 0.34821429
vt 0.17450214 0.34821429
vt 0.17450214 0.34821429
vt 0.17450214 0.34821429
vt 0.17450214 0.34821429
vt 0.17450214 0.34821429
vt 0.17450214 0.34821429
vt 0.17450214 0.34821429
vt 0.17450214 0.34821429
vt 0.17450214 0.34821429
vt 0.17450214 0.34821429
vt 0.17450214 0.34821429
vt 0.17450214 0.34821429
vt 0.17450214 0.34821429
vt 0.17450214 0.34821429
vt 0.17450214 0.34821429
vt 0.17450214 0.34821429
vt 0.17450214 0.34821429
vt 0.17450214 0.34821429
vt 0.17450214 0.34821429
vt 0.17450214 0.34821429
vt 0.17450214 0.34821429
vt 0.17450214 0.34821429
vt 0.17450214 0.34821429
vt 0.17450214 0.34821429
vt 0.17450214 0.34821429
vt 0.17450214 0.34821429
vt 0.17450214 0.34821429
vt 0.17450214 0.34821429
vt 0.17450214 0.34821429
vt 0.17450214 0.34821429
vt 0.17450214 0.34821429
vt 0.17450214 0.34821429
vt 0.17450214 0.34821429
vt 0.17450214 0.34821429
vt 0.17450214 0.34821429
vt 0.17450214 0.34821429
vt 0.17450214 0.34821429
vt 0.17450214 0.34821429
vt 0.17450214 0.34821429
vt 0.17450214 0.34821429
vt 0.17450214 0.34821429
vt 0.17450214 0.34821429
vt 0.17450214 0.34821429
vt 0.17450214 0.34821429
vt 0.17450214 0.34821429
vt 0.17450214 0.34821429
vt 0.17450214 0.34821429
vt 0.17450214 0.34821429
vt 0.17450214 0.34821429
vt 0.17450214 0.34821429
vt 0.17450214 0.34821429
vt 0.17450214 0.34821429
vt 0.17450214 0.34821429
vt 0.17450214 0.34821429
vt 0.17450214 0.34821429
vt 0.17450214 0.34821429
vt 0.17450214 0.34821429
vt 0.17450214 0.34821429
vt 0.17450214 0.34821429
vt 0.17450214 0.34821429
vt 0.17450214 0.34821429
vt 0.17450214 0.34821429
vt 0.17450214 0.34821429
vt 0.17450214 0.34821429
vt 0.17450214 0.34821429
vt 0.17450214 0.34821429
vt 0.17450214 0.34821429
vt 0.17450214 0.34821429
vt 0.17450214 0.34821429
vt 0.17450214 0.34821429
vt 0.17450214 0.34821429
vt 0.17450214 0.34821429
vt 0.17450214 0.34821429
vt 0.17450214 0.34821429
vt 0.17450214 0.34821429
vt 0.17450214 0.34821429
vt 0.17450214 0.34821429
vt 0.17450214 0.34821429
vt 0.17450214 0.34821429
vt 0.15097273 0.34821429
vt 0.15097273 0.34821429
vt 0.15097273 0.34821429
vt 0.15097273 0.34821429
vt 0.15097273 0.34821429
vt 0.15097273 0.34821429
vt 0.15097273 0.34821429
vt 0.15097273 0.34821429
vt 0.15097273 0.34821429
vt 0.15097273 0.34821429
vt 0.15097273 0.34821429
vt 0.15097273 0.34821429
vt 0.15097273 0.34821429
vt 0.15097273 0.34821429
vt 0.15097273 0.34821429
vt 0.15097273 0.34821429
vt 0.15097273 0.34821429
vt 0.15097273 0.34821429
vt 0.15097273 0.34821429
vt 0.15097273 0.34821429
vt 0.15097273 0.34821429
vt 0.15097273 0.34821429
vt 0.15097273 0.34821429
vt 0.15097273 0.34821429
vt 0.15097273 0.34821429
vt 0.15097273 0.34821429
vt 0.15097273 0.34821429
vt 0.15097273 0.34821429
vt 0.15097273 0.34821429
vt 0.15097273 0.34821429
vt 0.15097273 0.34821429
vt 0.15097273 0.34821429
vt 0.15097273 0.34821429
vt 0.15097273 0.34821429
vt 0.15097273 0.34821429
vt 0.15097273 0.34821429
vt 0.15097273 0.34821429
vt 0.15097273 0.34821429
vt 0.15097273 0.34821429
vt 0.15097273 0.34821429
vt 0.15097273 0.34821429
vt 0.15097273 0.34821429
vt 0.15097273 0.34821429
vt 0.15097273 0.34821429
vt 0.15097273 0.34821429
vt 0.15097273 0.34821429
vt 0.15097273 0.34821429
vt 0.15097273 0.34821429
vt 0.15097273 0.34821429
vt 0.15097273 0.34821429
vt 0.15097273 0.34821429
vt 0.15097273 0.34821429
vt 0.15097273 0.34821429
vt 0.15097273 0.34821429
vt 0.15097273 0.34821429
vt 0.15097273 0.34821429
vt 0.15097273 0.34821429
vt 0.15097273 0.34821429
vt 0.15097273 0.34821429
vt 0.15097273 0.34821429
vt 0.15097273 0.34821429
vt 0.15097273 0.34821429
vt 0.15097273 0.34821429
vt 0.15097273 0.34821429
vt 0.15097273 0.34821429
vt 0.15097273 0.34821429
vt 0.15097273 0.34821429
vt 0.15097273 0.34821429
vt 0.15097273 0.34821429
vt 0.15097273 0.34821429
vt 0.15097273 0.34821429
vt 0.15097273 0.34821429
vt 0.15097273 0.34821429
vt 0.15097273 0.34821429
vt 0.15097273 0.34821429
vt 0.15097273 0.34821429
vt 0.15097273 0.34821429
vt 0.15097273 0.34821429
vt 0.15097273 0.34821429
vt 0.15097273 0.34821429
vt 0.15097273 0.34821429
vt 0.15097273 0.34821429
vt 0.15097273 0.34821429
vt 0.15097273 0.34821429
vt 0.15097273 0.34821429
vt 0.15097273 0.34821429
vt 0.15097273 0.34821429
vt 0.15097273 0.34821429
vt 0.15097273 0.34821429
vt 0.15097273 0.34821429
vt 0.15097273 0.34821429
vt 0.15097273 0.34821429
vt 0.15097273 0.34821429
vt 0.15097273 0.34821429
vt 0.15097273 0.34821429
vt 0.15097273 0.34821429
vt 0.15097273 0.34821429
vt 0.15097273 0.34821429
vt 0.15097273 0.34821429
vt 0.15097273 0.34821429
vt 0.15097273 0.34821429
vt 0.15097273 0.34821429
vt 0.15097273 0.34821429
vt 0.15097273 0.34821429
vt 0.15097273 0.34821429
vt 0.15097273 0.34821429
vt 0.15097273 0.34821429
vt 0.15097273 0.34821429
vt 0.15097273 0.34821429
vt 0.15097273 0.34821429
vt 0.15097273 0.34821429
vt 0.15097273 0.34821429
vt 0.15097273 0.34821429
vt 0.15097273 0.34821429
vt 0.15097273 0.34821429
vt 0.15097273 0.34821429
vt 0.15097273 0.34821429
vt 0.15097273 0.34821429
vt 0.15097273 0.34821429
vt 0.15097273 0.34821429
vt 0.15097273 0.34821429
vt 0.15097273 0.34821429
vt 0.15097273 0.34821429
vt 0.15097273 0.34821429
vt 0.15097273 0.34821429
vt 0.15097273 0.34821429
vt 0.15097273 0.34821429
vt 0.15097273 0.34821429
vt 0.15097273 0.34821429
vt 0.15097273 0.34821429
vt 0.15097273 0.34821429
vt 0.15097273 0.34821429
vt 0.15097273 0.34821429
vt 0.15097273 0.34821429
vt 0.15097273 0.34821429
vt 0.15097273 0.34821429
vt 0.15097273 0.34821429
vt 0.15097273 0.34821429
vt 0.15097273 0.34821429
vt 0.15097273 0.34821429
vt 0.15097273 0.34821429
vt 0.15097273 0.34821429
vt 0.15097273 0.34821429
vt 0.15097273 0.34821429
vt 0.15097273 0.34821429
vt 0.15097273 0.34821429
vt 0.15097273 0.34821429
vt 0.15097273 0.34821429
vt 0.15097273 0.34821429
vt 0.15097273 0.34821429
vt 0.15097273 0.34821429
vt 0.15097273 0.34821429
vt 0.15097273 0.34821429
vt 0.15097273 0.34821429
vt 0.15097273 0.34821429
vt 0.15097273 0.34821429
vt 0.15097273 0.34821429
vt 0.15097273 0.34821429
vt 0.15097273 0.34821429
vt 0.15097273 0.34821429
vt 0.15097273 0.34821429
vt 0.15097273 0.34821429
vt 0.12744332 0.34821429
vt 0.12744332 0.34821429
vt 0.12744332 0.34821429
vt 0.12744332 0.34821429
vt 0.12744332 0.34821429
vt 0.12744332 0.34821429
vt 0.12744332 0.34821429
vt 0.12744332 0.34821429
vt 0.12744332 0.34821429
vt 0.12744332 0.34821429
vt 0.12744332 0.34821429
vt 0.12744332 0.34821429
vt 0.12744332 0.34821429
vt 0.12744332 0.34821429
vt 0.12744332 0.34821429
vt 0.12744332 0.34821429
vt 0.12744332 0.34821429
vt 0.12744332 0.34821429
vt 0.12744332 0.34821429
vt 0.12744332 0.34821429
vt 0.12744332 0.34821429
vt 0.12744332 0.34821429
vt 0.12744332 0.34821429
vt 0.12744332 0.34821429
vt 0.12744332 0.34821429
vt 0.12744332 0.34821429
vt 0.12744332 0.34821429
vt 0.12744332 0.34821429
vt 0.12744332 0.34821429
vt 0.12744332 0.34821429
vt 0.12744332 0.34821429
vt 0.12744332 0.34821429
vt 0.12744332 0.34821429
vt 0.12744332 0.34821429
vt 0.12744332 0.34821429
vt 0.12744332 0.34821429
vt 0.12744332 0.34821429
vt 0.12744332 0.34821429
vt 0.12744332 0.34821429
vt 0.12744332 0.34821429
vt 0.12744332 0.34821429
vt 0.12744332 0.34821429
vt 0.12744332 0.34821429
vt 0.12744332 0.34821429
vt 0.12744332 0.34821429
vt 0.12744332 0.34821429
vt 0.12744332 0.34821429
vt 0.12744332 0.34821429
vt 0.12744332 0.34821429
vt 0.12744332 0.34821429
vt 0.12744332 0.34821429
vt 0.12744332 0.34821429
vt 0.12744332 0.34821429
vt 0.12744332 0.34821429
vt 0.12744332 0.34821429
vt 0.12744332 0.34821429
vt 0.12744332 0.34821429
vt 0.12744332 0.34821429
vt 0.12744332 0.34821429
vt 0.12744332 0.34821429
vt 0.12744332 0.34821429
vt 0.12744332 0.34821429
vt 0.12744332 0.34821429
vt 0.12744332 0.34821429
vt 0.12744332 0.34821429
vt 0.12744332 0.34821429
vt 0.12744332 0.34821429
vt 0.12744332 0.34821429
vt 0.12744332 0.34821429
vt 0.12744332 0.34821429
vt 0.12744332 0.34821429
vt 0.12744332 0.34821429
vt 0.12744332 0.34821429
vt 0.12744332 0.34821429
vt 0.12744332 0.34821429
vt 0.12744332 0.34821429
vt 0.12744332 0.34821429
vt 0.12744332 0.34821429
vt 0.12744332 0.34821429
vt 0.12744332 0.34821429
vt 0.12744332 0.34821429
vt 0.12744332 0.34821429
vt 0.12744332 0.34821429
vt 0.12744332 0.34821429
vt 0.12744332 0.34821429
vt 0.12744332 0.34821429
vt 0.12744332 0.34821429
vt 0.12744332 0.34821429
vt 0.12744332 0.34821429
vt 0.12744332 0.34821429
vt 0.12744332 0.34821429
vt 0.12744332 0.34821429
vt 0.12744332 0.34821429
vt 0.12744332 0.34821429
vt 0.12744332 0.34821429
vt 0.12744332 0.34821429
vt 0.12744332 0.34821429
vt 0.12744332 0.34821429
vt 0.12744332 0.34821429
vt 0.12744332 0.34821429
vt 0.12744332 0.34821429
vt 0.12744332 0.34821429
vt 0.10391391 0.34821429
vt 0.10391391 0.34821429
vt 0.10391391 0.34821429
vt 0.10391391 0.34821429
vt 0.10391391 0.34821429
vt 0.10391391 0.34821429
vt 0.10391391 0.34821429
vt 0.10391391 0.34821429
vt 0.10391391 0.34821429
vt 0.10391391 0.34821429
vt 0.10391391 0.34821429
vt 0.10391391 0.34821429
vt 0.10391391 0.34821429
vt 0.10391391 0.34821429
vt 0.10391391 0.34821429
vt 0.10391391 0.34821429
vt 0.10391391 0.34821429
vt 0.10391391 0.34821429
vt 0.10391391 0.34821429
vt 0.10391391 0.34821429
vt 0.10391391 0.34821429
vt 0.10391391 0.34821429
vt 0.10391391 0.34821429
vt 0.10391391 0.34821429
vt 0.10391391 0.34821429
vt 0.10391391 0.34821429
vt 0.10391391 0.34821429
vt 0.10391391 0.34821429
vt 0.10391391 0.34821429
vt 0.10391391 0.34821429
vt 0.10391391 0.34821429
vt 0.10391391 0.34821429
vt 0.10391391 0.34821429
vt 0.10391391 0.34821429
vt 0.10391391 0.34821429
vt 0.10391391 0.34821429
vt 0.10391391 0.34821429
vt 0.10391391 0.34821429
vt 0.10391391 0.34821429
vt 0.10391391 0.34821429
vt 0.10391391 0.34821429
vt 0.10391391 0.34821429
vt 0.10391391 0.34821429
vt 0.10391391 0.34821429
vt 0.10391391 0.34821429
vt 0.10391391 0.34821429
vt 0.10391391 0.34821429
vt 0.10391391 0.34821429
vt 0.10391391 0.34821429
vt 0.10391391 0.34821429
vt 0.10391391 0.34821429
vt 0.10391391 0.34821429
vt 0.10391391 0.34821429
vt 0.10391391 0.34821429
vt 0.10391391 0.34821429
vt 0.10391391 0.34821429
vt 0.10391391 0.34821429
vt 0.10391391 0.34821429
vt 0.10391391 0.34821429
vt 0.10391391 0.34821429
vt 0.10391391 0.34821429
vt 0.10391391 0.34821429
vt 0.10391391 0.34821429
vt 0.10391391 0.34821429
vt 0.10391391 0.34821429
vt 0.10391391 0.34821429
vt 0.10391391 0.34821429
vt 0.10391391 0.34821429
vt 0.10391391 0.34821429
vt 0.10391391 0.34821429
vt 0.10391391 0.34821429
vt 0.10391391 0.34821429
vt 0.10391391 0.34821429
vt 0.10391391 0.34821429
vt 0.10391391 0.34821429
vt 0.10391391 0.34821429
vt 0.10391391 0.34821429
vt 0.10391391 0.34821429
vt 0.10391391 0.34821429
vt 0.10391391 0.34821429
vt 0.10391391 0.34821429
vt 0.10391391 0.34821429
vt 0.10391391 0.34821429
vt 0.10391391 0.34821429
vt 0.10391391 0.34821429
vt 0.10391391 0.34821429
vt 0.10391391 0.34821429
vt 0.10391391 0.34821429
vt 0.10391391 0.34821429
vt 0.10391391 0.34821429
vt 0.10391391 0.34821429
vt 0.10391391 0.34821429
vt 0.10391391 0.34821429
vt 0.10391391 0.34821429
vt 0.10391391 0.34821429
vt 0.10391391 0.34821429
vt 0.10391391 0.34821429
vt 0.10391391 0.34821429
vt 0.10391391 0.34821429
vt 0.10391391 0.34821429
vt 0.10391391 0.34821429
vt 0.10391391 0.34821429
vt 0.08038450 0.34821429
vt 0.08038450 0.34821429
vt 0.08038450 0.34821429
vt 0.08038450 0.34821429
vt 0.08038450 0.34821429
vt 0.08038450 0.34821429
vt 0.08038450 0.34821429
vt 0.08038450 0.34821429
vt 0.08038450 0.34821429
vt 0.08038450 0.34821429
vt 0.08038450 0.34821429
vt 0.08038450 0.34821429
vt 0.08038450 0.34821429
vt 0.08038450 0.34821429
vt 0.08038450 0.34821429
vt 0.08038450 0.34821429
vt 0.08038450 0.34821429
vt 0.08038450 0.34821429
vt 0.08038450 0.34821429
vt 0.08038450 0.34821429
vt 0.08038450 0.34821429
vt 0.08038450 0.34821429
vt 0.08038450 0.34821429
vt 0.08038450 0.34821429
vt 0.08038450 0.34821429
vt 0.08038450 0.34821429
vt 0.08038450 0.34821429
vt 0.08038450 0.34821429
vt 0.08038450 0.34821429
vt 0.08038450 0.34821429
vt 0.08038450 0.34821429
vt 0.08038450 0.34821429
vt 0.08038450 0.34821429
vt 0.08038450 0.34821429
vt 0.08038450 0.34821429
vt 0.08038450 0.34821429
vt 0.08038450 0.34821429
vt 0.08038450 0.34821429
vt 0.08038450 0.34821429
vt 0.08038450 0.34821429
vt 0.08038450 0.34821429
vt 0.08038450 0.34821429
vt 0.08038450 0.34821429
vt 0.08038450 0.34821429
vt 0.08038450 0.34821429
vt 0.08038450 0.34821429
vt 0.08038450 0.34821429
vt 0.08038450 0.34821429
vt 0.08038450 0.34821429
vt 0.08038450 0.34821429
vt 0.08038450 0.34821429
vt 0.08038450 0.34821429
vt 0.08038450 0.34821429
vt 0.08038450 0.34821429
vt 0.08038450 0.34821429
vt 0.08038450 0.34821429
vt 0.08038450 0.34821429
vt 0.08038450 0.34821429
vt 0.08038450 0.34821429
vt 0.08038450 0.34821429
vt 0.08038450 0.34821429
vt 0.08038450 0.34821429
vt 0.08038450 0.34821429
vt 0.08038450 0.34821429
vt 0.08038450 0.34821429
vt 0.08038450 0.34821429
vt 0.08038450 0.34821429
vt 0.08038450 0.34821429
vt 0.08038450 0.34821429
vt 0.08038450 0.34821429
vt 0.08038450 0.34821429
vt 0.08038450 0.34821429
vt 0.08038450 0.34821429
vt 0.08038450 0.34821429
vt 0.08038450 0.34821429
vt 0.08038450 0.34821429
vt 0.08038450 0.34821429
vt 0.08038450 0.34821429
vt 0.08038450 0.34821429
vt 0.08038450 0.34821429
vt 0.08038450 0.34821429
vt 0.08038450 0.34821429
vt 0.08038450 0.34821429
vt 0.08038450 0.34821429
vt 0.08038450 0.34821429
vt 0.08038450 0.34821429
vt 0.08038450 0.34821429
vt 0.08038450 0.34821429
vt 0.08038450 0.34821429
vt 0.08038450 0.34821429
vt 0.08038450 0.34821429
vt 0.08038450 0.34821429
vt 0.08038450 0.34821429
vt 0.08038450 0.34821429
vt 0.08038450 0.34821429
vt 0.08038450 0.34821429
vt 0.08038450 0.34821429
vt 0.08038450 0.34821429
vt 0.08038450 0.34821429
vt 0.08038450 0.34821429
vt 0.08038450 0.34821429
vt 0.08038450 0.34821429
vt 0.08038450 0.34821429
vt 0.08038450 0.34821429
vt 0.08038450 0.34821429
vt 0.08038450 0.34821429
vt 0.08038450 0.34821429
vt 0.08038450 0.34821429
vt 0.08038450 0.34821429
vt 0.08038450 0.34821429
vt 0.08038450 0.34821429
vt 0.08038450 0.34821429
vt 0.08038450 0.34821429
vt 0.08038450 0.34821429
vt 0.08038450 0.34821429
vt 0.08038450 0.34821429
vt 0.08038450 0.34821429
vt 0.08038450 0.34821429
vt 0.08038450 0.34821429
vt 0.08038450 0.34821429
vt 0.08038450 0.34821429
vt 0.08038450 0.34821429
vt 0.08038450 0.34821429
vt 0.08038450 0.34821429
vt 0.08038450 0.34821429
vt 0.08038450 0.34821429
vt 0.08038450 0.34821429
vt 0.08038450 0.34821429
vt 0.08038450 0.34821429
vt 0.08038450 0.34821429
vt 0.08038450 0.34821429
vt 0.08038450 0.34821429
vt 0.08038450 0.34821429
vt 0.08038450 0.34821429
vt 0.08038450 0.34821429
vt 0.08038450 0.34821429
vt 0.08038450 0.34821429
vt 0.08038450 0.34821429
vt 0.08038450 0.34821429
vt 0.08038450 0.34821429
vt 0.08038450 0.34821429
vt 0.08038450 0.34821429
vt 0.08038450 0.34821429
vt 0.08038450 0.34821429
vt 0.08038450 0.34821429
vt 0.08038450 0.34821429
vt 0.08038450 0.34821429
vt 0.08038450 0.34821429
vt 0.08038450 0.34821429
vt 0.08038450 0.34821429
vt 0.08038450 0.34821429
vt 0.08038450 0.34821429
vt 0.08038450 0.34821429
vt 0.08038450 0.34821429
vt 0.08038450 0.34821429
vt 0.08038450 0.34821429
vt 0.08038450 0.34821429
vt 0.08038450 0.34821429
vt 0.08038450 0.34821429
vt 0.08038450 0.34821429
vt 0.08038450 0.34821429
vt 0.08038450 0.34821429
vt 0.05685509 0.34821429
vt 0.05685509 0.34821429
vt 0.05685509 0.34821429
vt 0.05685509 0.34821429
vt 0.05685509 0.34821429
vt 0.05685509 0.34821429
vt 0.05685509 0.34821429
vt 0.05685509 0.34821429
vt 0.05685509 0.34821429
vt 0.05685509 0.34821429
vt 0.05685509 0.34821429
vt 0.05685509 0.34821429
vt 0.05685509 0.34821429
vt 0.05685509 0.34821429
vt 0.05685509 0.34821429
vt 0.05685509 0.34821429
vt 0.05685509 0.34821429
vt 0.05685509 0.34821429
vt 0.05685509 0.34821429
vt 0.05685509 0.34821429
vt 0.05685509 0.34821429
vt 0.05685509 0.34821429
vt 0.05685509 0.34821429
vt 0.05685509 0.34821429
vt 0.05685509 0.34821429
vt 0.05685509 0.34821429
vt 0.05685509 0.34821429
vt 0.05685509 0.34821429
vt 0.05685509 0.34821429
vt 0.05685509 0.34821429
vt 0.05685509 0.34821429
vt 0.05685509 0.34821429
vt 0.05685509 0.34821429
vt 0.05685509 0.34821429
vt 0.05685509 0.34821429
vt 0.05685509 0.34821429
vt 0.05685509 0.34821429
vt 0.05685509 0.34821429
vt 0.05685509 0.34821429
vt 0.05685509 0.34821429
vt 0.05685509 0.34821429
vt 0.05685509 0.34821429
vt 0.05685509 0.34821429
vt 0.05685509 0.34821429
vt 0.05685509 0.34821429
vt 0.05685509 0.34821429
vt 0.05685509 0.34821429
vt 0.05685509 0.34821429
vt 0.05685509 0.34821429
vt 0.05685509 0.34821429
vt 0.05685509 0.34821429
vt 0.05685509 0.34821429
vt 0.05685509 0.34821429
vt 0.05685509 0.34821429
vt 0.05685509 0.34821429
vt 0.05685509 0.34821429
vt 0.05685509 0.34821429
vt 0.05685509 0.34821429
vt 0.05685509 0.34821429
vt 0.05685509 0.34821429
vt 0.05685509 0.34821429
vt 0.05685509 0.34821429
vt 0.05685509 0.34821429
vt 0.05685509 0.34821429
vt 0.05685509 0.34821429
vt 0.05685509 0.34821429
vt 0.05685509 0.34821429
vt 0.05685509 0.34821429
vt 0.05685509 0.34821429
vt 0.05685509 0.34821429
vt 0.05685509 0.34821429
vt 0.05685509 0.34821429
vt 0.05685509 0.34821429
vt 0.05685509 0.34821429
vt 0.05685509 0.34821429
vt 0.05685509 0.34821429
vt 0.05685509 0.34821429
vt 0.05685509 0.34821429
vt 0.05685509 0.34821429
vt 0.05685509 0.34821429
vt 0.05685509 0.34821429
vt 0.05685509 0.34821429
vt 0.05685509 0.34821429
vt 0.05685509 0.34821429
vt 0.05685509 0.34821429
vt 0.05685509 0.34821429
vt 0.05685509 0.34821429
vt 0.05685509 0.34821429
vt 0.05685509 0.34821429
vt 0.05685509 0.34821429
vt 0.05685509 0.34821429
vt 0.05685509 0.34821429
vt 0.05685509 0.34821429
vt 0.05685509 0.34821429
vt 0.05685509 0.34821429
vt 0.05685509 0.34821429
vt 0.05685509 0.34821429
vt 0.05685509 0.34821429
vt 0.05685509 0.34821429
vt 0.05685509 0.34821429
vt 0.05685509 0.34821429
vt 0.05685509 0.34821429
vt 0.03332567 0.34821429
vt 0.03332567 0.34821429
vt 0.03332567 0.34821429
vt 0.03332567 0.34821429
vt 0.03332567 0.34821429
vt 0.03332567 0.34821429
vt 0.03332567 0.34821429
vt 0.03332567 0.34821429
vt 0.03332567 0.34821429
vt 0.03332567 0.34821429
vt 0.03332567 0.34821429
vt 0.03332567 0.34821429
vt 0.03332567 0.34821429
vt 0.03332567 0.34821429
vt 0.03332567 0.34821429
vt 0.03332567 0.34821429
vt 0.03332567 0.34821429
vt 0.03332567 0.34821429
vt 0.03332567 0.34821429
vt 0.03332567 0.34821429
vt 0.03332567 0.34821429
vt 0.03332567 0.34821429
vt 0.03332567 0.34821429
vt 0.03332567 0.34821429
vt 0.03332567 0.34821429
vt 0.03332567 0.34821429
vt 0.03332567 0.34821429
vt 0.03332567 0.34821429
vt 0.03332567 0.34821429
vt 0.03332567 0.34821429
vt 0.03332567 0.34821429
vt 0.03332567 0.34821429
vt 0.03332567 0.34821429
vt 0.03332567 0.34821429
vt 0.03332567 0.34821429
vt 0.03332567 0.34821429
vt 0.03332567 0.34821429
vt 0.03332567 0.34821429
vt 0.03332567 0.34821429
vt 0.03332567 0.34821429
vt 0.03332567 0.34821429
vt 0.03332567 0.34821429
vt 0.03332567 0.34821429
vt 0.03332567 0.34821429
vt 0.03332567 0.34821429
vt 0.03332567 0.34821429
vt 0.03332567 0.34821429
vt 0.03332567 0.34821429
vt 0.03332567 0.34821429
vt 0.03332567 0.34821429
vt 0.03332567 0.34821429
vt 0.03332567 0.34821429
vt 0.03332567 0.34821429
vt 0.03332567 0.34821429
vt 0.03332567 0.34821429
vt 0.03332567 0.34821429
vt 0.03332567 0.34821429
vt 0.03332567 0.34821429
vt 0.03332567 0.34821429
vt 0.03332567 0.34821429
vt 0.03332567 0.34821429
vt 0.03332567 0.34821429
vt 0.03332567 0.34821429
vt 0.03332567 0.34821429
vt 0.03332567 0.34821429
vt 0.03332567 0.34821429
vt 0.03332567 0.34821429
vt 0.03332567 0.34821429
vt 0.03332567 0.34821429
vt 0.03332567 0.34821429
vt 0.03332567 0.34821429
vt 0.03332567 0.34821429
vt 0.03332567 0.34821429
vt 0.03332567 0.34821429
vt 0.03332567 0.34821429
vt 0.03332567 0.34821429
vt 0.03332567 0.34821429
vt 0.03332567 0.34821429
vt 0.03332567 0.34821429
vt 0.03332567 0.34821429
vt 0.03332567 0.34821429
vt 0.03332567 0.34821429
vt 0.03332567 0.34821429
vt 0.03332567 0.34821429
vt 0.03332567 0.34821429
vt 0.03332567 0.34821429
vt 0.03332567 0.34821429
vt 0.03332567 0.34821429
vt 0.03332567 0.34821429
vt 0.03332567 0.34821429
vt 0.03332567 0.34821429
vt 0.03332567 0.34821429
vt 0.03332567 0.34821429
vt 0.03332567 0.34821429
vt 0.03332567 0.34821429
vt 0.03332567 0.34821429
vt 0.03332567 0.34821429
vt 0.03332567 0.34821429
vt 0.03332567 0.34821429
vt 0.03332567 0.34821429
vt 0.03332567 0.34821429
vt 0.03332567 0.34821429
vt 0.00979626 0.34821429
vt 0.00979626 0.34821429
vt 0.00979626 0.34821429
vt 0.00979626 0.34821429
vt 0.00979626 0.34821429
vt 0.00979626 0.34821429
vt 0.00979626 0.34821429
vt 0.00979626 0.34821429
vt 0.00979626 0.34821429
vt 0.00979626 0.34821429
vt 0.00979626 0.34821429
vt 0.00979626 0.34821429
vt 0.00979626 0.34821429
vt 0.00979626 0.34821429
vt 0.00979626 0.34821429
vt 0.00979626 0.34821429
vt 0.00979626 0.34821429
vt 0.00979626 0.34821429
vt 0.00979626 0.34821429
vt 0.00979626 0.34821429
vt 0.00979626 0.34821429
vt 0.00979626 0.34821429
vt 0.00979626 0.34821429
vt 0.00979626 0.34821429
vt 0.00979626 0.34821429
vt 0.00979626 0.34821429
vt 0.00979626 0.34821429
vt 0.00979626 0.34821429
vt 0.00979626 0.34821429
vt 0.00979626 0.34821429
vt 0.00979626 0.34821429
vt 0.00979626 0.34821429
vt 0.00979626 0.34821429
vt 0.00979626 0.34821429
vt 0.00979626 0.34821429
vt 0.00979626 0.34821429
vt 0.00979626 0.34821429
vt 0.00979626 0.34821429
vt 0.00979626 0.34821429
vt 0.00979626 0.34821429
vt 0.00979626 0.34821429
vt 0.00979626 0.34821429
vt 0.00979626 0.34821429
vt 0.00979626 0.34821429
vt 0.00979626 0.34821429
vt 0.00979626 0.34821429
vt 0.00979626 0.34821429
vt 0.00979626 0.34821429
vt 0.00979626 0.34821429
vt 0.00979626 0.34821429
vt 0.00979626 0.34821429
vt 0.00979626 0.34821429
vt 0.00979626 0.34821429
vt 0.00979626 0.34821429
vt 0.00979626 0.34821429
vt 0.00979626 0.34821429
vt 0.00979626 0.34821429
vt 0.00979626 0.34821429
vt 0.00979626 0.34821429
vt 0.00979626 0.34821429
vt 0.00979626 0.34821429
vt 0.00979626 0.34821429
vt 0.00979626 0.34821429
vt 0.00979626 0.34821429
vt 0.00979626 0.34821429
vt 0.00979626 0.34821429
vt 0.00979626 0.34821429
vt 0.00979626 0.34821429
vt 0.00979626 0.34821429
vt 0.00979626 0.34821429
vt 0.00979626 0.34821429
vt 0.00979626 0.34821429
vt 0.00979626 0.34821429
vt 0.00979626 0.34821429
vt 0.00979626 0.34821429
vt 0.00979626 0.34821429
vt 0.00979626 0.34821429
vt 0.00979626 0.34821429
vt 0.00979626 0.34821429
vt 0.00979626 0.34821429
vt 0.00979626 0.34821429
vt 0.00979626 0.34821429
vt 0.00979626 0.34821429
vt 0.00979626 0.34821429
vt 0.00979626 0.34821429
vt 0.00979626 0.34821429
vt 0.00979626 0.34821429
vt 0.00979626 0.34821429
vt 0.00979626 0.34821429
vt 0.00979626 0.34821429
vt 0.00979626 0.34821429
vt 0.00979626 0.34821429
vt 0.00979626 0.34821429
vt 0.00979626 0.34821429
vt 0.00979626 0.34821429
vt 0.00979626 0.34821429
vt 0.00979626 0.34821429
vt 0.00979626 0.34821429
vt 0.00979626 0.34821429
vt 0.00979626 0.34821429
vt 0.00979626 0.34821429
vt 0.00979626 0.34821429
vt 0.00979626 0.34821429
vt 0.00979626 0.34821429
vt 0.00979626 0.34821429
vt 0.00979626 0.34821429
vt 0.00979626 0.34821429
vt 0.00979626 0.34821429
vt 0.00979626 0.34821429
vt 0.00979626 0.34821429
vt 0.00979626 0.34821429
vt 0.00979626 0.34821429
vt 0.00979626 0.34821429
vt 0.00979626 0.34821429
vt 0.00979626 0.34821429
vt 0.00979626 0.34821429
vt 0.00979626 0.34821429
vt 0.00979626 0.34821429
vt 0.00979626 0.34821429
vt 0.00979626 0.34821429
vt 0.00979626 0.34821429
vt 0.00979626 0.34821429
vt 0.00979626 0.34821429
vt 0.00979626 0.34821429
vt 0.00979626 0.34821429
vt 0.00979626 0.34821429
vt 0.00979626 0.34821429
vt 0.00979626 0.34821429
vt 0.00979626 0.34821429
vt 0.00979626 0.34821429
vt 0.00979626 0.34821429
vt 0.00979626 0.34821429
vt 0.00979626 0.34821429
vt 0.00979626 0.34821429
vt 0.00979626 0.34821429
vt 0.00979626 0.34821429
vt 0.00979626 0.34821429
vt 0.00979626 0.34821429
vt 0.00979626 0.34821429
vt 0.00979626 0.34821429
vt 0.00979626 0.34821429
vt 0.00979626 0.34821429
vt 0.00979626 0.34821429
vt 0.00979626 0.34821429
vt 0.00979626 0.34821429
vt 0.00979626 0.34821429
vt 0.00979626 0.34821429
vt 0.00979626 0.34821429
vt 0.00979626 0.34821429
vt 0.00979626 0.34821429
vt 0.00979626 0.34821429
vt 0.00979626 0.34821429
vt 0.00979626 0.34821429
vt 0.00979626 0.34821429
vt 0.00979626 0.34821429
vt 0.00979626 0.34821429
vt 0.00979626 0.34821429
vt 0.00979626 0.34821429
vt 0.00979626 0.34821429
vt 0.00979626 0.34821429
vt 0.00979626 0.34821429
vt 0.00979626 0.34821429
f 1/1 533/533 197/197
f 533/533 138/138 535/535
f 197/197 535/535 54/54
f 533/533 535/535 197/197
f 138/138 534/534 542/542
f 534/534 38/38 540/540
f 542/542 540/540 140/140
f 534/534 540/540 542/542
f 54/54 541/541 198/198
f 541/541 140/140 539/539
f 198/198 539/539 17/17
f 541/541 539/539 198/198
f 138/138 542/542 535/535
f 542/542 140/140 541/541
f 535/535 541/541 54/54
f 542/542 541/541 535/535
f 38/38 538/538 601/601
f 538/538 139/139 603/603
f 601/601 603/603 155/155
f 538/538 603/603 601/601
f 139/139 537/537 589/589
f 537/537 12/12 587/587
f 589/589 587/587 152/152
f 537/537 587/587 589/589
f 155/155 605/605 602/602
f 605/605 152/152 588/588
f 602/602 588/588 41/41
f 605/605 588/588 602/602
f 139/139 589/589 603/603
f 589/589 152/152 605/605
f 603/603 605/605 155/155
f 589/589 605/605 603/603
f 17/17 591/591 201/201
f 591/591 153/153 593/593
f 201/201 593/593 55/55
f 591/591 593/593 201/201
f 153/153 592/592 595/595
f 592/592 41/41 584/584
f 595/595 584/584 151/151
f 592/592 584/584 595/595
f 55/55 585/585 200/200
f 585/585 151/151 583/583
f 200/200 583/583 6/6
f 585/585 583/583 200/200
f 153/153 595/595 593/593
f 595/595 151/151 585/585
f 593/593 585/585 55/55
f 595/595 585/585 593/593
f 38/38 601/601 540/540
f 601/601 155/155 604/604
f 540/540 604/604 140/140
f 601/601 604/604 540/540
f 155/155 602/602 606/606
f 602/602 41/41 592/592
f 606/606 592/592 153/153
f 602/602 592/592 606/606
f 140/140 594/594 539/539
f 594/594 153/153 591/591
f 539/539 591/591 17/17
f 594/594 591/591 539/539
f 155/155 606/606 604/604
f 606/606 153/153 594/594
f 604/604 594/594 140/140
f 606/606 594/594 604/604
f 1/1 197/197 163/163
f 197/197 54/54 199/199
f 163/163 199/199 43/43
f 197/197 199/199 163/163
f 54/54 198/198 205/205
f 198/198 17/17 203/203
f 205/205 203/203 56/56
f 198/198 203/203 205/205
f 43/43 204/204 164/164
f 204/204 56/56 202/202
f 164/164 202/202 13/13
f 204/204 202/202 164/164
f 54/54 205/205 199/199
f 205/205 56/56 204/204
f 199/199 204/204 43/43
f 205/205 204/204 199/199
f 17/17 201/201 217/217
f 201/201 55/55 219/219
f 217/217 219/219 60/60
f 201/201 219/219 217/217
f 55/55 200/200 211/211
f 200/200 6/6 209/209
f 211/211 209/209 58/58
f 200/200 209/209 211/211
f 60/60 221/221 218/218
f 221/221 58/58 210/210
f 218/218 210/210 18/18
f 221/221 210/210 218/218
f 55/55 211/211 219/219
f 211/211 58/58 221/221
f 219/219 221/221 60/60
f 211/211 221/221 219/219
f 13/13 212/212 166/166
f 212/212 59/59 214/214
f 166/166 214/214 44/44
f 212/212 214/214 166/166
f 59/59 213/213 216/216
f 213/213 18/18 207/207
f 216/216 207/207 57/57
f 213/213 207/207 216/216
f 44/44 208/208 165/165
f 208/208 57/57 206/206
f 165/165 206/206 2/2
f 208/208 206/206 165/165
f 59/59 216/216 214/214
f 216/216 57/57 208/208
f 214/214 208/208 44/44
f 216/216 208/208 214/214
f 17/17 217/217 203/203
f 217/217 60/60 220/220
f 203/203 220/220 56/56
f 217/217 220/220 203/203
f 60/60 218/218 222/222
f 218/218 18/18 213/213
f 222/222 213/213 59/59
f 218/218 213/213 222/222
f 56/56 215/215 202/202
f 215/215 59/59 212/212
f 202/202 212/212 13/13
f 215/215 212/212 202/202
f 60/60 222/222 220/220
f 222/222 59/59 215/215
f 220/220 215/215 56/56
f 222/222 215/215 220/220
f 1/1 163/163 253/253
f 163/163 43/43 255/255
f 253/253 255/255 70/70
f 163/163 255/255 253/253
f 43/43 164/164 260/260
f 164/164 13/13 258/258
f 260/260 258/258 72/72
f 164/164 258/258 260/260
f 70/70 261/261 254/254
f 261/261 72/72 259/259
f 254/254 259/259 22/22
f 261/261 259/259 254/254
f 43/43 260/260 255/255
f 260/260 72/72 261/261
f 255/255 261/261 70/70
f 260/260 261/261 255/255
f 13/13 166/166 268/268
f 166/166 44/44 270/270
f 268/268 270/270 75/75
f 166/166 270/270 268/268
f 44/44 165/165 264/264
f 165/165 2/2 262/262
f 264/264 262/262 73/73
f 165/165 262/262 264/264
f 75/75 272/272 269/269
f 272/272 73/73 263/263
f 269/269 263/263 23/23
f 272/272 263/263 269/269
f 44/44 264/264 270/270
f 264/264 73/73 272/272
f 270/270 272/272 75/75
f 264/264 272/272 270/270
f 22/22 273/273 257/257
f 273/273 76/76 275/275
f 257/257 275/275 71/71
f 273/273 275/275 257/257
f 76/76 274/274 277/277
f 274/274 23/23 266/266
f 277/277 266/266 74/74
f 274/274 266/266 277/277
f 71/71 267/267 256/256
f 267/267 74/74 265/265
f 256/256 265/265 8/8
f 267/267 265/265 256/256
f 76/76 277/277 275/275
f 277/277 74/74 267/267
f 275/275 267/267 71/71
f 277/277 267/267 275/275
f 13/13 268/268 258/258
f 268/268 75/75 271/271
f 258/258 271/271 72/72
f 268/268 271/271 258/258
f 75/75 269/269 278/278
f 269/269 23/23 274/274
f 278/278 274/274 76/76
f 269/269 274/274 278/278
f 72/72 276/276 259/259
f 276/276 76/76 273/273
f 259/259 273/273 22/22
f 276/276 273/273 259/259
f 75/75 278/278 271/271
f 278/278 76/76 276/276
f 271/271 276/276 72/72
f 278/278 276/276 271/271
f 1/1 253/253 463/463
f 253/253 70/70 465/465
f 463/463 465/465 121/121
f 253/253 465/465 463/463
f 70/70 254/254 470/470
f 254/254 22/22 468/468
f 470/470 468/468 123/123
f 254/254 468/468 470/470
f 121/121 471/471 464/464
f 471/471 123/123 469/469
f 464/464 469/469 34/34
f 471/471 469/469 464/464
f 70/70 470/470 465/465
f 470/470 123/123 471/471
f 465/465 471/471 121/121
f 470/470 471/471 465/465
f 22/22 257/257 511/511
f 257/257 71/71 513/513
f 511/511 513/513 134/134
f 257/257 513/513 511/511
f 71/71 256/256 505/505
f 256/256 8/8 503/503
f 505/505 503/503 132/132
f 256/256 503/503 505/505
f 134/134 515/515 512/512
f 515/515 132/132 504/504
f 512/512 504/504 37/37
f 515/515 504/504 512/512
f 71/71 505/505 513/513
f 505/505 132/132 515/515
f 513/513 515/515 134/134
f 505/505 515/515 513/513
f 34/34 521/521 467/467
f 521/521 136/136 523/523
f 467/467 523/523 122/122
f 521/521 523/523 467/467
f 136/136 522/522 525/525
f 522/522 37/37 508/508
f 525/525 508/508 133/133
f 522/522 508/508 525/525
f 122/122 509/509 466/466
f 509/509 133/133 507/507
f 466/466 507/507 11/11
f 509/509 507/507 466/466
f 136/136 525/525 523/523
f 525/525 133/133 509/509
f 523/523 509/509 122/122
f 525/525 509/509 523/523
f 22/22 511/511 468/468
f 511/511 134/134 514/514
f 468/468 514/514 123/123
f 511/511 514/514 468/468
f 134/134 512/512 526/526
f 512/512 37/37 522/522
f 526/526 522/522 136/136
f 512/512 522/522 526/526
f 123/123 524/524 469/469
f 524/524 136/136 521/521
f 469/469 521/521 34/34
f 524/524 521/521 469/469
f 134/134 526/526 514/514
f 526/526 136/136 524/524
f 514/514 524/524 123/123
f 526/526 524/524 514/514
f 1/1 463/463 533/533
f 463/463 121/121 536/536
f 533/533 536/536 138/138
f 463/463 536/536 533/533
f 121/121 464/464 545/545
f 464/464 34/34 543/543
f 545/545 543/543 141/141
f 464/464 543/543 545/545
f 138/138 546/546 534/534
f 546/546 141/141 544/544
f 534/534 544/544 38/38
f 546/546 544/544 534/534
f 121/121 545/545 536/536
f 545/545 141/141 546/546
f 536/536 546/546 138/138
f 545/545 546/546 536/536
f 34/34 467/467 621/621
f 467/467 122/122 623/623
f 621/621 623/623 159/159
f 467/467 623/623 621/621
f 122/122 466/466 615/615
f 466/466 11/11 613/613
f 615/615 613/613 157/157
f 466/466 613/613 615/615
f 159/159 625/625 622/622
f 625/625 157/157 614/614
f 622/622 614/614 42/42
f 625/625 614/614 622/622
f 122/122 615/615 623/623
f 615/615 157/157 625/625
f 623/623 625/625 159/159
f 615/615 625/625 623/623
f 38/38 631/631 538/538
f 631/631 161/161 633/633
f 538/538 633/633 139/139
f 631/631 633/633 538/538
f 161/161 632/632 635/635
f 632/632 42/42 618/618
f 635/635 618/618 158/158
f 632/632 618/618 635/635
f 139/139 619/619 537/537
f 619/619 158/158 617/617
f 537/537 617/617 12/12
f 619/619 617/617 537/537
f 161/161 635/635 633/633
f 635/635 158/158 619/619
f 633/633 619/619 139/139
f 635/635 619/619 633/633
f 34/34 621/621 543/543
f 621/621 159/159 624/624
f 543/543 624/624 141/141
f 621/621 624/624 543/543
f 159/159 622/622 636/636
f 622/622 42/42 632/632
f 636/636 632/632 161/161
f 622/622 632/632 636/636
f 141/141 634/634 544/544
f 634/634 161/161 631/631
f 544/544 631/631 38/38
f 634/634 631/631 544/544
f 159/159 636/636 624/624
f 636/636 161/161 634/634
f 624/624 634/634 141/141
f 636/636 634/634 624/624
f 2/2 206/206 353/353
f 206/206 57/57 355/355
f 353/353 355/355 96/96
f 206/206 355/355 353/353
f 57/57 207/207 361/361
f 207/207 18/18 359/359
f 361/361 359/359 98/98
f 207/207 359/359 361/361
f 96/96 362/362 354/354
f 362/362 98/98 360/360
f 354/354 360/360 29/29
f 362/362 360/360 354/354
f 57/57 361/361 355/355
f 361/361 98/98 362/362
f 355/355 362/362 96/96
f 361/361 362/362 355/355
f 18/18 210/210 411/411
f 210/210 58/58 413/413
f 411/411 413/413 111/111
f 210/210 413/413 411/411
f 58/58 209/209 405/405
f 209/209 6/6 403/403
f 405/405 403/403 109/109
f 209/209 403/403 405/405
f 111/111 415/415 412/412
f 415/415 109/109 404/404
f 412/412 404/404 32/32
f 415/415 404/404 412/412
f 58/58 405/405 413/413
f 405/405 109/109 415/415
f 413/413 415/415 111/111
f 405/405 415/415 413/413
f 29/29 421/421 358/358
f 421/421 113/113 423/423
f 358/358 423/423 97/97
f 421/421 423/423 358/358
f 113/113 422/422 425/425
f 422/422 32/32 408/408
f 425/425 408/408 110/110
f 422/422 408/408 425/425
f 97/97 409/409 357/357
f 409/409 110/110 407/407
f 357/357 407/407 10/10
f 409/409 407/407 357/357
f 113/113 425/425 423/423
f 425/425 110/110 409/409
f 423/423 409/409 97/97
f 425/425 409/409 423/423
f 18/18 411/411 359/359
f 411/411 111/111 414/414
f 359/359 414/414 98/98
f 411/411 414/414 359/359
f 111/111 412/412 426/426
f 412/412 32/32 422/422
f 426/426 422/422 113/113
f 412/412 422/422 426/426
f 98/98 424/424 360/360
f 424/424 113/113 421/421
f 360/360 421/421 29/29
f 424/424 421/421 360/360
f 111/111 426/426 414/414
f 426/426 113/113 424/424
f 414/414 424/424 98/98
f 426/426 424/424 414/414
f 6/6 583/583 225/225
f 583/583 151/151 586/586
f 225/225 586/586 62/62
f 583/583 586/586 225/225
f 151/151 584/584 600/600
f 584/584 41/41 597/597
f 600/600 597/597 154/154
f 584/584 597/597 600/600
f 62/62 598/598 226/226
f 598/598 154/154 596/596
f 226/226 596/596 19/19
f 598/598 596/596 226/226
f 151/151 600/600 586/586
f 600/600 154/154 598/598
f 586/586 598/598 62/62
f 600/600 598/598 586/586
f 41/41 588/588 608/608
f 588/588 152/152 611/611
f 608/608 611/611 156/156
f 588/588 611/611 608/608
f 152/152 587/587 590/590
f 587/587 12/12 565/565
f 590/590 565/565 147/147
f 587/587 565/565 590/590
f 156/156 609/609 607/607
f 609/609 147/147 566/566
f 607/607 566/566 40/40
f 609/609 566/566 607/607
f 152/152 590/590 611/611
f 590/590 147/147 609/609
f 611/611 609/609 156/156
f 590/590 609/609 611/611
f 19/19 573/573 224/224
f 573/573 149/149 575/575
f 224/224 575/575 61/61
f 573/573 575/575 224/224
f 149/149 574/574 576/576
f 574/574 40/40 562/562
f 576/576 562/562 146/146
f 574/574 562/562 576/576
f 61/61 564/564 223/223
f 564/564 146/146 561/561
f 223/223 561/561 5/5
f 564/564 561/561 223/223
f 149/149 576/576 575/575
f 576/576 146/146 564/564
f 575/575 564/564 61/61
f 576/576 564/564 575/575
f 41/41 608/608 597/597
f 608/608 156/156 612/612
f 597/597 612/612 154/154
f 608/608 612/612 597/597
f 156/156 607/607 610/610
f 607/607 40/40 574/574
f 610/610 574/574 149/149
f 607/607 574/574 610/610
f 154/154 599/599 596/596
f 599/599 149/149 573/573
f 596/596 573/573 19/19
f 599/599 573/573 596/596
f 156/156 610/610 612/612
f 610/610 149/149 599/599
f 612/612 599/599 154/154
f 610/610 599/599 612/612
f 12/12 617/617 551/551
f 617/617 158/158 620/620
f 551/551 620/620 143/143
f 617/617 620/620 551/551
f 158/158 618/618 641/641
f 618/618 42/42 638/638
f 641/641 638/638 162/162
f 618/618 638/638 641/641
f 143/143 639/639 552/552
f 639/639 162/162 637/637
f 552/552 637/637 39/39
f 639/639 637/637 552/552
f 158/158 641/641 620/620
f 641/641 162/162 639/639
f 620/620 639/639 143/143
f 641/641 639/639 620/620
f 42/42 614/614 627/627
f 614/614 157/157 630/630
f 627/627 630/630 160/160
f 614/614 630/630 627/627
f 157/157 613/613 616/616
f 613/613 11/11 475/475
f 616/616 475/475 125/125
f 613/613 475/475 616/616
f 160/160 628/628 626/626
f 628/628 125/125 476/476
f 626/626 476/476 35/35
f 628/628 476/476 626/626
f 157/157 616/616 630/630
f 616/616 125/125 628/628
f 630/630 628/628 160/160
f 616/616 628/628 630/630
f 39/39 558/558 548/548
f 558/558 145/145 560/560
f 548/548 560/560 142/142
f 558/558 560/560 548/548
f 145/145 557/557 559/559
f 557/557 35/35 473/473
f 559/559 473/473 124/124
f 557/557 473/473 559/559
f 142/142 550/550 547/547
f 550/550 124/124 472/472
f 547/547 472/472 3/3
f 550/550 472/472 547/547
f 145/145 559/559 560/560
f 559/559 124/124 550/550
f 560/560 550/550 142/142
f 559/559 550/550 560/560
f 42/42 627/627 638/638
f 627/627 160/160 642/642
f 638/638 642/642 162/162
f 627/627 642/642 638/638
f 160/160 626/626 629/629
f 626/626 35/35 557/557
f 629/629 557/557 145/145
f 626/626 557/557 629/629
f 162/162 640/640 637/637
f 640/640 145/145 558/558
f 637/637 558/558 39/39
f 640/640 558/558 637/637
f 160/160 629/629 642/642
f 629/629 145/145 640/640
f 642/642 640/640 162/162
f 629/629 640/640 642/642
f 11/11 507/507 485/485
f 507/507 133/133 510/510
f 485/485 510/510 128/128
f 507/507 510/510 485/485
f 133/133 508/508 531/531
f 508/508 37/37 528/528
f 531/531 528/528 137/137
f 508/508 528/528 531/531
f 128/128 529/529 486/486
f 529/529 137/137 527/527
f 486/486 527/527 36/36
f 529/529 527/527 486/486
f 133/133 531/531 510/510
f 531/531 137/137 529/529
f 510/510 529/529 128/128
f 531/531 529/529 510/510
f 37/37 504/504 517/517
f 504/504 132/132 520/520
f 517/517 520/520 135/135
f 504/504 520/520 517/517
f 132/132 503/503 506/506
f 503/503 8/8 281/281
f 506/506 281/281 78/78
f 503/503 281/281 506/506
f 135/135 518/518 516/516
f 518/518 78/78 282/282
f 516/516 282/282 24/24
f 518/518 282/282 516/516
f 132/132 506/506 520/520
f 506/506 78/78 518/518
f 520/520 518/518 135/135
f 506/506 518/518 520/520
f 36/36 494/494 482/482
f 494/494 130/130 496/496
f 482/482 496/496 127/127
f 494/494 496/496 482/482
f 130/130 493/493 495/495
f 493/493 24/24 280/280
f 495/495 280/280 77/77
f 493/493 280/280 495/495
f 127/127 484/484 481/481
f 484/484 77/77 279/279
f 481/481 279/279 7/7
f 484/484 279/279 481/481
f 130/130 495/495 496/496
f 495/495 77/77 484/484
f 496/496 484/484 127/127
f 495/495 484/484 496/496
f 37/37 517/517 528/528
f 517/517 135/135 532/532
f 528/528 532/532 137/137
f 517/517 532/532 528/528
f 135/135 516/516 519/519
f 516/516 24/24 493/493
f 519/519 493/493 130/130
f 516/516 493/493 519/519
f 137/137 530/530 527/527
f 530/530 130/130 494/494
f 527/527 494/494 36/36
f 530/530 494/494 527/527
f 135/135 519/519 532/532
f 519/519 130/130 530/530
f 532/532 530/530 137/137
f 519/519 530/530 532/532
f 8/8 265/265 323/323
f 265/265 74/74 325/325
f 323/323 325/325 90/90
f 265/265 325/325 323/323
f 74/74 266/266 333/333
f 266/266 23/23 331/331
f 333/333 331/331 92/92
f 266/266 331/331 333/333
f 90/90 335/335 324/324
f 335/335 92/92 332/332
f 324/324 332/332 28/28
f 335/335 332/332 324/324
f 74/74 333/333 325/325
f 333/333 92/92 335/335
f 325/325 335/335 90/90
f 333/333 335/335 325/325
f 23/23 263/263 288/288
f 263/263 73/73 290/290
f 288/288 290/290 81/81
f 263/263 290/290 288/288
f 73/73 262/262 285/285
f 262/262 2/2 283/283
f 285/285 283/283 79/79
f 262/262 283/283 285/285
f 81/81 291/291 289/289
f 291/291 79/79 284/284
f 289/289 284/284 25/25
f 291/291 284/284 289/289
f 73/73 285/285 290/290
f 285/285 79/79 291/291
f 290/290 291/291 81/81
f 285/285 291/291 290/290
f 28/28 342/342 328/328
f 342/342 94/94 345/345
f 328/328 345/345 91/91
f 342/342 345/345 328/328
f 94/94 341/341 343/343
f 341/341 25/25 287/287
f 343/343 287/287 80/80
f 341/341 287/287 343/343
f 91/91 329/329 327/327
f 329/329 80/80 286/286
f 327/327 286/286 9/9
f 329/329 286/286 327/327
f 94/94 343/343 345/345
f 343/343 80/80 329/329
f 345/345 329/329 91/91
f 343/343 329/329 345/345
f 23/23 288/288 331/331
f 288/288 81/81 334/334
f 331/331 334/334 92/92
f 288/288 334/334 331/331
f 81/81 289/289 344/344
f 289/289 25/25 341/341
f 344/344 341/341 94/94
f 289/289 341/341 344/344
f 92/92 346/346 332/332
f 346/346 94/94 342/342
f 332/332 342/342 28/28
f 346/346 342/342 332/332
f 81/81 344/344 334/334
f 344/344 94/94 346/346
f 334/334 346/346 92/92
f 344/344 346/346 334/334
f 4/4 367/367 180/180
f 367/367 100/100 369/369
f 180/180 369/369 50/50
f 367/367 369/369 180/180
f 100/100 368/368 376/376
f 368/368 30/30 374/374
f 376/376 374/374 102/102
f 368/368 374/374 376/376
f 50/50 375/375 181/181
f 375/375 102/102 373/373
f 181/181 373/373 16/16
f 375/375 373/373 181/181
f 100/100 376/376 369/369
f 376/376 102/102 375/375
f 369/369 375/375 50/50
f 376/376 375/375 369/369
f 30/30 372/372 397/397
f 372/372 101/101 399/399
f 397/397 399/399 108/108
f 372/372 399/399 397/397
f 101/101 371/371 387/387
f 371/371 10/10 385/385
f 387/387 385/385 105/105
f 371/371 385/385 387/387
f 108/108 401/401 398/398
f 401/401 105/105 386/386
f 398/398 386/386 31/31
f 401/401 386/386 398/398
f 101/101 387/387 399/399
f 387/387 105/105 401/401
f 399/399 401/401 108/108
f 387/387 401/401 399/399
f 16/16 388/388 184/184
f 388/388 106/106 390/390
f 184/184 390/390 51/51
f 388/388 390/390 184/184
f 106/106 389/389 392/392
f 389/389 31/31 382/382
f 392/392 382/382 104/104
f 389/389 382/382 392/392
f 51/51 383/383 183/183
f 383/383 104/104 381/381
f 183/183 381/381 5/5
f 383/383 381/381 183/183
f 106/106 392/392 390/390
f 392/392 104/104 383/383
f 390/390 383/383 51/51
f 392/392 383/383 390/390
f 30/30 397/397 374/374
f 397/397 108/108 400/400
f 374/374 400/400 102/102
f 397/397 400/400 374/374
f 108/108 398/398 402/402
f 398/398 31/31 389/389
f 402/402 389/389 106/106
f 398/398 389/389 402/402
f 102/102 391/391 373/373
f 391/391 106/106 388/388
f 373/373 388/388 16/16
f 391/391 388/388 373/373
f 108/108 402/402 400/400
f 402/402 106/106 391/391
f 400/400 391/391 102/102
f 402/402 391/391 400/400
f 4/4 180/180 169/169
f 180/180 50/50 182/182
f 169/169 182/182 46/46
f 180/180 182/182 169/169
f 50/50 181/181 190/190
f 181/181 16/16 187/187
f 190/190 187/187 52/52
f 181/181 187/187 190/190
f 46/46 188/188 170/170
f 188/188 52/52 186/186
f 170/170 186/186 14/14
f 188/188 186/186 170/170
f 50/50 190/190 182/182
f 190/190 52/52 188/188
f 182/182 188/188 46/46
f 190/190 188/188 182/182
f 16/16 184/184 192/192
f 184/184 51/51 195/195
f 192/192 195/195 53/53
f 184/184 195/195 192/192
f 51/51 183/183 185/185
f 183/183 5/5 174/174
f 185/185 174/174 48/48
f 183/183 174/174 185/185
f 53/53 193/193 191/191
f 193/193 48/48 175/175
f 191/191 175/175 15/15
f 193/193 175/175 191/191
f 51/51 185/185 195/195
f 185/185 48/48 193/193
f 195/195 193/193 53/53
f 185/185 193/193 195/195
f 14/14 176/176 168/168
f 176/176 49/49 178/178
f 168/168 178/178 45/45
f 176/176 178/178 168/168
f 49/49 177/177 179/179
f 177/177 15/15 172/172
f 179/179 172/172 47/47
f 177/177 172/172 179/179
f 45/45 173/173 167/167
f 173/173 47/47 171/171
f 167/167 171/171 3/3
f 173/173 171/171 167/167
f 49/49 179/179 178/178
f 179/179 47/47 173/173
f 178/178 173/173 45/45
f 179/179 173/173 178/178
f 16/16 192/192 187/187
f 192/192 53/53 196/196
f 187/187 196/196 52/52
f 192/192 196/196 187/187
f 53/53 191/191 194/194
f 191/191 15/15 177/177
f 194/194 177/177 49/49
f 191/191 177/177 194/194
f 52/52 189/189 186/186
f 189/189 49/49 176/176
f 186/186 176/176 14/14
f 189/189 176/176 186/186
f 53/53 194/194 196/196
f 194/194 49/49 189/189
f 196/196 189/189 52/52
f 194/194 189/189 196/196
f 4/4 169/169 236/236
f 169/169 46/46 238/238
f 236/236 238/238 66/66
f 169/169 238/238 236/236
f 46/46 170/170 244/244
f 170/170 14/14 242/242
f 244/244 242/242 68/68
f 170/170 242/242 244/244
f 66/66 246/246 237/237
f 246/246 68/68 243/243
f 237/237 243/243 21/21
f 246/246 243/243 237/237
f 46/46 244/244 238/238
f 244/244 68/68 246/246
f 238/238 246/246 66/66
f 244/244 246/246 238/238
f 14/14 168/168 232/232
f 168/168 45/45 234/234
f 232/232 234/234 65/65
f 168/168 234/234 232/232
f 45/45 167/167 229/229
f 167/167 3/3 227/227
f 229/229 227/227 63/63
f 167/167 227/227 229/229
f 65/65 235/235 233/233
f 235/235 63/63 228/228
f 233/233 228/228 20/20
f 235/235 228/228 233/233
f 45/45 229/229 234/234
f 229/229 63/63 235/235
f 234/234 235/235 65/65
f 229/229 235/235 234/234
f 21/21 248/248 240/240
f 248/248 69/69 251/251
f 240/240 251/251 67/67
f 248/248 251/251 240/240
f 69/69 247/247 249/249
f 247/247 20/20 231/231
f 249/249 231/231 64/64
f 247/247 231/231 249/249
f 67/67 241/241 239/239
f 241/241 64/64 230/230
f 239/239 230/230 7/7
f 241/241 230/230 239/239
f 69/69 249/249 251/251
f 249/249 64/64 241/241
f 251/251 241/241 67/67
f 249/249 241/241 251/251
f 14/14 232/232 242/242
f 232/232 65/65 245/245
f 242/242 245/245 68/68
f 232/232 245/245 242/242
f 65/65 233/233 250/250
f 233/233 20/20 247/247
f 250/250 247/247 69/69
f 233/233 247/247 250/250
f 68/68 252/252 243/243
f 252/252 69/69 248/248
f 243/243 248/248 21/21
f 252/252 248/248 243/243
f 65/65 250/250 245/245
f 250/250 69/69 252/252
f 245/245 252/252 68/68
f 250/250 252/252 245/245
f 4/4 236/236 292/292
f 236/236 66/66 294/294
f 292/292 294/294 82/82
f 236/236 294/294 292/292
f 66/66 237/237 299/299
f 237/237 21/21 297/297
f 299/299 297/297 84/84
f 237/237 297/297 299/299
f 82/82 300/300 293/293
f 300/300 84/84 298/298
f 293/293 298/298 26/26
f 300/300 298/298 293/293
f 66/66 299/299 294/294
f 299/299 84/84 300/300
f 294/294 300/300 82/82
f 299/299 300/300 294/294
f 21/21 240/240 308/308
f 240/240 67/67 310/310
f 308/308 310/310 87/87
f 240/240 310/310 308/308
f 67/67 239/239 303/303
f 239/239 7/7 301/301
f 303/303 301/301 85/85
f 239/239 301/301 303/303
f 87/87 312/312 309/309
f 312/312 85/85 302/302
f 309/309 302/302 27/27
f 312/312 302/302 309/309
f 67/67 303/303 310/310
f 303/303 85/85 312/312
f 310/310 312/312 87/87
f 303/303 312/312 310/310
f 26/26 317/317 296/296
f 317/317 89/89 319/319
f 296/296 319/319 83/83
f 317/317 319/319 296/296
f 89/89 318/318 321/321
f 318/318 27/27 306/306
f 321/321 306/306 86/86
f 318/318 306/306 321/321
f 83/83 307/307 295/295
f 307/307 86/86 305/305
f 295/295 305/305 9/9
f 307/307 305/305 295/295
f 89/89 321/321 319/319
f 321/321 86/86 307/307
f 319/319 307/307 83/83
f 321/321 307/307 319/319
f 21/21 308/308 297/297
f 308/308 87/87 311/311
f 297/297 311/311 84/84
f 308/308 311/311 297/297
f 87/87 309/309 322/322
f 309/309 27/27 318/318
f 322/322 318/318 89/89
f 309/309 318/318 322/322
f 84/84 320/320 298/298
f 320/320 89/89 317/317
f 298/298 317/317 26/26
f 320/320 317/317 298/298
f 87/87 322/322 311/311
f 322/322 89/89 320/320
f 311/311 320/320 84/84
f 322/322 320/320 311/311
f 4/4 292/292 367/367
f 292/292 82/82 370/370
f 367/367 370/370 100/100
f 292/292 370/370 367/367
f 82/82 293/293 379/379
f 293/293 26/26 377/377
f 379/379 377/377 103/103
f 293/293 377/377 379/379
f 100/100 380/380 368/368
f 380/380 103/103 378/378
f 368/368 378/378 30/30
f 380/380 378/378 368/368
f 82/82 379/379 370/370
f 379/379 103/103 380/380
f 370/370 380/380 100/100
f 379/379 380/380 370/370
f 26/26 296/296 446/446
f 296/296 83/83 448/448
f 446/446 448/448 118/118
f 296/296 448/448 446/446
f 83/83 295/295 436/436
f 295/295 9/9 433/433
f 436/436 433/433 115/115
f 295/295 433/433 436/436
f 118/118 450/450 447/447
f 450/450 115/115 434/434
f 447/447 434/434 33/33
f 450/450 434/434 447/447
f 83/83 436/436 448/448
f 436/436 115/115 450/450
f 448/448 450/450 118/118
f 436/436 450/450 448/448
f 30/30 457/457 372/372
f 457/457 120/120 459/459
f 372/372 459/459 101/101
f 457/457 459/459 372/372
f 120/120 458/458 461/461
f 458/458 33/33 438/438
f 461/461 438/438 116/116
f 458/458 438/438 461/461
f 101/101 440/440 371/371
f 440/440 116/116 437/437
f 371/371 437/437 10/10
f 440/440 437/437 371/371
f 120/120 461/461 459/459
f 461/461 116/116 440/440
f 459/459 440/440 101/101
f 461/461 440/440 459/459
f 26/26 446/446 377/377
f 446/446 118/118 449/449
f 377/377 449/449 103/103
f 446/446 449/449 377/377
f 118/118 447/447 462/462
f 447/447 33/33 458/458
f 462/462 458/458 120/120
f 447/447 458/458 462/462
f 103/103 460/460 378/378
f 460/460 120/120 457/457
f 378/378 457/457 30/30
f 460/460 457/457 378/378
f 118/118 462/462 449/449
f 462/462 120/120 460/460
f 449/449 460/460 103/103
f 462/462 460/460 449/449
f 5/5 381/381 223/223
f 381/381 104/104 384/384
f 223/223 384/384 61/61
f 381/381 384/384 223/223
f 104/104 382/382 396/396
f 382/382 31/31 394/394
f 396/396 394/394 107/107
f 382/382 394/394 396/396
f 61/61 395/395 224/224
f 395/395 107/107 393/393
f 224/224 393/393 19/19
f 395/395 393/393 224/224
f 104/104 396/396 384/384
f 396/396 107/107 395/395
f 384/384 395/395 61/61
f 396/396 395/395 384/384
f 31/31 386/386 427/427
f 386/386 105/105 429/429
f 427/427 429/429 114/114
f 386/386 429/429 427/427
f 105/105 385/385 410/410
f 385/385 10/10 407/407
f 410/410 407/407 110/110
f 385/385 407/407 410/410
f 114/114 431/431 428/428
f 431/431 110/110 408/408
f 428/428 408/408 32/32
f 431/431 408/408 428/428
f 105/105 410/410 429/429
f 410/410 110/110 431/431
f 429/429 431/431 114/114
f 410/410 431/431 429/429
f 19/19 416/416 226/226
f 416/416 112/112 418/418
f 226/226 418/418 62/62
f 416/416 418/418 226/226
f 112/112 417/417 420/420
f 417/417 32/32 404/404
f 420/420 404/404 109/109
f 417/417 404/404 420/420
f 62/62 406/406 225/225
f 406/406 109/109 403/403
f 225/225 403/403 6/6
f 406/406 403/403 225/225
f 112/112 420/420 418/418
f 420/420 109/109 406/406
f 418/418 406/406 62/62
f 420/420 406/406 418/418
f 31/31 427/427 394/394
f 427/427 114/114 430/430
f 394/394 430/430 107/107
f 427/427 430/430 394/394
f 114/114 428/428 432/432
f 428/428 32/32 417/417
f 432/432 417/417 112/112
f 428/428 417/417 432/432
f 107/107 419/419 393/393
f 419/419 112/112 416/416
f 393/393 416/416 19/19
f 419/419 416/416 393/393
f 114/114 432/432 430/430
f 432/432 112/112 419/419
f 430/430 419/419 107/107
f 432/432 419/419 430/430
f 3/3 171/171 547/547
f 171/171 47/47 549/549
f 547/547 549/549 142/142
f 171/171 549/549 547/547
f 47/47 172/172 555/555
f 172/172 15/15 553/553
f 555/555 553/553 144/144
f 172/172 553/553 555/555
f 142/142 556/556 548/548
f 556/556 144/144 554/554
f 548/548 554/554 39/39
f 556/556 554/554 548/548
f 47/47 555/555 549/549
f 555/555 144/144 556/556
f 549/549 556/556 142/142
f 555/555 556/556 549/549
f 15/15 175/175 568/568
f 175/175 48/48 570/570
f 568/568 570/570 148/148
f 175/175 570/570 568/568
f 48/48 174/174 563/563
f 174/174 5/5 561/561
f 563/563 561/561 146/146
f 174/174 561/561 563/563
f 148/148 572/572 569/569
f 572/572 146/146 562/562
f 569/569 562/562 40/40
f 572/572 562/562 569/569
f 48/48 563/563 570/570
f 563/563 146/146 572/572
f 570/570 572/572 148/148
f 563/563 572/572 570/570
f 39/39 577/577 552/552
f 577/577 150/150 579/579
f 552/552 579/579 143/143
f 577/577 579/579 552/552
f 150/150 578/578 581/581
f 578/578 40/40 566/566
f 581/581 566/566 147/147
f 578/578 566/566 581/581
f 143/143 567/567 551/551
f 567/567 147/147 565/565
f 551/551 565/565 12/12
f 567/567 565/565 551/551
f 150/150 581/581 579/579
f 581/581 147/147 567/567
f 579/579 567/567 143/143
f 581/581 567/567 579/579
f 15/15 568/568 553/553
f 568/568 148/148 571/571
f 553/553 571/571 144/144
f 568/568 571/571 553/553
f 148/148 569/569 582/582
f 569/569 40/40 578/578
f 582/582 578/578 150/150
f 569/569 578/578 582/582
f 144/144 580/580 554/554
f 580/580 150/150 577/577
f 554/554 577/577 39/39
f 580/580 577/577 554/554
f 148/148 582/582 571/571
f 582/582 150/150 580/580
f 571/571 580/580 144/144
f 582/582 580/580 571/571
f 7/7 230/230 481/481
f 230/230 64/64 483/483
f 481/481 483/483 127/127
f 230/230 483/483 481/481
f 64/64 231/231 490/490
f 231/231 20/20 488/488
f 490/490 488/488 129/129
f 231/231 488/488 490/490
f 127/127 492/492 482/482
f 492/492 129/129 489/489
f 482/482 489/489 36/36
f 492/492 489/489 482/482
f 64/64 490/490 483/483
f 490/490 129/129 492/492
f 483/483 492/492 127/127
f 490/490 492/492 483/483
f 20/20 228/228 477/477
f 228/228 63/63 479/479
f 477/477 479/479 126/126
f 228/228 479/479 477/477
f 63/63 227/227 474/474
f 227/227 3/3 472/472
f 474/474 472/472 124/124
f 227/227 472/472 474/474
f 126/126 480/480 478/478
f 480/480 124/124 473/473
f 478/478 473/473 35/35
f 480/480 473/473 478/478
f 63/63 474/474 479/479
f 474/474 124/124 480/480
f 479/479 480/480 126/126
f 474/474 480/480 479/479
f 36/36 498/498 486/486
f 498/498 131/131 501/501
f 486/486 501/501 128/128
f 498/498 501/501 486/486
f 131/131 497/497 499/499
f 497/497 35/35 476/476
f 499/499 476/476 125/125
f 497/497 476/476 499/499
f 128/128 487/487 485/485
f 487/487 125/125 475/475
f 485/485 475/475 11/11
f 487/487 475/475 485/485
f 131/131 499/499 501/501
f 499/499 125/125 487/487
f 501/501 487/487 128/128
f 499/499 487/487 501/501
f 20/20 477/477 488/488
f 477/477 126/126 491/491
f 488/488 491/491 129/129
f 477/477 491/491 488/488
f 126/126 478/478 500/500
f 478/478 35/35 497/497
f 500/500 497/497 131/131
f 478/478 497/497 500/500
f 129/129 502/502 489/489
f 502/502 131/131 498/498
f 489/489 498/498 36/36
f 502/502 498/498 489/489
f 126/126 500/500 491/491
f 500/500 131/131 502/502
f 491/491 502/502 129/129
f 500/500 502/502 491/491
f 9/9 305/305 327/327
f 305/305 86/86 330/330
f 327/327 330/330 91/91
f 305/305 330/330 327/327
f 86/86 306/306 349/349
f 306/306 27/27 347/347
f 349/349 347/347 95/95
f 306/306 347/347 349/349
f 91/91 351/351 328/328
f 351/351 95/95 348/348
f 328/328 348/348 28/28
f 351/351 348/348 328/328
f 86/86 349/349 330/330
f 349/349 95/95 351/351
f 330/330 351/351 91/91
f 349/349 351/351 330/330
f 27/27 302/302 314/314
f 302/302 85/85 316/316
f 314/314 316/316 88/88
f 302/302 316/316 314/314
f 85/85 301/301 304/304
f 301/301 7/7 279/279
f 304/304 279/279 77/77
f 301/301 279/279 304/304
f 88/88 315/315 313/313
f 315/315 77/77 280/280
f 313/313 280/280 24/24
f 315/315 280/280 313/313
f 85/85 304/304 316/316
f 304/304 77/77 315/315
f 316/316 315/315 88/88
f 304/304 315/315 316/316
f 28/28 337/337 324/324
f 337/337 93/93 340/340
f 324/324 340/340 90/90
f 337/337 340/340 324/324
f 93/93 336/336 338/338
f 336/336 24/24 282/282
f 338/338 282/282 78/78
f 336/336 282/282 338/338
f 90/90 326/326 323/323
f 326/326 78/78 281/281
f 323/323 281/281 8/8
f 326/326 281/281 323/323
f 93/93 338/338 340/340
f 338/338 78/78 326/326
f 340/340 326/326 90/90
f 338/338 326/326 340/340
f 27/27 314/314 347/347
f 314/314 88/88 350/350
f 347/347 350/350 95/95
f 314/314 350/350 347/347
f 88/88 313/313 339/339
f 313/313 24/24 336/336
f 339/339 336/336 93/93
f 313/313 336/336 339/339
f 95/95 352/352 348/348
f 352/352 93/93 337/337
f 348/348 337/337 28/28
f 352/352 337/337 348/348
f 88/88 339/339 350/350
f 339/339 93/93 352/352
f 350/350 352/352 95/95
f 339/339 352/352 350/350
f 10/10 437/437 357/357
f 437/437 116/116 439/439
f 357/357 439/439 97/97
f 437/437 439/439 357/357
f 116/116 438/438 455/455
f 438/438 33/33 452/452
f 455/455 452/452 119/119
f 438/438 452/452 455/455
f 97/97 453/453 358/358
f 453/453 119/119 451/451
f 358/358 451/451 29/29
f 453/453 451/451 358/358
f 116/116 455/455 439/439
f 455/455 119/119 453/453
f 439/439 453/453 97/97
f 455/455 453/453 439/439
f 33/33 434/434 442/442
f 434/434 115/115 445/445
f 442/442 445/445 117/117
f 434/434 445/445 442/442
f 115/115 433/433 435/435
f 433/433 9/9 286/286
f 435/435 286/286 80/80
f 433/433 286/286 435/435
f 117/117 443/443 441/441
f 443/443 80/80 287/287
f 441/441 287/287 25/25
f 443/443 287/287 441/441
f 115/115 435/435 445/445
f 435/435 80/80 443/443
f 445/445 443/443 117/117
f 435/435 443/443 445/445
f 29/29 364/364 354/354
f 364/364 99/99 366/366
f 354/354 366/366 96/96
f 364/364 366/366 354/354
f 99/99 363/363 365/365
f 363/363 25/25 284/284
f 365/365 284/284 79/79
f 363/363 284/284 365/365
f 96/96 356/356 353/353
f 356/356 79/79 283/283
f 353/353 283/283 2/2
f 356/356 283/283 353/353
f 99/99 365/365 366/366
f 365/365 79/79 356/356
f 366/366 356/356 96/96
f 365/365 356/356 366/366
f 33/33 442/442 452/452
f 442/442 117/117 456/456
f 452/452 456/456 119/119
f 442/442 456/456 452/452
f 117/117 441/441 444/444
f 441/441 25/25 363/363
f 444/444 363/363 99/99
f 441/441 363/363 444/444
f 119/119 454/454 451/451
f 454/454 99/99 364/364
f 451/451 364/364 29/29
f 454/454 364/364 451/451
f 117/117 444/444 456/456
f 444/444 99/99 454/454
f 456/456 454/454 119/119
f 444/444 454/454 456/456
f 644/644 643/643 647/647
f 644/644 647/647 645/645
f 645/645 647/647 648/648
f 645/645 648/648 646/646
f 647/647 643/643 649/649
f 647/647 649/649 648/648
f 648/648 649/649 650/650
f 648/648 650/650 646/646
f 649/649 643/643 651/651
f 649/649 651/651 650/650
f 650/650 651/651 652/652
f 650/650 652/652 646/646
f 651/651 643/643 653/653
f 651/651 653/653 652/652
f 652/652 653/653 654/654
f 652/652 654/654 646/646
f 653/653 643/643 655/655
f 653/653 655/655 654/654
f 654/654 655/655 656/656
f 654/654 656/656 646/646
f 655/655 643/643 657/657
f 655/655 657/657 656/656
f 656/656 657/657 658/658
f 656/656 658/658 646/646
f 657/657 643/643 659/659
f 657/657 659/659 658/658
f 658/658 659/659 660/660
f 658/658 660/660 646/646
f 659/659 643/643 661/661
f 659/659 661/661 660/660
f 660/660 661/661 662/662
f 660/660 662/662 646/646
f 661/661 643/643 663/663
f 661/661 663/663 662/662
f 662/662 663/663 664/664
f 662/662 664/664 646/646
f 663/663 643/643 665/665
f 663/663 665/665 664/664
f 664/664 665/665 666/666
f 664/664 666/666 646/646
f 665/665 643/643 667/667
f 665/665 667/667 666/666
f 666/666 667/667 668/668
f 666/666 668/668 646/646
f 667/667 643/643 669/669
f 667/667 669/669 668/668
f 668/668 669/669 670/670
f 668/668 670/670 646/646
f 669/669 643/643 671/671
f 669/669 671/671 670/670
f 670/670 671/671 672/672
f 670/670 672/672 646/646
f 671/671 643/643 673/673
f 671/671 673/673 672/672
f 672/672 673/673 674/674
f 672/672 674/674 646/646
f 673/673 643/643 675/675
f 673/673 675/675 674/674
f 674/674 675/675 676/676
f 674/674 676/676 646/646
f 675/675 643/643 644/644
f 675/675 644/644 676/676
f 676/676 644/644 645/645
f 676/676 645/645 646/646
f 677/677 814/814 730/730
f 814/814 714/714 816/816
f 730/730 816/816 693/693
f 814/814 816/816 730/730
f 714/714 815/815 831/831
f 815/815 688/688 828/828
f 831/831 828/828 717/717
f 815/815 828/828 831/831
f 693/693 829/829 731/731
f 829/829 717/717 827/827
f 731/731 827/827 682/682
f 829/829 827/827 731/731
f 714/714 831/831 816/816
f 831/831 717/717 829/829
f 816/816 829/829 693/693
f 831/831 829/829 816/816
f 677/677 730/730 719/719
f 730/730 693/693 732/732
f 719/719 732/732 689/689
f 730/730 732/732 719/719
f 693/693 731/731 736/736
f 731/731 682/682 734/734
f 736/736 734/734 694/694
f 731/731 734/734 736/736
f 689/689 735/735 720/720
f 735/735 694/694 733/733
f 720/720 733/733 678/678
f 735/735 733/733 720/720
f 693/693 736/736 732/732
f 736/736 694/694 735/735
f 732/732 735/735 689/689
f 736/736 735/735 732/732
f 677/677 719/719 746/746
f 719/719 689/689 748/748
f 746/746 748/748 698/698
f 719/719 748/748 746/746
f 689/689 720/720 751/751
f 720/720 678/678 749/749
f 751/751 749/749 699/699
f 720/720 749/749 751/751
f 698/698 752/752 747/747
f 752/752 699/699 750/750
f 747/747 750/750 684/684
f 752/752 750/750 747/747
f 689/689 751/751 748/748
f 751/751 699/699 752/752
f 748/748 752/752 698/698
f 751/751 752/752 748/748
f 677/677 746/746 797/797
f 746/746 698/698 799/799
f 797/797 799/799 710/710
f 746/746 799/799 797/797
f 698/698 747/747 810/810
f 747/747 684/684 808/808
f 810/810 808/808 713/713
f 747/747 808/808 810/810
f 710/710 812/812 798/798
f 812/812 713/713 809/809
f 798/798 809/809 687/687
f 812/812 809/809 798/798
f 698/698 810/810 799/799
f 810/810 713/713 812/812
f 799/799 812/812 710/710
f 810/810 812/812 799/799
f 677/677 797/797 814/814
f 797/797 710/710 817/817
f 814/814 817/817 714/714
f 797/797 817/817 814/814
f 710/710 798/798 835/835
f 798/798 687/687 833/833
f 835/835 833/833 718/718
f 798/798 833/833 835/835
f 714/714 837/837 815/815
f 837/837 718/718 834/834
f 815/815 834/834 688/688
f 837/837 834/834 815/815
f 710/710 835/835 817/817
f 835/835 718/718 837/837
f 817/817 837/837 714/714
f 835/835 837/837 817/817
f 678/678 733/733 772/772
f 733/733 694/694 774/774
f 772/772 774/774 705/705
f 733/733 774/774 772/772
f 694/694 734/734 787/787
f 734/734 682/682 785/785
f 787/787 785/785 708/708
f 734/734 785/785 787/787
f 705/705 789/789 773/773
f 789/789 708/708 786/786
f 773/773 786/786 686/686
f 789/789 786/786 773/773
f 694/694 787/787 774/774
f 787/787 708/708 789/789
f 774/774 789/789 705/705
f 787/787 789/789 774/774
f 682/682 827/827 738/738
f 827/827 717/717 830/830
f 738/738 830/830 695/695
f 827/827 830/830 738/738
f 717/717 828/828 832/832
f 828/828 688/688 823/823
f 832/832 823/823 716/716
f 828/828 823/823 832/832
f 695/695 825/825 737/737
f 825/825 716/716 822/822
f 737/737 822/822 681/681
f 825/825 822/822 737/737
f 717/717 832/832 830/830
f 832/832 716/716 825/825
f 830/830 825/825 695/695
f 832/832 825/825 830/830
f 688/688 834/834 819/819
f 834/834 718/718 838/838
f 819/819 838/838 715/715
f 834/834 838/838 819/819
f 718/718 833/833 836/836
f 833/833 687/687 801/801
f 836/836 801/801 711/711
f 833/833 801/801 836/836
f 715/715 821/821 818/818
f 821/821 711/711 800/800
f 818/818 800/800 679/679
f 821/821 800/800 818/818
f 718/718 836/836 838/838
f 836/836 711/711 821/821
f 838/838 821/821 715/715
f 836/836 821/821 838/838
f 687/687 809/809 804/804
f 809/809 713/713 813/813
f 804/804 813/813 712/712
f 809/809 813/813 804/804
f 713/713 808/808 811/811
f 808/808 684/684 754/754
f 811/811 754/754 700/700
f 808/808 754/754 811/811
f 712/712 806/806 803/803
f 806/806 700/700 753/753
f 803/803 753/753 683/683
f 806/806 753/753 803/803
f 713/713 811/811 813/813
f 811/811 700/700 806/806
f 813/813 806/806 712/712
f 811/811 806/806 813/813
f 684/684 750/750 766/766
f 750/750 699/699 768/768
f 766/766 768/768 704/704
f 750/750 768/768 766/766
f 699/699 749/749 757/757
f 749/749 678/678 755/755
f 757/757 755/755 701/701
f 749/749 755/755 757/757
f 704/704 770/770 767/767
f 770/770 701/701 756/756
f 767/767 756/756 685/685
f 770/770 756/756 767/767
f 699/699 757/757 768/768
f 757/757 701/701 770/770
f 768/768 770/770 704/704
f 757/757 770/770 768/768
f 680/680 776/776 726/726
f 776/776 706/706 778/778
f 726/726 778/778 692/692
f 776/776 778/778 726/726
f 706/706 777/777 784/784
f 777/777 686/686 781/781
f 784/784 781/781 707/707
f 777/777 781/781 784/784
f 692/692 782/782 727/727
f 782/782 707/707 780/780
f 727/727 780/780 681/681
f 782/782 780/780 727/727
f 706/706 784/784 778/778
f 784/784 707/707 782/782
f 778/778 782/782 692/692
f 784/784 782/782 778/778
f 680/680 726/726 722/722
f 726/726 692/692 728/728
f 722/722 728/728 690/690
f 726/726 728/728 722/722
f 692/692 727/727 729/729
f 727/727 681/681 724/724
f 729/729 724/724 691/691
f 727/727 724/724 729/729
f 690/690 725/725 721/721
f 725/725 691/691 723/723
f 721/721 723/723 679/679
f 725/725 723/723 721/721
f 692/692 729/729 728/728
f 729/729 691/691 725/725
f 728/728 725/725 690/690
f 729/729 725/725 728/728
f 680/680 722/722 742/742
f 722/722 690/690 744/744
f 742/742 744/744 697/697
f 722/722 744/744 742/742
f 690/690 721/721 741/741
f 721/721 679/679 739/739
f 741/741 739/739 696/696
f 721/721 739/739 741/741
f 697/697 745/745 743/743
f 745/745 696/696 740/740
f 743/743 740/740 683/683
f 745/745 740/740 743/743
f 690/690 741/741 744/744
f 741/741 696/696 745/745
f 744/744 745/745 697/697
f 741/741 745/745 744/744
f 680/680 742/742 758/758
f 742/742 697/697 760/760
f 758/758 760/760 702/702
f 742/742 760/760 758/758
f 697/697 743/743 763/763
f 743/743 683/683 761/761
f 763/763 761/761 703/703
f 743/743 761/761 763/763
f 702/702 765/765 759/759
f 765/765 703/703 762/762
f 759/759 762/762 685/685
f 765/765 762/762 759/759
f 697/697 763/763 760/760
f 763/763 703/703 765/765
f 760/760 765/765 702/702
f 763/763 765/765 760/760
f 680/680 758/758 776/776
f 758/758 702/702 779/779
f 776/776 779/779 706/706
f 758/758 779/779 776/776
f 702/702 759/759 794/794
f 759/759 685/685 791/791
f 794/794 791/791 709/709
f 759/759 791/791 794/794
f 706/706 796/796 777/777
f 796/796 709/709 792/792
f 777/777 792/792 686/686
f 796/796 792/792 777/777
f 702/702 794/794 779/779
f 794/794 709/709 796/796
f 779/779 796/796 706/706
f 794/794 796/796 779/779
f 681/681 780/780 737/737
f 780/780 707/707 783/783
f 737/737 783/783 695/695
f 780/780 783/783 737/737
f 707/707 781/781 790/790
f 781/781 686/686 786/786
f 790/790 786/786 708/708
f 781/781 786/786 790/790
f 695/695 788/788 738/738
f 788/788 708/708 785/785
f 738/738 785/785 682/682
f 788/788 785/785 738/738
f 707/707 790/790 783/783
f 790/790 708/708 788/788
f 783/783 788/788 695/695
f 790/790 788/788 783/783
f 679/679 723/723 818/818
f 723/723 691/691 820/820
f 818/818 820/820 715/715
f 723/723 820/820 818/818
f 691/691 724/724 824/824
f 724/724 681/681 822/822
f 824/824 822/822 716/716
f 724/724 822/822 824/824
f 715/715 826/826 819/819
f 826/826 716/716 823/823
f 819/819 823/823 688/688
f 826/826 823/823 819/819
f 691/691 824/824 820/820
f 824/824 716/716 826/826
f 820/820 826/826 715/715
f 824/824 826/826 820/820
f 683/683 740/740 803/803
f 740/740 696/696 805/805
f 803/803 805/805 712/712
f 740/740 805/805 803/803
f 696/696 739/739 802/802
f 739/739 679/679 800/800
f 802/802 800/800 711/711
f 739/739 800/800 802/802
f 712/712 807/807 804/804
f 807/807 711/711 801/801
f 804/804 801/801 687/687
f 807/807 801/801 804/804
f 696/696 802/802 805/805
f 802/802 711/711 807/807
f 805/805 807/807 712/712
f 802/802 807/807 805/805
f 685/685 762/762 767/767
f 762/762 703/703 771/771
f 767/767 771/771 704/704
f 762/762 771/771 767/767
f 703/703 761/761 764/764
f 761/761 683/683 753/753
f 764/764 753/753 700/700
f 761/761 753/753 764/764
f 704/704 769/769 766/766
f 769/769 700/700 754/754
f 766/766 754/754 684/684
f 769/769 754/754 766/766
f 703/703 764/764 771/771
f 764/764 700/700 769/769
f 771/771 769/769 704/704
f 764/764 769/769 771/771
f 686/686 792/792 773/773
f 792/792 709/709 795/795
f 773/773 795/795 705/705
f 792/792 795/795 773/773
f 709/709 791/791 793/793
f 791/791 685/685 756/756
f 793/793 756/756 701/701
f 791/791 756/756 793/793
f 705/705 775/775 772/772
f 775/775 701/701 755/755
f 772/772 755/755 678/678
f 775/775 755/755 772/772
f 709/709 793/793 795/795
f 793/793 701/701 775/775
f 795/795 775/775 705/705
f 793/793 775/775 795/795
f 839/839 976/976 892/892
f 976/976 876/876 978/978
f 892/892 978/978 855/855
f 976/976 978/978 892/892
f 876/876 977/977 993/993
f 977/977 850/850 990/990
f 993/993 990/990 879/879
f 977/977 990/990 993/993
f 855/855 991/991 893/893
f 991/991 879/879 989/989
f 893/893 989/989 844/844
f 991/991 989/989 893/893
f 876/876 993/993 978/978
f 993/993 879/879 991/991
f 978/978 991/991 855/855
f 993/993 991/991 978/978
f 839/839 892/892 881/881
f 892/892 855/855 894/894
f 881/881 894/894 851/851
f 892/892 894/894 881/881
f 855/855 893/893 898/898
f 893/893 844/844 896/896
f 898/898 896/896 856/856
f 893/893 896/896 898/898
f 851/851 897/897 882/882
f 897/897 856/856 895/895
f 882/882 895/895 840/840
f 897/897 895/895 882/882
f 855/855 898/898 894/894
f 898/898 856/856 897/897
f 894/894 897/897 851/851
f 898/898 897/897 894/894
f 839/839 881/881 908/908
f 881/881 851/851 910/910
f 908/908 910/910 860/860
f 881/881 910/910 908/908
f 851/851 882/882 913/913
f 882/882 840/840 911/911
f 913/913 911/911 861/861
f 882/882 911/911 913/913
f 860/860 914/914 909/909
f 914/914 861/861 912/912
f 909/909 912/912 846/846
f 914/914 912/912 909/909
f 851/851 913/913 910/910
f 913/913 861/861 914/914
f 910/910 914/914 860/860
f 913/913 914/914 910/910
f 839/839 908/908 959/959
f 908/908 860/860 961/961
f 959/959 961/961 872/872
f 908/908 961/961 959/959
f 860/860 909/909 972/972
f 909/909 846/846 970/970
f 972/972 970/970 875/875
f 909/909 970/970 972/972
f 872/872 974/974 960/960
f 974/974 875/875 971/971
f 960/960 971/971 849/849
f 974/974 971/971 960/960
f 860/860 972/972 961/961
f 972/972 875/875 974/974
f 961/961 974/974 872/872
f 972/972 974/974 961/961
f 839/839 959/959 976/976
f 959/959 872/872 979/979
f 976/976 979/979 876/876
f 959/959 979/979 976/976
f 872/872 960/960 997/997
f 960/960 849/849 995/995
f 997/997 995/995 880/880
f 960/960 995/995 997/997
f 876/876 999/999 977/977
f 999/999 880/880 996/996
f 977/977 996/996 850/850
f 999/999 996/996 977/977
f 872/872 997/997 979/979
f 997/997 880/880 999/999
f 979/979 999/999 876/876
f 997/997 999/999 979/979
f 840/840 895/895 934/934
f 895/895 856/856 936/936
f 934/934 936/936 867/867
f 895/895 936/936 934/934
f 856/856 896/896 949/949
f 896/896 844/844 947/947
f 949/949 947/947 870/870
f 896/896 947/947 949/949
f 867/867 951/951 935/935
f 951/951 870/870 948/948
f 935/935 948/948 848/848
f 951/951 948/948 935/935
f 856/856 949/949 936/936
f 949/949 870/870 951/951
f 936/936 951/951 867/867
f 949/949 951/951 936/936
f 844/844 989/989 900/900
f 989/989 879/879 992/992
f 900/900 992/992 857/857
f 989/989 992/992 900/900
f 879/879 990/990 994/994
f 990/990 850/850 985/985
f 994/994 985/985 878/878
f 990/990 985/985 994/994
f 857/857 987/987 899/899
f 987/987 878/878 984/984
f 899/899 984/984 843/843
f 987/987 984/984 899/899
f 879/879 994/994 992/992
f 994/994 878/878 987/987
f 992/992 987/987 857/857
f 994/994 987/987 992/992
f 850/850 996/996 981/981
f 996/996 880/880 1000/1000
f 981/981 1000/1000 877/877
f 996/996 1000/1000 981/981
f 880/880 995/995 998/998
f 995/995 849/849 963/963
f 998/998 963/963 873/873
f 995/995 963/963 998/998
f 877/877 983/983 980/980
f 983/983 873/873 962/962
f 980/980 962/962 841/841
f 983/983 962/962 980/980
f 880/880 998/998 1000/1000
f 998/998 873/873 983/983
f 1000/1000 983/983 877/877
f 998/998 983/983 1000/1000
f 849/849 971/971 966/966
f 971/971 875/875 975/975
f 966/966 975/975 874/874
f 971/971 975/975 966/966
f 875/875 970/970 973/973
f 970/970 846/846 916/916
f 973/973 916/916 862/862
f 970/970 916/916 973/973
f 874/874 968/968 965/965
f 968/968 862/862 915/915
f 965/965 915/915 845/845
f 968/968 915/915 965/965
f 875/875 973/973 975/975
f 973/973 862/862 968/968
f 975/975 968/968 874/874
f 973/973 968/968 975/975
f 846/846 912/912 928/928
f 912/912 861/861 930/930
f 928/928 930/930 866/866
f 912/912 930/930 928/928
f 861/861 911/911 919/919
f 911/911 840/840 917/917
f 919/919 917/917 863/863
f 911/911 917/917 919/919
f 866/866 932/932 929/929
f 932/932 863/863 918/918
f 929/929 918/918 847/847
f 932/932 918/918 929/929
f 861/861 919/919 930/930
f 919/919 863/863 932/932
f 930/930 932/932 866/866
f 919/919 932/932 930/930
f 842/842 938/938 888/888
f 938/938 868/868 940/940
f 888/888 940/940 854/854
f 938/938 940/940 888/888
f 868/868 939/939 946/946
f 939/939 848/848 943/943
f 946/946 943/943 869/869
f 939/939 943/943 946/946
f 854/854 944/944 889/889
f 944/944 869/869 942/942
f 889/889 942/942 843/843
f 944/944 942/942 889/889
f 868/868 946/946 940/940
f 946/946 869/869 944/944
f 940/940 944/944 854/854
f 946/946 944/944 940/940
f 842/842 888/888 884/884
f 888/888 854/854 890/890
f 884/884 890/890 852/852
f 888/888 890/890 884/884
f 854/854 889/889 891/891
f 889/889 843/843 886/886
f 891/891 886/886 853/853
f 889/889 886/886 891/891
f 852/852 887/887 883/883
f 887/887 853/853 885/885
f 883/883 885/885 841/841
f 887/887 885/885 883/883
f 854/854 891/891 890/890
f 891/891 853/853 887/887
f 890/890 887/887 852/852
f 891/891 887/887 890/890
f 842/842 884/884 904/904
f 884/884 852/852 906/906
f 904/904 906/906 859/859
f 884/884 906/906 904/904
f 852/852 883/883 903/903
f 883/883 841/841 901/901
f 903/903 901/901 858/858
f 883/883 901/901 903/903
f 859/859 907/907 905/905
f 907/907 858/858 902/902
f 905/905 902/902 845/845
f 907/907 902/902 905/905
f 852/852 903/903 906/906
f 903/903 858/858 907/907
f 906/906 907/907 859/859
f 903/903 907/907 906/906
f 842/842 904/904 920/920
f 904/904 859/859 922/922
f 920/920 922/922 864/864
f 904/904 922/922 920/920
f 859/859 905/905 925/925
f 905/905 845/845 923/923
f 925/925 923/923 865/865
f 905/905 923/923 925/925
f 864/864 927/927 921/921
f 927/927 865/865 924/924
f 921/921 924/924 847/847
f 927/927 924/924 921/921
f 859/859 925/925 922/922
f 925/925 865/865 927/927
f 922/922 927/927 864/864
f 925/925 927/927 922/922
f 842/842 920/920 938/938
f 920/920 864/864 941/941
f 938/938 941/941 868/868
f 920/920 941/941 938/938
f 864/864 921/921 956/956
f 921/921 847/847 953/953
f 956/956 953/953 871/871
f 921/921 953/953 956/956
f 868/868 958/958 939/939
f 958/958 871/871 954/954
f 939/939 954/954 848/848
f 958/958 954/954 939/939
f 864/864 956/956 941/941
f 956/956 871/871 958/958
f 941/941 958/958 868/868
f 956/956 958/958 941/941
f 843/843 942/942 899/899
f 942/942 869/869 945/945
f 899/899 945/945 857/857
f 942/942 945/945 899/899
f 869/869 943/943 952/952
f 943/943 848/848 948/948
f 952/952 948/948 870/870
f 943/943 948/948 952/952
f 857/857 950/950 900/900
f 950/950 870/870 947/947
f 900/900 947/947 844/844
f 950/950 947/947 900/900
f 869/869 952/952 945/945
f 952/952 870/870 950/950
f 945/945 950/950 857/857
f 952/952 950/950 945/945
f 841/841 885/885 980/980
f 885/885 853/853 982/982
f 980/980 982/982 877/877
f 885/885 982/982 980/980
f 853/853 886/886 986/986
f 886/886 843/843 984/984
f 986/986 984/984 878/878
f 886/886 984/984 986/986
f 877/877 988/988 981/981
f 988/988 878/878 985/985
f 981/981 985/985 850/850
f 988/988 985/985 981/981
f 853/853 986/986 982/982
f 986/986 878/878 988/988
f 982/982 988/988 877/877
f 986/986 988/988 982/982
f 845/845 902/902 965/965
f 902/902 858/858 967/967
f 965/965 967/967 874/874
f 902/902 967/967 965/965
f 858/858 901/901 964/964
f 901/901 841/841 962/962
f 964/964 962/962 873/873
f 901/901 962/962 964/964
f 874/874 969/969 966/966
f 969/969 873/873 963/963
f 966/966 963/963 849/849
f 969/969 963/963 966/966
f 858/858 964/964 967/967
f 964/964 873/873 969/969
f 967/967 969/969 874/874
f 964/964 969/969 967/967
f 847/847 924/924 929/929
f 924/924 865/865 933/933
f 929/929 933/933 866/866
f 924/924 933/933 929/929
f 865/865 923/923 926/926
f 923/923 845/845 915/915
f 926/926 915/915 862/862
f 923/923 915/915 926/926
f 866/866 931/931 928/928
f 931/931 862/862 916/916
f 928/928 916/916 846/846
f 931/931 916/916 928/928
f 865/865 926/926 933/933
f 926/926 862/862 931/931
f 933/933 931/931 866/866
f 926/926 931/931 933/933
f 848/848 954/954 935/935
f 954/954 871/871 957/957
f 935/935 957/957 867/867
f 954/954 957/957 935/935
f 871/871 953/953 955/955
f 953/953 847/847 918/918
f 955/955 918/918 863/863
f 953/953 918/918 955/955
f 867/867 937/937 934/934
f 937/937 863/863 917/917
f 934/934 917/917 840/840
f 937/937 917/917 934/934
f 871/871 955/955 957/957
f 955/955 863/863 937/937
f 957/957 937/937 867/867
f 955/955 937/937 957/957
f 1001/1001 1138/1138 1054/1054
f 1138/1138 1038/1038 1140/1140
f 1054/1054 1140/1140 1017/1017
f 1138/1138 1140/1140 1054/1054
f 1038/1038 1139/1139 1155/1155
f 1139/1139 1012/1012 1152/1152
f 1155/1155 1152/1152 1041/1041
f 1139/1139 1152/1152 1155/1155
f 1017/1017 1153/1153 1055/1055
f 1153/1153 1041/1041 1151/1151
f 1055/1055 1151/1151 1006/1006
f 1153/1153 1151/1151 1055/1055
f 1038/1038 1155/1155 1140/1140
f 1155/1155 1041/1041 1153/1153
f 1140/1140 1153/1153 1017/1017
f 1155/1155 1153/1153 1140/1140
f 1001/1001 1054/1054 1043/1043
f 1054/1054 1017/1017 1056/1056
f 1043/1043 1056/1056 1013/1013
f 1054/1054 1056/1056 1043/1043
f 1017/1017 1055/1055 1060/1060
f 1055/1055 1006/1006 1058/1058
f 1060/1060 1058/1058 1018/1018
f 1055/1055 1058/1058 1060/1060
f 1013/1013 1059/1059 1044/1044
f 1059/1059 1018/1018 1057/1057
f 1044/1044 1057/1057 1002/1002
f 1059/1059 1057/1057 1044/1044
f 1017/1017 1060/1060 1056/1056
f 1060/1060 1018/1018 1059/1059
f 1056/1056 1059/1059 1013/1013
f 1060/1060 1059/1059 1056/1056
f 1001/1001 1043/1043 1070/1070
f 1043/1043 1013/1013 1072/1072
f 1070/1070 1072/1072 1022/1022
f 1043/1043 1072/1072 1070/1070
f 1013/1013 1044/1044 1075/1075
f 1044/1044 1002/1002 1073/1073
f 1075/1075 1073/1073 1023/1023
f 1044/1044 1073/1073 1075/1075
f 1022/1022 1076/1076 1071/1071
f 1076/1076 1023/1023 1074/1074
f 1071/1071 1074/1074 1008/1008
f 1076/1076 1074/1074 1071/1071
f 1013/1013 1075/1075 1072/1072
f 1075/1075 1023/1023 1076/1076
f 1072/1072 1076/1076 1022/1022
f 1075/1075 1076/1076 1072/1072
f 1001/1001 1070/1070 1121/1121
f 1070/1070 1022/1022 1123/1123
f 1121/1121 1123/1123 1034/1034
f 1070/1070 1123/1123 1121/1121
f 1022/1022 1071/1071 1134/1134
f 1071/1071 1008/1008 1132/1132
f 1134/1134 1132/1132 1037/1037
f 1071/1071 1132/1132 1134/1134
f 1034/1034 1136/1136 1122/1122
f 1136/1136 1037/1037 1133/1133
f 1122/1122 1133/1133 1011/1011
f 1136/1136 1133/1133 1122/1122
f 1022/1022 1134/1134 1123/1123
f 1134/1134 1037/1037 1136/1136
f 1123/1123 1136/1136 1034/1034
f 1134/1134 1136/1136 1123/1123
f 1001/1001 1121/1121 1138/1138
f 1121/1121 1034/1034 1141/1141
f 1138/1138 1141/1141 1038/1038
f 1121/1121 1141/1141 1138/1138
f 1034/1034 1122/1122 1159/1159
f 1122/1122 1011/1011 1157/1157
f 1159/1159 1157/1157 1042/1042
f 1122/1122 1157/1157 1159/1159
f 1038/1038 1161/1161 1139/1139
f 1161/1161 1042/1042 1158/1158
f 1139/1139 1158/1158 1012/1012
f 1161/1161 1158/1158 1139/1139
f 1034/1034 1159/1159 1141/1141
f 1159/1159 1042/1042 1161/1161
f 1141/1141 1161/1161 1038/1038
f 1159/1159 1161/1161 1141/1141
f 1002/1002 1057/1057 1096/1096
f 1057/1057 1018/1018 1098/1098
f 1096/1096 1098/1098 1029/1029
f 1057/1057 1098/1098 1096/1096
f 1018/1018 1058/1058 1111/1111
f 1058/1058 1006/1006 1109/1109
f 1111/1111 1109/1109 1032/1032
f 1058/1058 1109/1109 1111/1111
f 1029/1029 1113/1113 1097/1097
f 1113/1113 1032/1032 1110/1110
f 1097/1097 1110/1110 1010/1010
f 1113/1113 1110/1110 1097/1097
f 1018/1018 1111/1111 1098/1098
f 1111/1111 1032/1032 1113/1113
f 1098/1098 1113/1113 1029/1029
f 1111/1111 1113/1113 1098/1098
f 1006/1006 1151/1151 1062/1062
f 1151/1151 1041/1041 1154/1154
f 1062/1062 1154/1154 1019/1019
f 1151/1151 1154/1154 1062/1062
f 1041/1041 1152/1152 1156/1156
f 1152/1152 1012/1012 1147/1147
f 1156/1156 1147/1147 1040/1040
f 1152/1152 1147/1147 1156/1156
f 1019/1019 1149/1149 1061/1061
f 1149/1149 1040/1040 1146/1146
f 1061/1061 1146/1146 1005/1005
f 1149/1149 1146/1146 1061/1061
f 1041/1041 1156/1156 1154/1154
f 1156/1156 1040/1040 1149/1149
f 1154/1154 1149/1149 1019/1019
f 1156/1156 1149/1149 1154/1154
f 1012/1012 1158/1158 1143/1143
f 1158/1158 1042/1042 1162/1162
f 1143/1143 1162/1162 1039/1039
f 1158/1158 1162/1162 1143/1143
f 1042/1042 1157/1157 1160/1160
f 1157/1157 1011/1011 1125/1125
f 1160/1160 1125/1125 1035/1035
f 1157/1157 1125/1125 1160/1160
f 1039/1039 1145/1145 1142/1142
f 1145/1145 1035/1035 1124/1124
f 1142/1142 1124/1124 1003/1003
f 1145/1145 1124/1124 1142/1142
f 1042/1042 1160/1160 1162/1162
f 1160/1160 1035/1035 1145/1145
f 1162/1162 1145/1145 1039/1039
f 1160/1160 1145/1145 1162/1162
f 1011/1011 1133/1133 1128/1128
f 1133/1133 1037/1037 1137/1137
f 1128/1128 1137/1137 1036/1036
f 1133/1133 1137/1137 1128/1128
f 1037/1037 1132/1132 1135/1135
f 1132/1132 1008/1008 1078/1078
f 1135/1135 1078/1078 1024/1024
f 1132/1132 1078/1078 1135/1135
f 1036/1036 1130/1130 1127/1127
f 1130/1130 1024/1024 1077/1077
f 1127/1127 1077/1077 1007/1007
f 1130/1130 1077/1077 1127/1127
f 1037/1037 1135/1135 1137/1137
f 1135/1135 1024/1024 1130/1130
f 1137/1137 1130/1130 1036/1036
f 1135/1135 1130/1130 1137/1137
f 1008/1008 1074/1074 1090/1090
f 1074/1074 1023/1023 1092/1092
f 1090/1090 1092/1092 1028/1028
f 1074/1074 1092/1092 1090/1090
f 1023/1023 1073/1073 1081/1081
f 1073/1073 1002/1002 1079/1079
f 1081/1081 1079/1079 1025/1025
f 1073/1073 1079/1079 1081/1081
f 1028/1028 1094/1094 1091/1091
f 1094/1094 1025/1025 1080/1080
f 1091/1091 1080/1080 1009/1009
f 1094/1094 1080/1080 1091/1091
f 1023/1023 1081/1081 1092/1092
f 1081/1081 1025/1025 1094/1094
f 1092/1092 1094/1094 1028/1028
f 1081/1081 1094/1094 1092/1092
f 1004/1004 1100/1100 1050/1050
f 1100/1100 1030/1030 1102/1102
f 1050/1050 1102/1102 1016/1016
f 1100/1100 1102/1102 1050/1050
f 1030/1030 1101/1101 1108/1108
f 1101/1101 1010/1010 1105/1105
f 1108/1108 1105/1105 1031/1031
f 1101/1101 1105/1105 1108/1108
f 1016/1016 1106/1106 1051/1051
f 1106/1106 1031/1031 1104/1104
f 1051/1051 1104/1104 1005/1005
f 1106/1106 1104/1104 1051/1051
f 1030/1030 1108/1108 1102/1102
f 1108/1108 1031/1031 1106/1106
f 1102/1102 1106/1106 1016/1016
f 1108/1108 1106/1106 1102/1102
f 1004/1004 1050/1050 1046/1046
f 1050/1050 1016/1016 1052/1052
f 1046/1046 1052/1052 1014/1014
f 1050/1050 1052/1052 1046/1046
f 1016/1016 1051/1051 1053/1053
f 1051/1051 1005/1005 1048/1048
f 1053/1053 1048/1048 1015/1015
f 1051/1051 1048/1048 1053/1053
f 1014/1014 1049/1049 1045/1045
f 1049/1049 1015/1015 1047/1047
f 1045/1045 1047/1047 1003/1003
f 1049/1049 1047/1047 1045/1045
f 1016/1016 1053/1053 1052/1052
f 1053/1053 1015/1015 1049/1049
f 1052/1052 1049/1049 1014/1014
f 1053/1053 1049/1049 1052/1052
f 1004/1004 1046/1046 1066/1066
f 1046/1046 1014/1014 1068/1068
f 1066/1066 1068/1068 1021/1021
f 1046/1046 1068/1068 1066/1066
f 1014/1014 1045/1045 1065/1065
f 1045/1045 1003/1003 1063/1063
f 1065/1065 1063/1063 1020/1020
f 1045/1045 1063/1063 1065/1065
f 1021/1021 1069/1069 1067/1067
f 1069/1069 1020/1020 1064/1064
f 1067/1067 1064/1064 1007/1007
f 1069/1069 1064/1064 1067/1067
f 1014/1014 1065/1065 1068/1068
f 1065/1065 1020/1020 1069/1069
f 1068/1068 1069/1069 1021/1021
f 1065/1065 1069/1069 1068/1068
f 1004/1004 1066/1066 1082/1082
f 1066/1066 1021/1021 1084/1084
f 1082/1082 1084/1084 1026/1026
f 1066/1066 1084/1084 1082/1082
f 1021/1021 1067/1067 1087/1087
f 1067/1067 1007/1007 1085/1085
f 1087/1087 1085/1085 1027/1027
f 1067/1067 1085/1085 1087/1087
f 1026/1026 1089/1089 1083/1083
f 1089/1089 1027/1027 1086/1086
f 1083/1083 1086/1086 1009/1009
f 1089/1089 1086/1086 1083/1083
f 1021/1021 1087/1087 1084/1084
f 1087/1087 1027/1027 1089/1089
f 1084/1084 1089/1089 1026/1026
f 1087/1087 1089/1089 1084/1084
f 1004/1004 1082/1082 1100/1100
f 1082/1082 1026/1026 1103/1103
f 1100/1100 1103/1103 1030/1030
f 1082/1082 1103/1103 1100/1100
f 1026/1026 1083/1083 1118/1118
f 1083/1083 1009/1009 1115/1115
f 1118/1118 1115/1115 1033/1033
f 1083/1083 1115/1115 1118/1118
f 1030/1030 1120/1120 1101/1101
f 1120/1120 1033/1033 1116/1116
f 1101/1101 1116/1116 1010/1010
f 1120/1120 1116/1116 1101/1101
f 1026/1026 1118/1118 1103/1103
f 1118/1118 1033/1033 1120/1120
f 1103/1103 1120/1120 1030/1030
f 1118/1118 1120/1120 1103/1103
f 1005/1005 1104/1104 1061/1061
f 1104/1104 1031/1031 1107/1107
f 1061/1061 1107/1107 1019/1019
f 1104/1104 1107/1107 1061/1061
f 1031/1031 1105/1105 1114/1114
f 1105/1105 1010/1010 1110/1110
f 1114/1114 1110/1110 1032/1032
f 1105/1105 1110/1110 1114/1114
f 1019/1019 1112/1112 1062/1062
f 1112/1112 1032/1032 1109/1109
f 1062/1062 1109/1109 1006/1006
f 1112/1112 1109/1109 1062/1062
f 1031/1031 1114/1114 1107/1107
f 1114/1114 1032/1032 1112/1112
f 1107/1107 1112/1112 1019/1019
f 1114/1114 1112/1112 1107/1107
f 1003/1003 1047/1047 1142/1142
f 1047/1047 1015/1015 1144/1144
f 1142/1142 1144/1144 1039/1039
f 1047/1047 1144/1144 1142/1142
f 1015/1015 1048/1048 1148/1148
f 1048/1048 1005/1005 1146/1146
f 1148/1148 1146/1146 1040/1040
f 1048/1048 1146/1146 1148/1148
f 1039/1039 1150/1150 1143/1143
f 1150/1150 1040/1040 1147/1147
f 1143/1143 1147/1147 1012/1012
f 1150/1150 1147/1147 1143/1143
f 1015/1015 1148/1148 1144/1144
f 1148/1148 1040/1040 1150/1150
f 1144/1144 1150/1150 1039/1039
f 1148/1148 1150/1150 1144/1144
f 1007/1007 1064/1064 1127/1127
f 1064/1064 1020/1020 1129/1129
f 1127/1127 1129/1129 1036/1036
f 1064/1064 1129/1129 1127/1127
f 1020/1020 1063/1063 1126/1126
f 1063/1063 1003/1003 1124/1124
f 1126/1126 1124/1124 1035/1035
f 1063/1063 1124/1124 1126/1126
f 1036/1036 1131/1131 1128/1128
f 1131/1131 1035/1035 1125/1125
f 1128/1128 1125/1125 1011/1011
f 1131/1131 1125/1125 1128/1128
f 1020/1020 1126/1126 1129/1129
f 1126/1126 1035/1035 1131/1131
f 1129/1129 1131/1131 1036/1036
f 1126/1126 1131/1131 1129/1129
f 1009/1009 1086/1086 1091/1091
f 1086/1086 1027/1027 1095/1095
f 1091/1091 1095/1095 1028/1028
f 1086/1086 1095/1095 1091/1091
f 1027/1027 1085/1085 1088/1088
f 1085/1085 1007/1007 1077/1077
f 1088/1088 1077/1077 1024/1024
f 1085/1085 1077/1077 1088/1088
f 1028/1028 1093/1093 1090/1090
f 1093/1093 1024/1024 1078/1078
f 1090/1090 1078/1078 1008/1008
f 1093/1093 1078/1078 1090/1090
f 1027/1027 1088/1088 1095/1095
f 1088/1088 1024/1024 1093/1093
f 1095/1095 1093/1093 1028/1028
f 1088/1088 1093/1093 1095/1095
f 1010/1010 1116/1116 1097/1097
f 1116/1116 1033/1033 1119/1119
f 1097/1097 1119/1119 1029/1029
f 1116/1116 1119/1119 1097/1097
f 1033/1033 1115/1115 1117/1117
f 1115/1115 1009/1009 1080/1080
f 1117/1117 1080/1080 1025/1025
f 1115/1115 1080/1080 1117/1117
f 1029/1029 1099/1099 1096/1096
f 1099/1099 1025/1025 1079/1079
f 1096/1096 1079/1079 1002/1002
f 1099/1099 1079/1079 1096/1096
f 1033/1033 1117/1117 1119/1119
f 1117/1117 1025/1025 1099/1099
f 1119/1119 1099/1099 1029/1029
f 1117/1117 1099/1099 1119/1119
f 1163/1163 1300/1300 1216/1216
f 1300/1300 1200/1200 1302/1302
f 1216/1216 1302/1302 1179/1179
f 1300/1300 1302/1302 1216/1216
f 1200/1200 1301/1301 1317/1317
f 1301/1301 1174/1174 1314/1314
f 1317/1317 1314/1314 1203/1203
f 1301/1301 1314/1314 1317/1317
f 1179/1179 1315/1315 1217/1217
f 1315/1315 1203/1203 1313/1313
f 1217/1217 1313/1313 1168/1168
f 1315/1315 1313/1313 1217/1217
f 1200/1200 1317/1317 1302/1302
f 1317/1317 1203/1203 1315/1315
f 1302/1302 1315/1315 1179/1179
f 1317/1317 1315/1315 1302/1302
f 1163/1163 1216/1216 1205/1205
f 1216/1216 1179/1179 1218/1218
f 1205/1205 1218/1218 1175/1175
f 1216/1216 1218/1218 1205/1205
f 1179/1179 1217/1217 1222/1222
f 1217/1217 1168/1168 1220/1220
f 1222/1222 1220/1220 1180/1180
f 1217/1217 1220/1220 1222/1222
f 1175/1175 1221/1221 1206/1206
f 1221/1221 1180/1180 1219/1219
f 1206/1206 1219/1219 1164/1164
f 1221/1221 1219/1219 1206/1206
f 1179/1179 1222/1222 1218/1218
f 1222/1222 1180/1180 1221/1221
f 1218/1218 1221/1221 1175/1175
f 1222/1222 1221/1221 1218/1218
f 1163/1163 1205/1205 1232/1232
f 1205/1205 1175/1175 1234/1234
f 1232/1232 1234/1234 1184/1184
f 1205/1205 1234/1234 1232/1232
f 1175/1175 1206/1206 1237/1237
f 1206/1206 1164/1164 1235/1235
f 1237/1237 1235/1235 1185/1185
f 1206/1206 1235/1235 1237/1237
f 1184/1184 1238/1238 1233/1233
f 1238/1238 1185/1185 1236/1236
f 1233/1233 1236/1236 1170/1170
f 1238/1238 1236/1236 1233/1233
f 1175/1175 1237/1237 1234/1234
f 1237/1237 1185/1185 1238/1238
f 1234/1234 1238/1238 1184/1184
f 1237/1237 1238/1238 1234/1234
f 1163/1163 1232/1232 1283/1283
f 1232/1232 1184/1184 1285/1285
f 1283/1283 1285/1285 1196/1196
f 1232/1232 1285/1285 1283/1283
f 1184/1184 1233/1233 1296/1296
f 1233/1233 1170/1170 1294/1294
f 1296/1296 1294/1294 1199/1199
f 1233/1233 1294/1294 1296/1296
f 1196/1196 1298/1298 1284/1284
f 1298/1298 1199/1199 1295/1295
f 1284/1284 1295/1295 1173/1173
f 1298/1298 1295/1295 1284/1284
f 1184/1184 1296/1296 1285/1285
f 1296/1296 1199/1199 1298/1298
f 1285/1285 1298/1298 1196/1196
f 1296/1296 1298/1298 1285/1285
f 1163/1163 1283/1283 1300/1300
f 1283/1283 1196/1196 1303/1303
f 1300/1300 1303/1303 1200/1200
f 1283/1283 1303/1303 1300/1300
f 1196/1196 1284/1284 1321/1321
f 1284/1284 1173/1173 1319/1319
f 1321/1321 1319/1319 1204/1204
f 1284/1284 1319/1319 1321/1321
f 1200/1200 1323/1323 1301/1301
f 1323/1323 1204/1204 1320/1320
f 1301/1301 1320/1320 1174/1174
f 1323/1323 1320/1320 1301/1301
f 1196/1196 1321/1321 1303/1303
f 1321/1321 1204/1204 1323/1323
f 1303/1303 1323/1323 1200/1200
f 1321/1321 1323/1323 1303/1303
f 1164/1164 1219/1219 1258/1258
f 1219/1219 1180/1180 1260/1260
f 1258/1258 1260/1260 1191/1191
f 1219/1219 1260/1260 1258/1258
f 1180/1180 1220/1220 1273/1273
f 1220/1220 1168/1168 1271/1271
f 1273/1273 1271/1271 1194/1194
f 1220/1220 1271/1271 1273/1273
f 1191/1191 1275/1275 1259/1259
f 1275/1275 1194/1194 1272/1272
f 1259/1259 1272/1272 1172/1172
f 1275/1275 1272/1272 1259/1259
f 1180/1180 1273/1273 1260/1260
f 1273/1273 1194/1194 1275/1275
f 1260/1260 1275/1275 1191/1191
f 1273/1273 1275/1275 1260/1260
f 1168/1168 1313/1313 1224/1224
f 1313/1313 1203/1203 1316/1316
f 1224/1224 1316/1316 1181/1181
f 1313/1313 1316/1316 1224/1224
f 1203/1203 1314/1314 1318/1318
f 1314/1314 1174/1174 1309/1309
f 1318/1318 1309/1309 1202/1202
f 1314/1314 1309/1309 1318/1318
f 1181/1181 1311/1311 1223/1223
f 1311/1311 1202/1202 1308/1308
f 1223/1223 1308/1308 1167/1167
f 1311/1311 1308/1308 1223/1223
f 1203/1203 1318/1318 1316/1316
f 1318/1318 1202/1202 1311/1311
f 1316/1316 1311/1311 1181/1181
f 1318/1318 1311/1311 1316/1316
f 1174/1174 1320/1320 1305/1305
f 1320/1320 1204/1204 1324/1324
f 1305/1305 1324/1324 1201/1201
f 1320/1320 1324/1324 1305/1305
f 1204/1204 1319/1319 1322/1322
f 1319/1319 1173/1173 1287/1287
f 1322/1322 1287/1287 1197/1197
f 1319/1319 1287/1287 1322/1322
f 1201/1201 1307/1307 1304/1304
f 1307/1307 1197/1197 1286/1286
f 1304/1304 1286/1286 1165/1165
f 1307/1307 1286/1286 1304/1304
f 1204/1204 1322/1322 1324/1324
f 1322/1322 1197/1197 1307/1307
f 1324/1324 1307/1307 1201/1201
f 1322/1322 1307/1307 1324/1324
f 1173/1173 1295/1295 1290/1290
f 1295/1295 1199/1199 1299/1299
f 1290/1290 1299/1299 1198/1198
f 1295/1295 1299/1299 1290/1290
f 1199/1199 1294/1294 1297/1297
f 1294/1294 1170/1170 1240/1240
f 1297/1297 1240/1240 1186/1186
f 1294/1294 1240/1240 1297/1297
f 1198/1198 1292/1292 1289/1289
f 1292/1292 1186/1186 1239/1239
f 1289/1289 1239/1239 1169/1169
f 1292/1292 1239/1239 1289/1289
f 1199/1199 1297/1297 1299/1299
f 1297/1297 1186/1186 1292/1292
f 1299/1299 1292/1292 1198/1198
f 1297/1297 1292/1292 1299/1299
f 1170/1170 1236/1236 1252/1252
f 1236/1236 1185/1185 1254/1254
f 1252/1252 1254/1254 1190/1190
f 1236/1236 1254/1254 1252/1252
f 1185/1185 1235/1235 1243/1243
f 1235/1235 1164/1164 1241/1241
f 1243/1243 1241/1241 1187/1187
f 1235/1235 1241/1241 1243/1243
f 1190/1190 1256/1256 1253/1253
f 1256/1256 1187/1187 1242/1242
f 1253/1253 1242/1242 1171/1171
f 1256/1256 1242/1242 1253/1253
f 1185/1185 1243/1243 1254/1254
f 1243/1243 1187/1187 1256/1256
f 1254/1254 1256/1256 1190/1190
f 1243/1243 1256/1256 1254/1254
f 1166/1166 1262/1262 1212/1212
f 1262/1262 1192/1192 1264/1264
f 1212/1212 1264/1264 1178/1178
f 1262/1262 1264/1264 1212/1212
f 1192/1192 1263/1263 1270/1270
f 1263/1263 1172/1172 1267/1267
f 1270/1270 1267/1267 1193/1193
f 1263/1263 1267/1267 1270/1270
f 1178/1178 1268/1268 1213/1213
f 1268/1268 1193/1193 1266/1266
f 1213/1213 1266/1266 1167/1167
f 1268/1268 1266/1266 1213/1213
f 1192/1192 1270/1270 1264/1264
f 1270/1270 1193/1193 1268/1268
f 1264/1264 1268/1268 1178/1178
f 1270/1270 1268/1268 1264/1264
f 1166/1166 1212/1212 1208/1208
f 1212/1212 1178/1178 1214/1214
f 1208/1208 1214/1214 1176/1176
f 1212/1212 1214/1214 1208/1208
f 1178/1178 1213/1213 1215/1215
f 1213/1213 1167/1167 1210/1210
f 1215/1215 1210/1210 1177/1177
f 1213/1213 1210/1210 1215/1215
f 1176/1176 1211/1211 1207/1207
f 1211/1211 1177/1177 1209/1209
f 1207/1207 1209/1209 1165/1165
f 1211/1211 1209/1209 1207/1207
f 1178/1178 1215/1215 1214/1214
f 1215/1215 1177/1177 1211/1211
f 1214/1214 1211/1211 1176/1176
f 1215/1215 1211/1211 1214/1214
f 1166/1166 1208/1208 1228/1228
f 1208/1208 1176/1176 1230/1230
f 1228/1228 1230/1230 1183/1183
f 1208/1208 1230/1230 1228/1228
f 1176/1176 1207/1207 1227/1227
f 1207/1207 1165/1165 1225/1225
f 1227/1227 1225/1225 1182/1182
f 1207/1207 1225/1225 1227/1227
f 1183/1183 1231/1231 1229/1229
f 1231/1231 1182/1182 1226/1226
f 1229/1229 1226/1226 1169/1169
f 1231/1231 1226/1226 1229/1229
f 1176/1176 1227/1227 1230/1230
f 1227/1227 1182/1182 1231/1231
f 1230/1230 1231/1231 1183/1183
f 1227/1227 1231/1231 1230/1230
f 1166/1166 1228/1228 1244/1244
f 1228/1228 1183/1183 1246/1246
f 1244/1244 1246/1246 1188/1188
f 1228/1228 1246/1246 1244/1244
f 1183/1183 1229/1229 1249/1249
f 1229/1229 1169/1169 1247/1247
f 1249/1249 1247/1247 1189/1189
f 1229/1229 1247/1247 1249/1249
f 1188/1188 1251/1251 1245/1245
f 1251/1251 1189/1189 1248/1248
f 1245/1245 1248/1248 1171/1171
f 1251/1251 1248/1248 1245/1245
f 1183/1183 1249/1249 1246/1246
f 1249/1249 1189/1189 1251/1251
f 1246/1246 1251/1251 1188/1188
f 1249/1249 1251/1251 1246/1246
f 1166/1166 1244/1244 1262/1262
f 1244/1244 1188/1188 1265/1265
f 1262/1262 1265/1265 1192/1192
f 1244/1244 1265/1265 1262/1262
f 1188/1188 1245/1245 1280/1280
f 1245/1245 1171/1171 1277/1277
f 1280/1280 1277/1277 1195/1195
f 1245/1245 1277/1277 1280/1280
f 1192/1192 1282/1282 1263/1263
f 1282/1282 1195/1195 1278/1278
f 1263/1263 1278/1278 1172/1172
f 1282/1282 1278/1278 1263/1263
f 1188/1188 1280/1280 1265/1265
f 1280/1280 1195/1195 1282/1282
f 1265/1265 1282/1282 1192/1192
f 1280/1280 1282/1282 1265/1265
f 1167/1167 1266/1266 1223/1223
f 1266/1266 1193/1193 1269/1269
f 1223/1223 1269/1269 1181/1181
f 1266/1266 1269/1269 1223/1223
f 1193/1193 1267/1267 1276/1276
f 1267/1267 1172/1172 1272/1272
f 1276/1276 1272/1272 1194/1194
f 1267/1267 1272/1272 1276/1276
f 1181/1181 1274/1274 1224/1224
f 1274/1274 1194/1194 1271/1271
f 1224/1224 1271/1271 1168/1168
f 1274/1274 1271/1271 1224/1224
f 1193/1193 1276/1276 1269/1269
f 1276/1276 1194/1194 1274/1274
f 1269/1269 1274/1274 1181/1181
f 1276/1276 1274/1274 1269/1269
f 1165/1165 1209/1209 1304/1304
f 1209/1209 1177/1177 1306/1306
f 1304/1304 1306/1306 1201/1201
f 1209/1209 1306/1306 1304/1304
f 1177/1177 1210/1210 1310/1310
f 1210/1210 1167/1167 1308/1308
f 1310/1310 1308/1308 1202/1202
f 1210/1210 1308/1308 1310/1310
f 1201/1201 1312/1312 1305/1305
f 1312/1312 1202/1202 1309/1309
f 1305/1305 1309/1309 1174/1174
f 1312/1312 1309/1309 1305/1305
f 1177/1177 1310/1310 1306/1306
f 1310/1310 1202/1202 1312/1312
f 1306/1306 1312/1312 1201/1201
f 1310/1310 1312/1312 1306/1306
f 1169/1169 1226/1226 1289/1289
f 1226/1226 1182/1182 1291/1291
f 1289/1289 1291/1291 1198/1198
f 1226/1226 1291/1291 1289/1289
f 1182/1182 1225/1225 1288/1288
f 1225/1225 1165/1165 1286/1286
f 1288/1288 1286/1286 1197/1197
f 1225/1225 1286/1286 1288/1288
f 1198/1198 1293/1293 1290/1290
f 1293/1293 1197/1197 1287/1287
f 1290/1290 1287/1287 1173/1173
f 1293/1293 1287/1287 1290/1290
f 1182/1182 1288/1288 1291/1291
f 1288/1288 1197/1197 1293/1293
f 1291/1291 1293/1293 1198/1198
f 1288/1288 1293/1293 1291/1291
f 1171/1171 1248/1248 1253/1253
f 1248/1248 1189/1189 1257/1257
f 1253/1253 1257/1257 1190/1190
f 1248/1248 1257/1257 1253/1253
f 1189/1189 1247/1247 1250/1250
f 1247/1247 1169/1169 1239/1239
f 1250/1250 1239/1239 1186/1186
f 1247/1247 1239/1239 1250/1250
f 1190/1190 1255/1255 1252/1252
f 1255/1255 1186/1186 1240/1240
f 1252/1252 1240/1240 1170/1170
f 1255/1255 1240/1240 1252/1252
f 1189/1189 1250/1250 1257/1257
f 1250/1250 1186/1186 1255/1255
f 1257/1257 1255/1255 1190/1190
f 1250/1250 1255/1255 1257/1257
f 1172/1172 1278/1278 1259/1259
f 1278/1278 1195/1195 1281/1281
f 1259/1259 1281/1281 1191/1191
f 1278/1278 1281/1281 1259/1259
f 1195/1195 1277/1277 1279/1279
f 1277/1277 1171/1171 1242/1242
f 1279/1279 1242/1242 1187/1187
f 1277/1277 1242/1242 1279/1279
f 1191/1191 1261/1261 1258/1258
f 1261/1261 1187/1187 1241/1241
f 1258/1258 1241/1241 1164/1164
f 1261/1261 1241/1241 1258/1258
f 1195/1195 1279/1279 1281/1281
f 1279/1279 1187/1187 1261/1261
f 1281/1281 1261/1261 1191/1191
f 1279/1279 1261/1261 1281/1281
f 1325/1325 1462/1462 1378/1378
f 1462/1462 1362/1362 1464/1464
f 1378/1378 1464/1464 1341/1341
f 1462/1462 1464/1464 1378/1378
f 1362/1362 1463/1463 1479/1479
f 1463/1463 1336/1336 1476/1476
f 1479/1479 1476/1476 1365/1365
f 1463/1463 1476/1476 1479/1479
f 1341/1341 1477/1477 1379/1379
f 1477/1477 1365/1365 1475/1475
f 1379/1379 1475/1475 1330/1330
f 1477/1477 1475/1475 1379/1379
f 1362/1362 1479/1479 1464/1464
f 1479/1479 1365/1365 1477/1477
f 1464/1464 1477/1477 1341/1341
f 1479/1479 1477/1477 1464/1464
f 1325/1325 1378/1378 1367/1367
f 1378/1378 1341/1341 1380/1380
f 1367/1367 1380/1380 1337/1337
f 1378/1378 1380/1380 1367/1367
f 1341/1341 1379/1379 1384/1384
f 1379/1379 1330/1330 1382/1382
f 1384/1384 1382/1382 1342/1342
f 1379/1379 1382/1382 1384/1384
f 1337/1337 1383/1383 1368/1368
f 1383/1383 1342/1342 1381/1381
f 1368/1368 1381/1381 1326/1326
f 1383/1383 1381/1381 1368/1368
f 1341/1341 1384/1384 1380/1380
f 1384/1384 1342/1342 1383/1383
f 1380/1380 1383/1383 1337/1337
f 1384/1384 1383/1383 1380/1380
f 1325/1325 1367/1367 1394/1394
f 1367/1367 1337/1337 1396/1396
f 1394/1394 1396/1396 1346/1346
f 1367/1367 1396/1396 1394/1394
f 1337/1337 1368/1368 1399/1399
f 1368/1368 1326/1326 1397/1397
f 1399/1399 1397/1397 1347/1347
f 1368/1368 1397/1397 1399/1399
f 1346/1346 1400/1400 1395/1395
f 1400/1400 1347/1347 1398/1398
f 1395/1395 1398/1398 1332/1332
f 1400/1400 1398/1398 1395/1395
f 1337/1337 1399/1399 1396/1396
f 1399/1399 1347/1347 1400/1400
f 1396/1396 1400/1400 1346/1346
f 1399/1399 1400/1400 1396/1396
f 1325/1325 1394/1394 1445/1445
f 1394/1394 1346/1346 1447/1447
f 1445/1445 1447/1447 1358/1358
f 1394/1394 1447/1447 1445/1445
f 1346/1346 1395/1395 1458/1458
f 1395/1395 1332/1332 1456/1456
f 1458/1458 1456/1456 1361/1361
f 1395/1395 1456/1456 1458/1458
f 1358/1358 1460/1460 1446/1446
f 1460/1460 1361/1361 1457/1457
f 1446/1446 1457/1457 1335/1335
f 1460/1460 1457/1457 1446/1446
f 1346/1346 1458/1458 1447/1447
f 1458/1458 1361/1361 1460/1460
f 1447/1447 1460/1460 1358/1358
f 1458/1458 1460/1460 1447/1447
f 1325/1325 1445/1445 1462/1462
f 1445/1445 1358/1358 1465/1465
f 1462/1462 1465/1465 1362/1362
f 1445/1445 1465/1465 1462/1462
f 1358/1358 1446/1446 1483/1483
f 1446/1446 1335/1335 1481/1481
f 1483/1483 1481/1481 1366/1366
f 1446/1446 1481/1481 1483/1483
f 1362/1362 1485/1485 1463/1463
f 1485/1485 1366/1366 1482/1482
f 1463/1463 1482/1482 1336/1336
f 1485/1485 1482/1482 1463/1463
f 1358/1358 1483/1483 1465/1465
f 1483/1483 1366/1366 1485/1485
f 1465/1465 1485/1485 1362/1362
f 1483/1483 1485/1485 1465/1465
f 1326/1326 1381/1381 1420/1420
f 1381/1381 1342/1342 1422/1422
f 1420/1420 1422/1422 1353/1353
f 1381/1381 1422/1422 1420/1420
f 1342/1342 1382/1382 1435/1435
f 1382/1382 1330/1330 1433/1433
f 1435/1435 1433/1433 1356/1356
f 1382/1382 1433/1433 1435/1435
f 1353/1353 1437/1437 1421/1421
f 1437/1437 1356/1356 1434/1434
f 1421/1421 1434/1434 1334/1334
f 1437/1437 1434/1434 1421/1421
f 1342/1342 1435/1435 1422/1422
f 1435/1435 1356/1356 1437/1437
f 1422/1422 1437/1437 1353/1353
f 1435/1435 1437/1437 1422/1422
f 1330/1330 1475/1475 1386/1386
f 1475/1475 1365/1365 1478/1478
f 1386/1386 1478/1478 1343/1343
f 1475/1475 1478/1478 1386/1386
f 1365/1365 1476/1476 1480/1480
f 1476/1476 1336/1336 1471/1471
f 1480/1480 1471/1471 1364/1364
f 1476/1476 1471/1471 1480/1480
f 1343/1343 1473/1473 1385/1385
f 1473/1473 1364/1364 1470/1470
f 1385/1385 1470/1470 1329/1329
f 1473/1473 1470/1470 1385/1385
f 1365/1365 1480/1480 1478/1478
f 1480/1480 1364/1364 1473/1473
f 1478/1478 1473/1473 1343/1343
f 1480/1480 1473/1473 1478/1478
f 1336/1336 1482/1482 1467/1467
f 1482/1482 1366/1366 1486/1486
f 1467/1467 1486/1486 1363/1363
f 1482/1482 1486/1486 1467/1467
f 1366/1366 1481/1481 1484/1484
f 1481/1481 1335/1335 1449/1449
f 1484/1484 1449/1449 1359/1359
f 1481/1481 1449/1449 1484/1484
f 1363/1363 1469/1469 1466/1466
f 1469/1469 1359/1359 1448/1448
f 1466/1466 1448/1448 1327/1327
f 1469/1469 1448/1448 1466/1466
f 1366/1366 1484/1484 1486/1486
f 1484/1484 1359/1359 1469/1469
f 1486/1486 1469/1469 1363/1363
f 1484/1484 1469/1469 1486/1486
f 1335/1335 1457/1457 1452/1452
f 1457/1457 1361/1361 1461/1461
f 1452/1452 1461/1461 1360/1360
f 1457/1457 1461/1461 1452/1452
f 1361/1361 1456/1456 1459/1459
f 1456/1456 1332/1332 1402/1402
f 1459/1459 1402/1402 1348/1348
f 1456/1456 1402/1402 1459/1459
f 1360/1360 1454/1454 1451/1451
f 1454/1454 1348/1348 1401/1401
f 1451/1451 1401/1401 1331/1331
f 1454/1454 1401/1401 1451/1451
f 1361/1361 1459/1459 1461/1461
f 1459/1459 1348/1348 1454/1454
f 1461/1461 1454/1454 1360/1360
f 1459/1459 1454/1454 1461/1461
f 1332/1332 1398/1398 1414/1414
f 1398/1398 1347/1347 1416/1416
f 1414/1414 1416/1416 1352/1352
f 1398/1398 1416/1416 1414/1414
f 1347/1347 1397/1397 1405/1405
f 1397/1397 1326/1326 1403/1403
f 1405/1405 1403/1403 1349/1349
f 1397/1397 1403/1403 1405/1405
f 1352/1352 1418/1418 1415/1415
f 1418/1418 1349/1349 1404/1404
f 1415/1415 1404/1404 1333/1333
f 1418/1418 1404/1404 1415/1415
f 1347/1347 1405/1405 1416/1416
f 1405/1405 1349/1349 1418/1418
f 1416/1416 1418/1418 1352/1352
f 1405/1405 1418/1418 1416/1416
f 1328/1328 1424/1424 1374/1374
f 1424/1424 1354/1354 1426/1426
f 1374/1374 1426/1426 1340/1340
f 1424/1424 1426/1426 1374/1374
f 1354/1354 1425/1425 1432/1432
f 1425/1425 1334/1334 1429/1429
f 1432/1432 1429/1429 1355/1355
f 1425/1425 1429/1429 1432/1432
f 1340/1340 1430/1430 1375/1375
f 1430/1430 1355/1355 1428/1428
f 1375/1375 1428/1428 1329/1329
f 1430/1430 1428/1428 1375/1375
f 1354/1354 1432/1432 1426/1426
f 1432/1432 1355/1355 1430/1430
f 1426/1426 1430/1430 1340/1340
f 1432/1432 1430/1430 1426/1426
f 1328/1328 1374/1374 1370/1370
f 1374/1374 1340/1340 1376/1376
f 1370/1370 1376/1376 1338/1338
f 1374/1374 1376/1376 1370/1370
f 1340/1340 1375/1375 1377/1377
f 1375/1375 1329/1329 1372/1372
f 1377/1377 1372/1372 1339/1339
f 1375/1375 1372/1372 1377/1377
f 1338/1338 1373/1373 1369/1369
f 1373/1373 1339/1339 1371/1371
f 1369/1369 1371/1371 1327/1327
f 1373/1373 1371/1371 1369/1369
f 1340/1340 1377/1377 1376/1376
f 1377/1377 1339/1339 1373/1373
f 1376/1376 1373/1373 1338/1338
f 1377/1377 1373/1373 1376/1376
f 1328/1328 1370/1370 1390/1390
f 1370/1370 1338/1338 1392/1392
f 1390/1390 1392/1392 1345/1345
f 1370/1370 1392/1392 1390/1390
f 1338/1338 1369/1369 1389/1389
f 1369/1369 1327/1327 1387/1387
f 1389/1389 1387/1387 1344/1344
f 1369/1369 1387/1387 1389/1389
f 1345/1345 1393/1393 1391/1391
f 1393/1393 1344/1344 1388/1388
f 1391/1391 1388/1388 1331/1331
f 1393/1393 1388/1388 1391/1391
f 1338/1338 1389/1389 1392/1392
f 1389/1389 1344/1344 1393/1393
f 1392/1392 1393/1393 1345/1345
f 1389/1389 1393/1393 1392/1392
f 1328/1328 1390/1390 1406/1406
f 1390/1390 1345/1345 1408/1408
f 1406/1406 1408/1408 1350/1350
f 1390/1390 1408/1408 1406/1406
f 1345/1345 1391/1391 1411/1411
f 1391/1391 1331/1331 1409/1409
f 1411/1411 1409/1409 1351/1351
f 1391/1391 1409/1409 1411/1411
f 1350/1350 1413/1413 1407/1407
f 1413/1413 1351/1351 1410/1410
f 1407/1407 1410/1410 1333/1333
f 1413/1413 1410/1410 1407/1407
f 1345/1345 1411/1411 1408/1408
f 1411/1411 1351/1351 1413/1413
f 1408/1408 1413/1413 1350/1350
f 1411/1411 1413/1413 1408/1408
f 1328/1328 1406/1406 1424/1424
f 1406/1406 1350/1350 1427/1427
f 1424/1424 1427/1427 1354/1354
f 1406/1406 1427/1427 1424/1424
f 1350/1350 1407/1407 1442/1442
f 1407/1407 1333/1333 1439/1439
f 1442/1442 1439/1439 1357/1357
f 1407/1407 1439/1439 1442/1442
f 1354/1354 1444/1444 1425/1425
f 1444/1444 1357/1357 1440/1440
f 1425/1425 1440/1440 1334/1334
f 1444/1444 1440/1440 1425/1425
f 1350/1350 1442/1442 1427/1427
f 1442/1442 1357/1357 1444/1444
f 1427/1427 1444/1444 1354/1354
f 1442/1442 1444/1444 1427/1427
f 1329/1329 1428/1428 1385/1385
f 1428/1428 1355/1355 1431/1431
f 1385/1385 1431/1431 1343/1343
f 1428/1428 1431/1431 1385/1385
f 1355/1355 1429/1429 1438/1438
f 1429/1429 1334/1334 1434/1434
f 1438/1438 1434/1434 1356/1356
f 1429/1429 1434/1434 1438/1438
f 1343/1343 1436/1436 1386/1386
f 1436/1436 1356/1356 1433/1433
f 1386/1386 1433/1433 1330/1330
f 1436/1436 1433/1433 1386/1386
f 1355/1355 1438/1438 1431/1431
f 1438/1438 1356/1356 1436/1436
f 1431/1431 1436/1436 1343/1343
f 1438/1438 1436/1436 1431/1431
f 1327/1327 1371/1371 1466/1466
f 1371/1371 1339/1339 1468/1468
f 1466/1466 1468/1468 1363/1363
f 1371/1371 1468/1468 1466/1466
f 1339/1339 1372/1372 1472/1472
f 1372/1372 1329/1329 1470/1470
f 1472/1472 1470/1470 1364/1364
f 1372/1372 1470/1470 1472/1472
f 1363/1363 1474/1474 1467/1467
f 1474/1474 1364/1364 1471/1471
f 1467/1467 1471/1471 1336/1336
f 1474/1474 1471/1471 1467/1467
f 1339/1339 1472/1472 1468/1468
f 1472/1472 1364/1364 1474/1474
f 1468/1468 1474/1474 1363/1363
f 1472/1472 1474/1474 1468/1468
f 1331/1331 1388/1388 1451/1451
f 1388/1388 1344/1344 1453/1453
f 1451/1451 1453/1453 1360/1360
f 1388/1388 1453/1453 1451/1451
f 1344/1344 1387/1387 1450/1450
f 1387/1387 1327/1327 1448/1448
f 1450/1450 1448/1448 1359/1359
f 1387/1387 1448/1448 1450/1450
f 1360/1360 1455/1455 1452/1452
f 1455/1455 1359/1359 1449/1449
f 1452/1452 1449/1449 1335/1335
f 1455/1455 1449/1449 1452/1452
f 1344/1344 1450/1450 1453/1453
f 1450/1450 1359/1359 1455/1455
f 1453/1453 1455/1455 1360/1360
f 1450/1450 1455/1455 1453/1453
f 1333/1333 1410/1410 1415/1415
f 1410/1410 1351/1351 1419/1419
f 1415/1415 1419/1419 1352/1352
f 1410/1410 1419/1419 1415/1415
f 1351/1351 1409/1409 1412/1412
f 1409/1409 1331/1331 1401/1401
f 1412/1412 1401/1401 1348/1348
f 1409/1409 1401/1401 1412/1412
f 1352/1352 1417/1417 1414/1414
f 1417/1417 1348/1348 1402/1402
f 1414/1414 1402/1402 1332/1332
f 1417/1417 1402/1402 1414/1414
f 1351/1351 1412/1412 1419/1419
f 1412/1412 1348/1348 1417/1417
f 1419/1419 1417/1417 1352/1352
f 1412/1412 1417/1417 1419/1419
f 1334/1334 1440/1440 1421/1421
f 1440/1440 1357/1357 1443/1443
f 1421/1421 1443/1443 1353/1353
f 1440/1440 1443/1443 1421/1421
f 1357/1357 1439/1439 1441/1441
f 1439/1439 1333/1333 1404/1404
f 1441/1441 1404/1404 1349/1349
f 1439/1439 1404/1404 1441/1441
f 1353/1353 1423/1423 1420/1420
f 1423/1423 1349/1349 1403/1403
f 1420/1420 1403/1403 1326/1326
f 1423/1423 1403/1403 1420/1420
f 1357/1357 1441/1441 1443/1443
f 1441/1441 1349/1349 1423/1423
f 1443/1443 1423/1423 1353/1353
f 1441/1441 1423/1423 1443/1443
f 1487/1487 1624/1624 1540/1540
f 1624/1624 1524/1524 1626/1626
f 1540/1540 1626/1626 1503/1503
f 1624/1624 1626/1626 1540/1540
f 1524/1524 1625/1625 1641/1641
f 1625/1625 1498/1498 1638/1638
f 1641/1641 1638/1638 1527/1527
f 1625/1625 1638/1638 1641/1641
f 1503/1503 1639/1639 1541/1541
f 1639/1639 1527/1527 1637/1637
f 1541/1541 1637/1637 1492/1492
f 1639/1639 1637/1637 1541/1541
f 1524/1524 1641/1641 1626/1626
f 1641/1641 1527/1527 1639/1639
f 1626/1626 1639/1639 1503/1503
f 1641/1641 1639/1639 1626/1626
f 1487/1487 1540/1540 1529/1529
f 1540/1540 1503/1503 1542/1542
f 1529/1529 1542/1542 1499/1499
f 1540/1540 1542/1542 1529/1529
f 1503/1503 1541/1541 1546/1546
f 1541/1541 1492/1492 1544/1544
f 1546/1546 1544/1544 1504/1504
f 1541/1541 1544/1544 1546/1546
f 1499/1499 1545/1545 1530/1530
f 1545/1545 1504/1504 1543/1543
f 1530/1530 1543/1543 1488/1488
f 1545/1545 1543/1543 1530/1530
f 1503/1503 1546/1546 1542/1542
f 1546/1546 1504/1504 1545/1545
f 1542/1542 1545/1545 1499/1499
f 1546/1546 1545/1545 1542/1542
f 1487/1487 1529/1529 1556/1556
f 1529/1529 1499/1499 1558/1558
f 1556/1556 1558/1558 1508/1508
f 1529/1529 1558/1558 1556/1556
f 1499/1499 1530/1530 1561/1561
f 1530/1530 1488/1488 1559/1559
f 1561/1561 1559/1559 1509/1509
f 1530/1530 1559/1559 1561/1561
f 1508/1508 1562/1562 1557/1557
f 1562/1562 1509/1509 1560/1560
f 1557/1557 1560/1560 1494/1494
f 1562/1562 1560/1560 1557/1557
f 1499/1499 1561/1561 1558/1558
f 1561/1561 1509/1509 1562/1562
f 1558/1558 1562/1562 1508/1508
f 1561/1561 1562/1562 1558/1558
f 1487/1487 1556/1556 1607/1607
f 1556/1556 1508/1508 1609/1609
f 1607/1607 1609/1609 1520/1520
f 1556/1556 1609/1609 1607/1607
f 1508/1508 1557/1557 1620/1620
f 1557/1557 1494/1494 1618/1618
f 1620/1620 1618/1618 1523/1523
f 1557/1557 1618/1618 1620/1620
f 1520/1520 1622/1622 1608/1608
f 1622/1622 1523/1523 1619/1619
f 1608/1608 1619/1619 1497/1497
f 1622/1622 1619/1619 1608/1608
f 1508/1508 1620/1620 1609/1609
f 1620/1620 1523/1523 1622/1622
f 1609/1609 1622/1622 1520/1520
f 1620/1620 1622/1622 1609/1609
f 1487/1487 1607/1607 1624/1624
f 1607/1607 1520/1520 1627/1627
f 1624/1624 1627/1627 1524/1524
f 1607/1607 1627/1627 1624/1624
f 1520/1520 1608/1608 1645/1645
f 1608/1608 1497/1497 1643/1643
f 1645/1645 1643/1643 1528/1528
f 1608/1608 1643/1643 1645/1645
f 1524/1524 1647/1647 1625/1625
f 1647/1647 1528/1528 1644/1644
f 1625/1625 1644/1644 1498/1498
f 1647/1647 1644/1644 1625/1625
f 1520/1520 1645/1645 1627/1627
f 1645/1645 1528/1528 1647/1647
f 1627/1627 1647/1647 1524/1524
f 1645/1645 1647/1647 1627/1627
f 1488/1488 1543/1543 1582/1582
f 1543/1543 1504/1504 1584/1584
f 1582/1582 1584/1584 1515/1515
f 1543/1543 1584/1584 1582/1582
f 1504/1504 1544/1544 1597/1597
f 1544/1544 1492/1492 1595/1595
f 1597/1597 1595/1595 1518/1518
f 1544/1544 1595/1595 1597/1597
f 1515/1515 1599/1599 1583/1583
f 1599/1599 1518/1518 1596/1596
f 1583/1583 1596/1596 1496/1496
f 1599/1599 1596/1596 1583/1583
f 1504/1504 1597/1597 1584/1584
f 1597/1597 1518/1518 1599/1599
f 1584/1584 1599/1599 1515/1515
f 1597/1597 1599/1599 1584/1584
f 1492/1492 1637/1637 1548/1548
f 1637/1637 1527/1527 1640/1640
f 1548/1548 1640/1640 1505/1505
f 1637/1637 1640/1640 1548/1548
f 1527/1527 1638/1638 1642/1642
f 1638/1638 1498/1498 1633/1633
f 1642/1642 1633/1633 1526/1526
f 1638/1638 1633/1633 1642/1642
f 1505/1505 1635/1635 1547/1547
f 1635/1635 1526/1526 1632/1632
f 1547/1547 1632/1632 1491/1491
f 1635/1635 1632/1632 1547/1547
f 1527/1527 1642/1642 1640/1640
f 1642/1642 1526/1526 1635/1635
f 1640/1640 1635/1635 1505/1505
f 1642/1642 1635/1635 1640/1640
f 1498/1498 1644/1644 1629/1629
f 1644/1644 1528/1528 1648/1648
f 1629/1629 1648/1648 1525/1525
f 1644/1644 1648/1648 1629/1629
f 1528/1528 1643/1643 1646/1646
f 1643/1643 1497/1497 1611/1611
f 1646/1646 1611/1611 1521/1521
f 1643/1643 1611/1611 1646/1646
f 1525/1525 1631/1631 1628/1628
f 1631/1631 1521/1521 1610/1610
f 1628/1628 1610/1610 1489/1489
f 1631/1631 1610/1610 1628/1628
f 1528/1528 1646/1646 1648/1648
f 1646/1646 1521/1521 1631/1631
f 1648/1648 1631/1631 1525/1525
f 1646/1646 1631/1631 1648/1648
f 1497/1497 1619/1619 1614/1614
f 1619/1619 1523/1523 1623/1623
f 1614/1614 1623/1623 1522/1522
f 1619/1619 1623/1623 1614/1614
f 1523/1523 1618/1618 1621/1621
f 1618/1618 1494/1494 1564/1564
f 1621/1621 1564/1564 1510/1510
f 1618/1618 1564/1564 1621/1621
f 1522/1522 1616/1616 1613/1613
f 1616/1616 1510/1510 1563/1563
f 1613/1613 1563/1563 1493/1493
f 1616/1616 1563/1563 1613/1613
f 1523/1523 1621/1621 1623/1623
f 1621/1621 1510/1510 1616/1616
f 1623/1623 1616/1616 1522/1522
f 1621/1621 1616/1616 1623/1623
f 1494/1494 1560/1560 1576/1576
f 1560/1560 1509/1509 1578/1578
f 1576/1576 1578/1578 1514/1514
f 1560/1560 1578/1578 1576/1576
f 1509/1509 1559/1559 1567/1567
f 1559/1559 1488/1488 1565/1565
f 1567/1567 1565/1565 1511/1511
f 1559/1559 1565/1565 1567/1567
f 1514/1514 1580/1580 1577/1577
f 1580/1580 1511/1511 1566/1566
f 1577/1577 1566/1566 1495/1495
f 1580/1580 1566/1566 1577/1577
f 1509/1509 1567/1567 1578/1578
f 1567/1567 1511/1511 1580/1580
f 1578/1578 1580/1580 1514/1514
f 1567/1567 1580/1580 1578/1578
f 1490/1490 1586/1586 1536/1536
f 1586/1586 1516/1516 1588/1588
f 1536/1536 1588/1588 1502/1502
f 1586/1586 1588/1588 1536/1536
f 1516/1516 1587/1587 1594/1594
f 1587/1587 1496/1496 1591/1591
f 1594/1594 1591/1591 1517/1517
f 1587/1587 1591/1591 1594/1594
f 1502/1502 1592/1592 1537/1537
f 1592/1592 1517/1517 1590/1590
f 1537/1537 1590/1590 1491/1491
f 1592/1592 1590/1590 1537/1537
f 1516/1516 1594/1594 1588/1588
f 1594/1594 1517/1517 1592/1592
f 1588/1588 1592/1592 1502/1502
f 1594/1594 1592/1592 1588/1588
f 1490/1490 1536/1536 1532/1532
f 1536/1536 1502/1502 1538/1538
f 1532/1532 1538/1538 1500/1500
f 1536/1536 1538/1538 1532/1532
f 1502/1502 1537/1537 1539/1539
f 1537/1537 1491/1491 1534/1534
f 1539/1539 1534/1534 1501/1501
f 1537/1537 1534/1534 1539/1539
f 1500/1500 1535/1535 1531/1531
f 1535/1535 1501/1501 1533/1533
f 1531/1531 1533/1533 1489/1489
f 1535/1535 1533/1533 1531/1531
f 1502/1502 1539/1539 1538/1538
f 1539/1539 1501/1501 1535/1535
f 1538/1538 1535/1535 1500/1500
f 1539/1539 1535/1535 1538/1538
f 1490/1490 1532/1532 1552/1552
f 1532/1532 1500/1500 1554/1554
f 1552/1552 1554/1554 1507/1507
f 1532/1532 1554/1554 1552/1552
f 1500/1500 1531/1531 1551/1551
f 1531/1531 1489/1489 1549/1549
f 1551/1551 1549/1549 1506/1506
f 1531/1531 1549/1549 1551/1551
f 1507/1507 1555/1555 1553/1553
f 1555/1555 1506/1506 1550/1550
f 1553/1553 1550/1550 1493/1493
f 1555/1555 1550/1550 1553/1553
f 1500/1500 1551/1551 1554/1554
f 1551/1551 1506/1506 1555/1555
f 1554/1554 1555/1555 1507/1507
f 1551/1551 1555/1555 1554/1554
f 1490/1490 1552/1552 1568/1568
f 1552/1552 1507/1507 1570/1570
f 1568/1568 1570/1570 1512/1512
f 1552/1552 1570/1570 1568/1568
f 1507/1507 1553/1553 1573/1573
f 1553/1553 1493/1493 1571/1571
f 1573/1573 1571/1571 1513/1513
f 1553/1553 1571/1571 1573/1573
f 1512/1512 1575/1575 1569/1569
f 1575/1575 1513/1513 1572/1572
f 1569/1569 1572/1572 1495/1495
f 1575/1575 1572/1572 1569/1569
f 1507/1507 1573/1573 1570/1570
f 1573/1573 1513/1513 1575/1575
f 1570/1570 1575/1575 1512/1512
f 1573/1573 1575/1575 1570/1570
f 1490/1490 1568/1568 1586/1586
f 1568/1568 1512/1512 1589/1589
f 1586/1586 1589/1589 1516/1516
f 1568/1568 1589/1589 1586/1586
f 1512/1512 1569/1569 1604/1604
f 1569/1569 1495/1495 1601/1601
f 1604/1604 1601/1601 1519/1519
f 1569/1569 1601/1601 1604/1604
f 1516/1516 1606/1606 1587/1587
f 1606/1606 1519/1519 1602/1602
f 1587/1587 1602/1602 1496/1496
f 1606/1606 1602/1602 1587/1587
f 1512/1512 1604/1604 1589/1589
f 1604/1604 1519/1519 1606/1606
f 1589/1589 1606/1606 1516/1516
f 1604/1604 1606/1606 1589/1589
f 1491/1491 1590/1590 1547/1547
f 1590/1590 1517/1517 1593/1593
f 1547/1547 1593/1593 1505/1505
f 1590/1590 1593/1593 1547/1547
f 1517/1517 1591/1591 1600/1600
f 1591/1591 1496/1496 1596/1596
f 1600/1600 1596/1596 1518/1518
f 1591/1591 1596/1596 1600/1600
f 1505/1505 1598/1598 1548/1548
f 1598/1598 1518/1518 1595/1595
f 1548/1548 1595/1595 1492/1492
f 1598/1598 1595/1595 1548/1548
f 1517/1517 1600/1600 1593/1593
f 1600/1600 1518/1518 1598/1598
f 1593/1593 1598/1598 1505/1505
f 1600/1600 1598/1598 1593/1593
f 1489/1489 1533/1533 1628/1628
f 1533/1533 1501/1501 1630/1630
f 1628/1628 1630/1630 1525/1525
f 1533/1533 1630/1630 1628/1628
f 1501/1501 1534/1534 1634/1634
f 1534/1534 1491/1491 1632/1632
f 1634/1634 1632/1632 1526/1526
f 1534/1534 1632/1632 1634/1634
f 1525/1525 1636/1636 1629/1629
f 1636/1636 1526/1526 1633/1633
f 1629/1629 1633/1633 1498/1498
f 1636/1636 1633/1633 1629/1629
f 1501/1501 1634/1634 1630/1630
f 1634/1634 1526/1526 1636/1636
f 1630/1630 1636/1636 1525/1525
f 1634/1634 1636/1636 1630/1630
f 1493/1493 1550/1550 1613/1613
f 1550/1550 1506/1506 1615/1615
f 1613/1613 1615/1615 1522/1522
f 1550/1550 1615/1615 1613/1613
f 1506/1506 1549/1549 1612/1612
f 1549/1549 1489/1489 1610/1610
f 1612/1612 1610/1610 1521/1521
f 1549/1549 1610/1610 1612/1612
f 1522/1522 1617/1617 1614/1614
f 1617/1617 1521/1521 1611/1611
f 1614/1614 1611/1611 1497/1497
f 1617/1617 1611/1611 1614/1614
f 1506/1506 1612/1612 1615/1615
f 1612/1612 1521/1521 1617/1617
f 1615/1615 1617/1617 1522/1522
f 1612/1612 1617/1617 1615/1615
f 1495/1495 1572/1572 1577/1577
f 1572/1572 1513/1513 1581/1581
f 1577/1577 1581/1581 1514/1514
f 1572/1572 1581/1581 1577/1577
f 1513/1513 1571/1571 1574/1574
f 1571/1571 1493/1493 1563/1563
f 1574/1574 1563/1563 1510/1510
f 1571/1571 1563/1563 1574/1574
f 1514/1514 1579/1579 1576/1576
f 1579/1579 1510/1510 1564/1564
f 1576/1576 1564/1564 1494/1494
f 1579/1579 1564/1564 1576/1576
f 1513/1513 1574/1574 1581/1581
f 1574/1574 1510/1510 1579/1579
f 1581/1581 1579/1579 1514/1514
f 1574/1574 1579/1579 1581/1581
f 1496/1496 1602/1602 1583/1583
f 1602/1602 1519/1519 1605/1605
f 1583/1583 1605/1605 1515/1515
f 1602/1602 1605/1605 1583/1583
f 1519/1519 1601/1601 1603/1603
f 1601/1601 1495/1495 1566/1566
f 1603/1603 1566/1566 1511/1511
f 1601/1601 1566/1566 1603/1603
f 1515/1515 1585/1585 1582/1582
f 1585/1585 1511/1511 1565/1565
f 1582/1582 1565/1565 1488/1488
f 1585/1585 1565/1565 1582/1582
f 1519/1519 1603/1603 1605/1605
f 1603/1603 1511/1511 1585/1585
f 1605/1605 1585/1585 1515/1515
f 1603/1603 1585/1585 1605/1605
f 1650/1650 1649/1649 1659/1659
f 1650/1650 1659/1659 1651/1651
f 1651/1651 1659/1659 1660/1660
f 1651/1651 1660/1660 1652/1652
f 1652/1652 1660/1660 1661/1661
f 1652/1652 1661/1661 1653/1653
f 1653/1653 1661/1661 1662/1662
f 1653/1653 1662/1662 1654/1654
f 1654/1654 1662/1662 1663/1663
f 1654/1654 1663/1663 1655/1655
f 1655/1655 1663/1663 1664/1664
f 1655/1655 1664/1664 1656/1656
f 1656/1656 1664/1664 1665/1665
f 1656/1656 1665/1665 1657/1657
f 1657/1657 1665/1665 1666/1666
f 1657/1657 1666/1666 1658/1658
f 1659/1659 1649/1649 1667/1667
f 1659/1659 1667/1667 1660/1660
f 1660/1660 1667/1667 1668/1668
f 1660/1660 1668/1668 1661/1661
f 1661/1661 1668/1668 1669/1669
f 1661/1661 1669/1669 1662/1662
f 1662/1662 1669/1669 1670/1670
f 1662/1662 1670/1670 1663/1663
f 1663/1663 1670/1670 1671/1671
f 1663/1663 1671/1671 1664/1664
f 1664/1664 1671/1671 1672/1672
f 1664/1664 1672/1672 1665/1665
f 1665/1665 1672/1672 1673/1673
f 1665/1665 1673/1673 1666/1666
f 1666/1666 1673/1673 1674/1674
f 1666/1666 1674/1674 1658/1658
f 1667/1667 1649/1649 1675/1675
f 1667/1667 1675/1675 1668/1668
f 1668/1668 1675/1675 1676/1676
f 1668/1668 1676/1676 1669/1669
f 1669/1669 1676/1676 1677/1677
f 1669/1669 1677/1677 1670/1670
f 1670/1670 1677/1677 1678/1678
f 1670/1670 1678/1678 1671/1671
f 1671/1671 1678/1678 1679/1679
f 1671/1671 1679/1679 1672/1672
f 1672/1672 1679/1679 1680/1680
f 1672/1672 1680/1680 1673/1673
f 1673/1673 1680/1680 1681/1681
f 1673/1673 1681/1681 1674/1674
f 1674/1674 1681/1681 1682/1682
f 1674/1674 1682/1682 1658/1658
f 1675/1675 1649/1649 1683/1683
f 1675/1675 1683/1683 1676/1676
f 1676/1676 1683/1683 1684/1684
f 1676/1676 1684/1684 1677/1677
f 1677/1677 1684/1684 1685/1685
f 1677/1677 1685/1685 1678/1678
f 1678/1678 1685/1685 1686/1686
f 1678/1678 1686/1686 1679/1679
f 1679/1679 1686/1686 1687/1687
f 1679/1679 1687/1687 1680/1680
f 1680/1680 1687/1687 1688/1688
f 1680/1680 1688/1688 1681/1681
f 1681/1681 1688/1688 1689/1689
f 1681/1681 1689/1689 1682/1682
f 1682/1682 1689/1689 1690/1690
f 1682/1682 1690/1690 1658/1658
f 1683/1683 1649/1649 1691/1691
f 1683/1683 1691/1691 1684/1684
f 1684/1684 1691/1691 1692/1692
f 1684/1684 1692/1692 1685/1685
f 1685/1685 1692/1692 1693/1693
f 1685/1685 1693/1693 1686/1686
f 1686/1686 1693/1693 1694/1694
f 1686/1686 1694/1694 1687/1687
f 1687/1687 1694/1694 1695/1695
f 1687/1687 1695/1695 1688/1688
f 1688/1688 1695/1695 1696/1696
f 1688/1688 1696/1696 1689/1689
f 1689/1689 1696/1696 1697/1697
f 1689/1689 1697/1697 1690/1690
f 1690/1690 1697/1697 1698/1698
f 1690/1690 1698/1698 1658/1658
f 1691/1691 1649/1649 1699/1699
f 1691/1691 1699/1699 1692/1692
f 1692/1692 1699/1699 1700/1700
f 1692/1692 1700/1700 1693/1693
f 1693/1693 1700/1700 1701/1701
f 1693/1693 1701/1701 1694/1694
f 1694/1694 1701/1701 1702/1702
f 1694/1694 1702/1702 1695/1695
f 1695/1695 1702/1702 1703/1703
f 1695/1695 1703/1703 1696/1696
f 1696/1696 1703/1703 1704/1704
f 1696/1696 1704/1704 1697/1697
f 1697/1697 1704/1704 1705/1705
f 1697/1697 1705/1705 1698/1698
f 1698/1698 1705/1705 1706/1706
f 1698/1698 1706/1706 1658/1658
f 1699/1699 1649/1649 1707/1707
f 1699/1699 1707/1707 1700/1700
f 1700/1700 1707/1707 1708/1708
f 1700/1700 1708/1708 1701/1701
f 1701/1701 1708/1708 1709/1709
f 1701/1701 1709/1709 1702/1702
f 1702/1702 1709/1709 1710/1710
f 1702/1702 1710/1710 1703/1703
f 1703/1703 1710/1710 1711/1711
f 1703/1703 1711/1711 1704/1704
f 1704/1704 1711/1711 1712/1712
f 1704/1704 1712/1712 1705/1705
f 1705/1705 1712/1712 1713/1713
f 1705/1705 1713/1713 1706/1706
f 1706/1706 1713/1713 1714/1714
f 1706/1706 1714/1714 1658/1658
f 1707/1707 1649/1649 1650/1650
f 1707/1707 1650/1650 1708/1708
f 1708/1708 1650/1650 1651/1651
f 1708/1708 1651/1651 1709/1709
f 1709/1709 1651/1651 1652/1652
f 1709/1709 1652/1652 1710/1710
f 1710/1710 1652/1652 1653/1653
f 1710/1710 1653/1653 1711/1711
f 1711/1711 1653/1653 1654/1654
f 1711/1711 1654/1654 1712/1712
f 1712/1712 1654/1654 1655/1655
f 1712/1712 1655/1655 1713/1713
f 1713/1713 1655/1655 1656/1656
f 1713/1713 1656/1656 1714/1714
f 1714/1714 1656/1656 1657/1657
f 1714/1714 1657/1657 1658/1658
f 1715/1715 2247/2247 1911/1911
f 2247/2247 1852/1852 2249/2249
f 1911/1911 2249/2249 1768/1768
f 2247/2247 2249/2249 1911/1911
f 1852/1852 2248/2248 2256/2256
f 2248/2248 1752/1752 2254/2254
f 2256/2256 2254/2254 1854/1854
f 2248/2248 2254/2254 2256/2256
f 1768/1768 2255/2255 1912/1912
f 2255/2255 1854/1854 2253/2253
f 1912/1912 2253/2253 1731/1731
f 2255/2255 2253/2253 1912/1912
f 1852/1852 2256/2256 2249/2249
f 2256/2256 1854/1854 2255/2255
f 2249/2249 2255/2255 1768/1768
f 2256/2256 2255/2255 2249/2249
f 1752/1752 2252/2252 2315/2315
f 2252/2252 1853/1853 2317/2317
f 2315/2315 2317/2317 1869/1869
f 2252/2252 2317/2317 2315/2315
f 1853/1853 2251/2251 2303/2303
f 2251/2251 1726/1726 2301/2301
f 2303/2303 2301/2301 1866/1866
f 2251/2251 2301/2301 2303/2303
f 1869/1869 2319/2319 2316/2316
f 2319/2319 1866/1866 2302/2302
f 2316/2316 2302/2302 1755/1755
f 2319/2319 2302/2302 2316/2316
f 1853/1853 2303/2303 2317/2317
f 2303/2303 1866/1866 2319/2319
f 2317/2317 2319/2319 1869/1869
f 2303/2303 2319/2319 2317/2317
f 1731/1731 2305/2305 1915/1915
f 2305/2305 1867/1867 2307/2307
f 1915/1915 2307/2307 1769/1769
f 2305/2305 2307/2307 1915/1915
f 1867/1867 2306/2306 2309/2309
f 2306/2306 1755/1755 2298/2298
f 2309/2309 2298/2298 1865/1865
f 2306/2306 2298/2298 2309/2309
f 1769/1769 2299/2299 1914/1914
f 2299/2299 1865/1865 2297/2297
f 1914/1914 2297/2297 1720/1720
f 2299/2299 2297/2297 1914/1914
f 1867/1867 2309/2309 2307/2307
f 2309/2309 1865/1865 2299/2299
f 2307/2307 2299/2299 1769/1769
f 2309/2309 2299/2299 2307/2307
f 1752/1752 2315/2315 2254/2254
f 2315/2315 1869/1869 2318/2318
f 2254/2254 2318/2318 1854/1854
f 2315/2315 2318/2318 2254/2254
f 1869/1869 2316/2316 2320/2320
f 2316/2316 1755/1755 2306/2306
f 2320/2320 2306/2306 1867/1867
f 2316/2316 2306/2306 2320/2320
f 1854/1854 2308/2308 2253/2253
f 2308/2308 1867/1867 2305/2305
f 2253/2253 2305/2305 1731/1731
f 2308/2308 2305/2305 2253/2253
f 1869/1869 2320/2320 2318/2318
f 2320/2320 1867/1867 2308/2308
f 2318/2318 2308/2308 1854/1854
f 2320/2320 2308/2308 2318/2318
f 1715/1715 1911/1911 1877/1877
f 1911/1911 1768/1768 1913/1913
f 1877/1877 1913/1913 1757/1757
f 1911/1911 1913/1913 1877/1877
f 1768/1768 1912/1912 1919/1919
f 1912/1912 1731/1731 1917/1917
f 1919/1919 1917/1917 1770/1770
f 1912/1912 1917/1917 1919/1919
f 1757/1757 1918/1918 1878/1878
f 1918/1918 1770/1770 1916/1916
f 1878/1878 1916/1916 1727/1727
f 1918/1918 1916/1916 1878/1878
f 1768/1768 1919/1919 1913/1913
f 1919/1919 1770/1770 1918/1918
f 1913/1913 1918/1918 1757/1757
f 1919/1919 1918/1918 1913/1913
f 1731/1731 1915/1915 1931/1931
f 1915/1915 1769/1769 1933/1933
f 1931/1931 1933/1933 1774/1774
f 1915/1915 1933/1933 1931/1931
f 1769/1769 1914/1914 1925/1925
f 1914/1914 1720/1720 1923/1923
f 1925/1925 1923/1923 1772/1772
f 1914/1914 1923/1923 1925/1925
f 1774/1774 1935/1935 1932/1932
f 1935/1935 1772/1772 1924/1924
f 1932/1932 1924/1924 1732/1732
f 1935/1935 1924/1924 1932/1932
f 1769/1769 1925/1925 1933/1933
f 1925/1925 1772/1772 1935/1935
f 1933/1933 1935/1935 1774/1774
f 1925/1925 1935/1935 1933/1933
f 1727/1727 1926/1926 1880/1880
f 1926/1926 1773/1773 1928/1928
f 1880/1880 1928/1928 1758/1758
f 1926/1926 1928/1928 1880/1880
f 1773/1773 1927/1927 1930/1930
f 1927/1927 1732/1732 1921/1921
f 1930/1930 1921/1921 1771/1771
f 1927/1927 1921/1921 1930/1930
f 1758/1758 1922/1922 1879/1879
f 1922/1922 1771/1771 1920/1920
f 1879/1879 1920/1920 1716/1716
f 1922/1922 1920/1920 1879/1879
f 1773/1773 1930/1930 1928/1928
f 1930/1930 1771/1771 1922/1922
f 1928/1928 1922/1922 1758/1758
f 1930/1930 1922/1922 1928/1928
f 1731/1731 1931/1931 1917/1917
f 1931/1931 1774/1774 1934/1934
f 1917/1917 1934/1934 1770/1770
f 1931/1931 1934/1934 1917/1917
f 1774/1774 1932/1932 1936/1936
f 1932/1932 1732/1732 1927/1927
f 1936/1936 1927/1927 1773/1773
f 1932/1932 1927/1927 1936/1936
f 1770/1770 1929/1929 1916/1916
f 1929/1929 1773/1773 1926/1926
f 1916/1916 1926/1926 1727/1727
f 1929/1929 1926/1926 1916/1916
f 1774/1774 1936/1936 1934/1934
f 1936/1936 1773/1773 1929/1929
f 1934/1934 1929/1929 1770/1770
f 1936/1936 1929/1929 1934/1934
f 1715/1715 1877/1877 1967/1967
f 1877/1877 1757/1757 1969/1969
f 1967/1967 1969/1969 1784/1784
f 1877/1877 1969/1969 1967/1967
f 1757/1757 1878/1878 1974/1974
f 1878/1878 1727/1727 1972/1972
f 1974/1974 1972/1972 1786/1786
f 1878/1878 1972/1972 1974/1974
f 1784/1784 1975/1975 1968/1968
f 1975/1975 1786/1786 1973/1973
f 1968/1968 1973/1973 1736/1736
f 1975/1975 1973/1973 1968/1968
f 1757/1757 1974/1974 1969/1969
f 1974/1974 1786/1786 1975/1975
f 1969/1969 1975/1975 1784/1784
f 1974/1974 1975/1975 1969/1969
f 1727/1727 1880/1880 1982/1982
f 1880/1880 1758/1758 1984/1984
f 1982/1982 1984/1984 1789/1789
f 1880/1880 1984/1984 1982/1982
f 1758/1758 1879/1879 1978/1978
f 1879/1879 1716/1716 1976/1976
f 1978/1978 1976/1976 1787/1787
f 1879/1879 1976/1976 1978/1978
f 1789/1789 1986/1986 1983/1983
f 1986/1986 1787/1787 1977/1977
f 1983/1983 1977/1977 1737/1737
f 1986/1986 1977/1977 1983/1983
f 1758/1758 1978/1978 1984/1984
f 1978/1978 1787/1787 1986/1986
f 1984/1984 1986/1986 1789/1789
f 1978/1978 1986/1986 1984/1984
f 1736/1736 1987/1987 1971/1971
f 1987/1987 1790/1790 1989/1989
f 1971/1971 1989/1989 1785/1785
f 1987/1987 1989/1989 1971/1971
f 1790/1790 1988/1988 1991/1991
f 1988/1988 1737/1737 1980/1980
f 1991/1991 1980/1980 1788/1788
f 1988/1988 1980/1980 1991/1991
f 1785/1785 1981/1981 1970/1970
f 1981/1981 1788/1788 1979/1979
f 1970/1970 1979/1979 1722/1722
f 1981/1981 1979/1979 1970/1970
f 1790/1790 1991/1991 1989/1989
f 1991/1991 1788/1788 1981/1981
f 1989/1989 1981/1981 1785/1785
f 1991/1991 1981/1981 1989/1989
f 1727/1727 1982/1982 1972/1972
f 1982/1982 1789/1789 1985/1985
f 1972/1972 1985/1985 1786/1786
f 1982/1982 1985/1985 1972/1972
f 1789/1789 1983/1983 1992/1992
f 1983/1983 1737/1737 1988/1988
f 1992/1992 1988/1988 1790/1790
f 1983/1983 1988/1988 1992/1992
f 1786/1786 1990/1990 1973/1973
f 1990/1990 1790/1790 1987/1987
f 1973/1973 1987/1987 1736/1736
f 1990/1990 1987/1987 1973/1973
f 1789/1789 1992/1992 1985/1985
f 1992/1992 1790/1790 1990/1990
f 1985/1985 1990/1990 1786/1786
f 1992/1992 1990/1990 1985/1985
f 1715/1715 1967/1967 2177/2177
f 1967/1967 1784/1784 2179/2179
f 2177/2177 2179/2179 1835/1835
f 1967/1967 2179/2179 2177/2177
f 1784/1784 1968/1968 2184/2184
f 1968/1968 1736/1736 2182/2182
f 2184/2184 2182/2182 1837/1837
f 1968/1968 2182/2182 2184/2184
f 1835/1835 2185/2185 2178/2178
f 2185/2185 1837/1837 2183/2183
f 2178/2178 2183/2183 1748/1748
f 2185/2185 2183/2183 2178/2178
f 1784/1784 2184/2184 2179/2179
f 2184/2184 1837/1837 2185/2185
f 2179/2179 2185/2185 1835/1835
f 2184/2184 2185/2185 2179/2179
f 1736/1736 1971/1971 2225/2225
f 1971/1971 1785/1785 2227/2227
f 2225/2225 2227/2227 1848/1848
f 1971/1971 2227/2227 2225/2225
f 1785/1785 1970/1970 2219/2219
f 1970/1970 1722/1722 2217/2217
f 2219/2219 2217/2217 1846/1846
f 1970/1970 2217/2217 2219/2219
f 1848/1848 2229/2229 2226/2226
f 2229/2229 1846/1846 2218/2218
f 2226/2226 2218/2218 1751/1751
f 2229/2229 2218/2218 2226/2226
f 1785/1785 2219/2219 2227/2227
f 2219/2219 1846/1846 2229/2229
f 2227/2227 2229/2229 1848/1848
f 2219/2219 2229/2229 2227/2227
f 1748/1748 2235/2235 2181/2181
f 2235/2235 1850/1850 2237/2237
f 2181/2181 2237/2237 1836/1836
f 2235/2235 2237/2237 2181/2181
f 1850/1850 2236/2236 2239/2239
f 2236/2236 1751/1751 2222/2222
f 2239/2239 2222/2222 1847/1847
f 2236/2236 2222/2222 2239/2239
f 1836/1836 2223/2223 2180/2180
f 2223/2223 1847/1847 2221/2221
f 2180/2180 2221/2221 1725/1725
f 2223/2223 2221/2221 2180/2180
f 1850/1850 2239/2239 2237/2237
f 2239/2239 1847/1847 2223/2223
f 2237/2237 2223/2223 1836/1836
f 2239/2239 2223/2223 2237/2237
f 1736/1736 2225/2225 2182/2182
f 2225/2225 1848/1848 2228/2228
f 2182/2182 2228/2228 1837/1837
f 2225/2225 2228/2228 2182/2182
f 1848/1848 2226/2226 2240/2240
f 2226/2226 1751/1751 2236/2236
f 2240/2240 2236/2236 1850/1850
f 2226/2226 2236/2236 2240/2240
f 1837/1837 2238/2238 2183/2183
f 2238/2238 1850/1850 2235/2235
f 2183/2183 2235/2235 1748/1748
f 2238/2238 2235/2235 2183/2183
f 1848/1848 2240/2240 2228/2228
f 2240/2240 1850/1850 2238/2238
f 2228/2228 2238/2238 1837/1837
f 2240/2240 2238/2238 2228/2228
f 1715/1715 2177/2177 2247/2247
f 2177/2177 1835/1835 2250/2250
f 2247/2247 2250/2250 1852/1852
f 2177/2177 2250/2250 2247/2247
f 1835/1835 2178/2178 2259/2259
f 2178/2178 1748/1748 2257/2257
f 2259/2259 2257/2257 1855/1855
f 2178/2178 2257/2257 2259/2259
f 1852/1852 2260/2260 2248/2248
f 2260/2260 1855/1855 2258/2258
f 2248/2248 2258/2258 1752/1752
f 2260/2260 2258/2258 2248/2248
f 1835/1835 2259/2259 2250/2250
f 2259/2259 1855/1855 2260/2260
f 2250/2250 2260/2260 1852/1852
f 2259/2259 2260/2260 2250/2250
f 1748/1748 2181/2181 2335/2335
f 2181/2181 1836/1836 2337/2337
f 2335/2335 2337/2337 1873/1873
f 2181/2181 2337/2337 2335/2335
f 1836/1836 2180/2180 2329/2329
f 2180/2180 1725/1725 2327/2327
f 2329/2329 2327/2327 1871/1871
f 2180/2180 2327/2327 2329/2329
f 1873/1873 2339/2339 2336/2336
f 2339/2339 1871/1871 2328/2328
f 2336/2336 2328/2328 1756/1756
f 2339/2339 2328/2328 2336/2336
f 1836/1836 2329/2329 2337/2337
f 2329/2329 1871/1871 2339/2339
f 2337/2337 2339/2339 1873/1873
f 2329/2329 2339/2339 2337/2337
f 1752/1752 2345/2345 2252/2252
f 2345/2345 1875/1875 2347/2347
f 2252/2252 2347/2347 1853/1853
f 2345/2345 2347/2347 2252/2252
f 1875/1875 2346/2346 2349/2349
f 2346/2346 1756/1756 2332/2332
f 2349/2349 2332/2332 1872/1872
f 2346/2346 2332/2332 2349/2349
f 1853/1853 2333/2333 2251/2251
f 2333/2333 1872/1872 2331/2331
f 2251/2251 2331/2331 1726/1726
f 2333/2333 2331/2331 2251/2251
f 1875/1875 2349/2349 2347/2347
f 2349/2349 1872/1872 2333/2333
f 2347/2347 2333/2333 1853/1853
f 2349/2349 2333/2333 2347/2347
f 1748/1748 2335/2335 2257/2257
f 2335/2335 1873/1873 2338/2338
f 2257/2257 2338/2338 1855/1855
f 2335/2335 2338/2338 2257/2257
f 1873/1873 2336/2336 2350/2350
f 2336/2336 1756/1756 2346/2346
f 2350/2350 2346/2346 1875/1875
f 2336/2336 2346/2346 2350/2350
f 1855/1855 2348/2348 2258/2258
f 2348/2348 1875/1875 2345/2345
f 2258/2258 2345/2345 1752/1752
f 2348/2348 2345/2345 2258/2258
f 1873/1873 2350/2350 2338/2338
f 2350/2350 1875/1875 2348/2348
f 2338/2338 2348/2348 1855/1855
f 2350/2350 2348/2348 2338/2338
f 1716/1716 1920/1920 2067/2067
f 1920/1920 1771/1771 2069/2069
f 2067/2067 2069/2069 1810/1810
f 1920/1920 2069/2069 2067/2067
f 1771/1771 1921/1921 2075/2075
f 1921/1921 1732/1732 2073/2073
f 2075/2075 2073/2073 1812/1812
f 1921/1921 2073/2073 2075/2075
f 1810/1810 2076/2076 2068/2068
f 2076/2076 1812/1812 2074/2074
f 2068/2068 2074/2074 1743/1743
f 2076/2076 2074/2074 2068/2068
f 1771/1771 2075/2075 2069/2069
f 2075/2075 1812/1812 2076/2076
f 2069/2069 2076/2076 1810/1810
f 2075/2075 2076/2076 2069/2069
f 1732/1732 1924/1924 2125/2125
f 1924/1924 1772/1772 2127/2127
f 2125/2125 2127/2127 1825/1825
f 1924/1924 2127/2127 2125/2125
f 1772/1772 1923/1923 2119/2119
f 1923/1923 1720/1720 2117/2117
f 2119/2119 2117/2117 1823/1823
f 1923/1923 2117/2117 2119/2119
f 1825/1825 2129/2129 2126/2126
f 2129/2129 1823/1823 2118/2118
f 2126/2126 2118/2118 1746/1746
f 2129/2129 2118/2118 2126/2126
f 1772/1772 2119/2119 2127/2127
f 2119/2119 1823/1823 2129/2129
f 2127/2127 2129/2129 1825/1825
f 2119/2119 2129/2129 2127/2127
f 1743/1743 2135/2135 2072/2072
f 2135/2135 1827/1827 2137/2137
f 2072/2072 2137/2137 1811/1811
f 2135/2135 2137/2137 2072/2072
f 1827/1827 2136/2136 2139/2139
f 2136/2136 1746/1746 2122/2122
f 2139/2139 2122/2122 1824/1824
f 2136/2136 2122/2122 2139/2139
f 1811/1811 2123/2123 2071/2071
f 2123/2123 1824/1824 2121/2121
f 2071/2071 2121/2121 1724/1724
f 2123/2123 2121/2121 2071/2071
f 1827/1827 2139/2139 2137/2137
f 2139/2139 1824/1824 2123/2123
f 2137/2137 2123/2123 1811/1811
f 2139/2139 2123/2123 2137/2137
f 1732/1732 2125/2125 2073/2073
f 2125/2125 1825/1825 2128/2128
f 2073/2073 2128/2128 1812/1812
f 2125/2125 2128/2128 2073/2073
f 1825/1825 2126/2126 2140/2140
f 2126/2126 1746/1746 2136/2136
f 2140/2140 2136/2136 1827/1827
f 2126/2126 2136/2136 2140/2140
f 1812/1812 2138/2138 2074/2074
f 2138/2138 1827/1827 2135/2135
f 2074/2074 2135/2135 1743/1743
f 2138/2138 2135/2135 2074/2074
f 1825/1825 2140/2140 2128/2128
f 2140/2140 1827/1827 2138/2138
f 2128/2128 2138/2138 1812/1812
f 2140/2140 2138/2138 2128/2128
f 1720/1720 2297/2297 1939/1939
f 2297/2297 1865/1865 2300/2300
f 1939/1939 2300/2300 1776/1776
f 2297/2297 2300/2300 1939/1939
f 1865/1865 2298/2298 2314/2314
f 2298/2298 1755/1755 2311/2311
f 2314/2314 2311/2311 1868/1868
f 2298/2298 2311/2311 2314/2314
f 1776/1776 2312/2312 1940/1940
f 2312/2312 1868/1868 2310/2310
f 1940/1940 2310/2310 1733/1733
f 2312/2312 2310/2310 1940/1940
f 1865/1865 2314/2314 2300/2300
f 2314/2314 1868/1868 2312/2312
f 2300/2300 2312/2312 1776/1776
f 2314/2314 2312/2312 2300/2300
f 1755/1755 2302/2302 2322/2322
f 2302/2302 1866/1866 2325/2325
f 2322/2322 2325/2325 1870/1870
f 2302/2302 2325/2325 2322/2322
f 1866/1866 2301/2301 2304/2304
f 2301/2301 1726/1726 2279/2279
f 2304/2304 2279/2279 1861/1861
f 2301/2301 2279/2279 2304/2304
f 1870/1870 2323/2323 2321/2321
f 2323/2323 1861/1861 2280/2280
f 2321/2321 2280/2280 1754/1754
f 2323/2323 2280/2280 2321/2321
f 1866/1866 2304/2304 2325/2325
f 2304/2304 1861/1861 2323/2323
f 2325/2325 2323/2323 1870/1870
f 2304/2304 2323/2323 2325/2325
f 1733/1733 2287/2287 1938/1938
f 2287/2287 1863/1863 2289/2289
f 1938/1938 2289/2289 1775/1775
f 2287/2287 2289/2289 1938/1938
f 1863/1863 2288/2288 2290/2290
f 2288/2288 1754/1754 2276/2276
f 2290/2290 2276/2276 1860/1860
f 2288/2288 2276/2276 2290/2290
f 1775/1775 2278/2278 1937/1937
f 2278/2278 1860/1860 2275/2275
f 1937/1937 2275/2275 1719/1719
f 2278/2278 2275/2275 1937/1937
f 1863/1863 2290/2290 2289/2289
f 2290/2290 1860/1860 2278/2278
f 2289/2289 2278/2278 1775/1775
f 2290/2290 2278/2278 2289/2289
f 1755/1755 2322/2322 2311/2311
f 2322/2322 1870/1870 2326/2326
f 2311/2311 2326/2326 1868/1868
f 2322/2322 2326/2326 2311/2311
f 1870/1870 2321/2321 2324/2324
f 2321/2321 1754/1754 2288/2288
f 2324/2324 2288/2288 1863/1863
f 2321/2321 2288/2288 2324/2324
f 1868/1868 2313/2313 2310/2310
f 2313/2313 1863/1863 2287/2287
f 2310/2310 2287/2287 1733/1733
f 2313/2313 2287/2287 2310/2310
f 1870/1870 2324/2324 2326/2326
f 2324/2324 1863/1863 2313/2313
f 2326/2326 2313/2313 1868/1868
f 2324/2324 2313/2313 2326/2326
f 1726/1726 2331/2331 2265/2265
f 2331/2331 1872/1872 2334/2334
f 2265/2265 2334/2334 1857/1857
f 2331/2331 2334/2334 2265/2265
f 1872/1872 2332/2332 2355/2355
f 2332/2332 1756/1756 2352/2352
f 2355/2355 2352/2352 1876/1876
f 2332/2332 2352/2352 2355/2355
f 1857/1857 2353/2353 2266/2266
f 2353/2353 1876/1876 2351/2351
f 2266/2266 2351/2351 1753/1753
f 2353/2353 2351/2351 2266/2266
f 1872/1872 2355/2355 2334/2334
f 2355/2355 1876/1876 2353/2353
f 2334/2334 2353/2353 1857/1857
f 2355/2355 2353/2353 2334/2334
f 1756/1756 2328/2328 2341/2341
f 2328/2328 1871/1871 2344/2344
f 2341/2341 2344/2344 1874/1874
f 2328/2328 2344/2344 2341/2341
f 1871/1871 2327/2327 2330/2330
f 2327/2327 1725/1725 2189/2189
f 2330/2330 2189/2189 1839/1839
f 2327/2327 2189/2189 2330/2330
f 1874/1874 2342/2342 2340/2340
f 2342/2342 1839/1839 2190/2190
f 2340/2340 2190/2190 1749/1749
f 2342/2342 2190/2190 2340/2340
f 1871/1871 2330/2330 2344/2344
f 2330/2330 1839/1839 2342/2342
f 2344/2344 2342/2342 1874/1874
f 2330/2330 2342/2342 2344/2344
f 1753/1753 2272/2272 2262/2262
f 2272/2272 1859/1859 2274/2274
f 2262/2262 2274/2274 1856/1856
f 2272/2272 2274/2274 2262/2262
f 1859/1859 2271/2271 2273/2273
f 2271/2271 1749/1749 2187/2187
f 2273/2273 2187/2187 1838/1838
f 2271/2271 2187/2187 2273/2273
f 1856/1856 2264/2264 2261/2261
f 2264/2264 1838/1838 2186/2186
f 2261/2261 2186/2186 1717/1717
f 2264/2264 2186/2186 2261/2261
f 1859/1859 2273/2273 2274/2274
f 2273/2273 1838/1838 2264/2264
f 2274/2274 2264/2264 1856/1856
f 2273/2273 2264/2264 2274/2274
f 1756/1756 2341/2341 2352/2352
f 2341/2341 1874/1874 2356/2356
f 2352/2352 2356/2356 1876/1876
f 2341/2341 2356/2356 2352/2352
f 1874/1874 2340/2340 2343/2343
f 2340/2340 1749/1749 2271/2271
f 2343/2343 2271/2271 1859/1859
f 2340/2340 2271/2271 2343/2343
f 1876/1876 2354/2354 2351/2351
f 2354/2354 1859/1859 2272/2272
f 2351/2351 2272/2272 1753/1753
f 2354/2354 2272/2272 2351/2351
f 1874/1874 2343/2343 2356/2356
f 2343/2343 1859/1859 2354/2354
f 2356/2356 2354/2354 1876/1876
f 2343/2343 2354/2354 2356/2356
f 1725/1725 2221/2221 2199/2199
f 2221/2221 1847/1847 2224/2224
f 2199/2199 2224/2224 1842/1842
f 2221/2221 2224/2224 2199/2199
f 1847/1847 2222/2222 2245/2245
f 2222/2222 1751/1751 2242/2242
f 2245/2245 2242/2242 1851/1851
f 2222/2222 2242/2242 2245/2245
f 1842/1842 2243/2243 2200/2200
f 2243/2243 1851/1851 2241/2241
f 2200/2200 2241/2241 1750/1750
f 2243/2243 2241/2241 2200/2200
f 1847/1847 2245/2245 2224/2224
f 2245/2245 1851/1851 2243/2243
f 2224/2224 2243/2243 1842/1842
f 2245/2245 2243/2243 2224/2224
f 1751/1751 2218/2218 2231/2231
f 2218/2218 1846/1846 2234/2234
f 2231/2231 2234/2234 1849/1849
f 2218/2218 2234/2234 2231/2231
f 1846/1846 2217/2217 2220/2220
f 2217/2217 1722/1722 1995/1995
f 2220/2220 1995/1995 1792/1792
f 2217/2217 1995/1995 2220/2220
f 1849/1849 2232/2232 2230/2230
f 2232/2232 1792/1792 1996/1996
f 2230/2230 1996/1996 1738/1738
f 2232/2232 1996/1996 2230/2230
f 1846/1846 2220/2220 2234/2234
f 2220/2220 1792/1792 2232/2232
f 2234/2234 2232/2232 1849/1849
f 2220/2220 2232/2232 2234/2234
f 1750/1750 2208/2208 2196/2196
f 2208/2208 1844/1844 2210/2210
f 2196/2196 2210/2210 1841/1841
f 2208/2208 2210/2210 2196/2196
f 1844/1844 2207/2207 2209/2209
f 2207/2207 1738/1738 1994/1994
f 2209/2209 1994/1994 1791/1791
f 2207/2207 1994/1994 2209/2209
f 1841/1841 2198/2198 2195/2195
f 2198/2198 1791/1791 1993/1993
f 2195/2195 1993/1993 1721/1721
f 2198/2198 1993/1993 2195/2195
f 1844/1844 2209/2209 2210/2210
f 2209/2209 1791/1791 2198/2198
f 2210/2210 2198/2198 1841/1841
f 2209/2209 2198/2198 2210/2210
f 1751/1751 2231/2231 2242/2242
f 2231/2231 1849/1849 2246/2246
f 2242/2242 2246/2246 1851/1851
f 2231/2231 2246/2246 2242/2242
f 1849/1849 2230/2230 2233/2233
f 2230/2230 1738/1738 2207/2207
f 2233/2233 2207/2207 1844/1844
f 2230/2230 2207/2207 2233/2233
f 1851/1851 2244/2244 2241/2241
f 2244/2244 1844/1844 2208/2208
f 2241/2241 2208/2208 1750/1750
f 2244/2244 2208/2208 2241/2241
f 1849/1849 2233/2233 2246/2246
f 2233/2233 1844/1844 2244/2244
f 2246/2246 2244/2244 1851/1851
f 2233/2233 2244/2244 2246/2246
f 1722/1722 1979/1979 2037/2037
f 1979/1979 1788/1788 2039/2039
f 2037/2037 2039/2039 1804/1804
f 1979/1979 2039/2039 2037/2037
f 1788/1788 1980/1980 2047/2047
f 1980/1980 1737/1737 2045/2045
f 2047/2047 2045/2045 1806/1806
f 1980/1980 2045/2045 2047/2047
f 1804/1804 2049/2049 2038/2038
f 2049/2049 1806/1806 2046/2046
f 2038/2038 2046/2046 1742/1742
f 2049/2049 2046/2046 2038/2038
f 1788/1788 2047/2047 2039/2039
f 2047/2047 1806/1806 2049/2049
f 2039/2039 2049/2049 1804/1804
f 2047/2047 2049/2049 2039/2039
f 1737/1737 1977/1977 2002/2002
f 1977/1977 1787/1787 2004/2004
f 2002/2002 2004/2004 1795/1795
f 1977/1977 2004/2004 2002/2002
f 1787/1787 1976/1976 1999/1999
f 1976/1976 1716/1716 1997/1997
f 1999/1999 1997/1997 1793/1793
f 1976/1976 1997/1997 1999/1999
f 1795/1795 2005/2005 2003/2003
f 2005/2005 1793/1793 1998/1998
f 2003/2003 1998/1998 1739/1739
f 2005/2005 1998/1998 2003/2003
f 1787/1787 1999/1999 2004/2004
f 1999/1999 1793/1793 2005/2005
f 2004/2004 2005/2005 1795/1795
f 1999/1999 2005/2005 2004/2004
f 1742/1742 2056/2056 2042/2042
f 2056/2056 1808/1808 2059/2059
f 2042/2042 2059/2059 1805/1805
f 2056/2056 2059/2059 2042/2042
f 1808/1808 2055/2055 2057/2057
f 2055/2055 1739/1739 2001/2001
f 2057/2057 2001/2001 1794/1794
f 2055/2055 2001/2001 2057/2057
f 1805/1805 2043/2043 2041/2041
f 2043/2043 1794/1794 2000/2000
f 2041/2041 2000/2000 1723/1723
f 2043/2043 2000/2000 2041/2041
f 1808/1808 2057/2057 2059/2059
f 2057/2057 1794/1794 2043/2043
f 2059/2059 2043/2043 1805/1805
f 2057/2057 2043/2043 2059/2059
f 1737/1737 2002/2002 2045/2045
f 2002/2002 1795/1795 2048/2048
f 2045/2045 2048/2048 1806/1806
f 2002/2002 2048/2048 2045/2045
f 1795/1795 2003/2003 2058/2058
f 2003/2003 1739/1739 2055/2055
f 2058/2058 2055/2055 1808/1808
f 2003/2003 2055/2055 2058/2058
f 1806/1806 2060/2060 2046/2046
f 2060/2060 1808/1808 2056/2056
f 2046/2046 2056/2056 1742/1742
f 2060/2060 2056/2056 2046/2046
f 1795/1795 2058/2058 2048/2048
f 2058/2058 1808/1808 2060/2060
f 2048/2048 2060/2060 1806/1806
f 2058/2058 2060/2060 2048/2048
f 1718/1718 2081/2081 1894/1894
f 2081/2081 1814/1814 2083/2083
f 1894/1894 2083/2083 1764/1764
f 2081/2081 2083/2083 1894/1894
f 1814/1814 2082/2082 2090/2090
f 2082/2082 1744/1744 2088/2088
f 2090/2090 2088/2088 1816/1816
f 2082/2082 2088/2088 2090/2090
f 1764/1764 2089/2089 1895/1895
f 2089/2089 1816/1816 2087/2087
f 1895/1895 2087/2087 1730/1730
f 2089/2089 2087/2087 1895/1895
f 1814/1814 2090/2090 2083/2083
f 2090/2090 1816/1816 2089/2089
f 2083/2083 2089/2089 1764/1764
f 2090/2090 2089/2089 2083/2083
f 1744/1744 2086/2086 2111/2111
f 2086/2086 1815/1815 2113/2113
f 2111/2111 2113/2113 1822/1822
f 2086/2086 2113/2113 2111/2111
f 1815/1815 2085/2085 2101/2101
f 2085/2085 1724/1724 2099/2099
f 2101/2101 2099/2099 1819/1819
f 2085/2085 2099/2099 2101/2101
f 1822/1822 2115/2115 2112/2112
f 2115/2115 1819/1819 2100/2100
f 2112/2112 2100/2100 1745/1745
f 2115/2115 2100/2100 2112/2112
f 1815/1815 2101/2101 2113/2113
f 2101/2101 1819/1819 2115/2115
f 2113/2113 2115/2115 1822/1822
f 2101/2101 2115/2115 2113/2113
f 1730/1730 2102/2102 1898/1898
f 2102/2102 1820/1820 2104/2104
f 1898/1898 2104/2104 1765/1765
f 2102/2102 2104/2104 1898/1898
f 1820/1820 2103/2103 2106/2106
f 2103/2103 1745/1745 2096/2096
f 2106/2106 2096/2096 1818/1818
f 2103/2103 2096/2096 2106/2106
f 1765/1765 2097/2097 1897/1897
f 2097/2097 1818/1818 2095/2095
f 1897/1897 2095/2095 1719/1719
f 2097/2097 2095/2095 1897/1897
f 1820/1820 2106/2106 2104/2104
f 2106/2106 1818/1818 2097/2097
f 2104/2104 2097/2097 1765/1765
f 2106/2106 2097/2097 2104/2104
f 1744/1744 2111/2111 2088/2088
f 2111/2111 1822/1822 2114/2114
f 2088/2088 2114/2114 1816/1816
f 2111/2111 2114/2114 2088/2088
f 1822/1822 2112/2112 2116/2116
f 2112/2112 1745/1745 2103/2103
f 2116/2116 2103/2103 1820/1820
f 2112/2112 2103/2103 2116/2116
f 1816/1816 2105/2105 2087/2087
f 2105/2105 1820/1820 2102/2102
f 2087/2087 2102/2102 1730/1730
f 2105/2105 2102/2102 2087/2087
f 1822/1822 2116/2116 2114/2114
f 2116/2116 1820/1820 2105/2105
f 2114/2114 2105/2105 1816/1816
f 2116/2116 2105/2105 2114/2114
f 1718/1718 1894/1894 1883/1883
f 1894/1894 1764/1764 1896/1896
f 1883/1883 1896/1896 1760/1760
f 1894/1894 1896/1896 1883/1883
f 1764/1764 1895/1895 1904/1904
f 1895/1895 1730/1730 1901/1901
f 1904/1904 1901/1901 1766/1766
f 1895/1895 1901/1901 1904/1904
f 1760/1760 1902/1902 1884/1884
f 1902/1902 1766/1766 1900/1900
f 1884/1884 1900/1900 1728/1728
f 1902/1902 1900/1900 1884/1884
f 1764/1764 1904/1904 1896/1896
f 1904/1904 1766/1766 1902/1902
f 1896/1896 1902/1902 1760/1760
f 1904/1904 1902/1902 1896/1896
f 1730/1730 1898/1898 1906/1906
f 1898/1898 1765/1765 1909/1909
f 1906/1906 1909/1909 1767/1767
f 1898/1898 1909/1909 1906/1906
f 1765/1765 1897/1897 1899/1899
f 1897/1897 1719/1719 1888/1888
f 1899/1899 1888/1888 1762/1762
f 1897/1897 1888/1888 1899/1899
f 1767/1767 1907/1907 1905/1905
f 1907/1907 1762/1762 1889/1889
f 1905/1905 1889/1889 1729/1729
f 1907/1907 1889/1889 1905/1905
f 1765/1765 1899/1899 1909/1909
f 1899/1899 1762/1762 1907/1907
f 1909/1909 1907/1907 1767/1767
f 1899/1899 1907/1907 1909/1909
f 1728/1728 1890/1890 1882/1882
f 1890/1890 1763/1763 1892/1892
f 1882/1882 1892/1892 1759/1759
f 1890/1890 1892/1892 1882/1882
f 1763/1763 1891/1891 1893/1893
f 1891/1891 1729/1729 1886/1886
f 1893/1893 1886/1886 1761/1761
f 1891/1891 1886/1886 1893/1893
f 1759/1759 1887/1887 1881/1881
f 1887/1887 1761/1761 1885/1885
f 1881/1881 1885/1885 1717/1717
f 1887/1887 1885/1885 1881/1881
f 1763/1763 1893/1893 1892/1892
f 1893/1893 1761/1761 1887/1887
f 1892/1892 1887/1887 1759/1759
f 1893/1893 1887/1887 1892/1892
f 1730/1730 1906/1906 1901/1901
f 1906/1906 1767/1767 1910/1910
f 1901/1901 1910/1910 1766/1766
f 1906/1906 1910/1910 1901/1901
f 1767/1767 1905/1905 1908/1908
f 1905/1905 1729/1729 1891/1891
f 1908/1908 1891/1891 1763/1763
f 1905/1905 1891/1891 1908/1908
f 1766/1766 1903/1903 1900/1900
f 1903/1903 1763/1763 1890/1890
f 1900/1900 1890/1890 1728/1728
f 1903/1903 1890/1890 1900/1900
f 1767/1767 1908/1908 1910/1910
f 1908/1908 1763/1763 1903/1903
f 1910/1910 1903/1903 1766/1766
f 1908/1908 1903/1903 1910/1910
f 1718/1718 1883/1883 1950/1950
f 1883/1883 1760/1760 1952/1952
f 1950/1950 1952/1952 1780/1780
f 1883/1883 1952/1952 1950/1950
f 1760/1760 1884/1884 1958/1958
f 1884/1884 1728/1728 1956/1956
f 1958/1958 1956/1956 1782/1782
f 1884/1884 1956/1956 1958/1958
f 1780/1780 1960/1960 1951/1951
f 1960/1960 1782/1782 1957/1957
f 1951/1951 1957/1957 1735/1735
f 1960/1960 1957/1957 1951/1951
f 1760/1760 1958/1958 1952/1952
f 1958/1958 1782/1782 1960/1960
f 1952/1952 1960/1960 1780/1780
f 1958/1958 1960/1960 1952/1952
f 1728/1728 1882/1882 1946/1946
f 1882/1882 1759/1759 1948/1948
f 1946/1946 1948/1948 1779/1779
f 1882/1882 1948/1948 1946/1946
f 1759/1759 1881/1881 1943/1943
f 1881/1881 1717/1717 1941/1941
f 1943/1943 1941/1941 1777/1777
f 1881/1881 1941/1941 1943/1943
f 1779/1779 1949/1949 1947/1947
f 1949/1949 1777/1777 1942/1942
f 1947/1947 1942/1942 1734/1734
f 1949/1949 1942/1942 1947/1947
f 1759/1759 1943/1943 1948/1948
f 1943/1943 1777/1777 1949/1949
f 1948/1948 1949/1949 1779/1779
f 1943/1943 1949/1949 1948/1948
f 1735/1735 1962/1962 1954/1954
f 1962/1962 1783/1783 1965/1965
f 1954/1954 1965/1965 1781/1781
f 1962/1962 1965/1965 1954/1954
f 1783/1783 1961/1961 1963/1963
f 1961/1961 1734/1734 1945/1945
f 1963/1963 1945/1945 1778/1778
f 1961/1961 1945/1945 1963/1963
f 1781/1781 1955/1955 1953/1953
f 1955/1955 1778/1778 1944/1944
f 1953/1953 1944/1944 1721/1721
f 1955/1955 1944/1944 1953/1953
f 1783/1783 1963/1963 1965/1965
f 1963/1963 1778/1778 1955/1955
f 1965/1965 1955/1955 1781/1781
f 1963/1963 1955/1955 1965/1965
f 1728/1728 1946/1946 1956/1956
f 1946/1946 1779/1779 1959/1959
f 1956/1956 1959/1959 1782/1782
f 1946/1946 1959/1959 1956/1956
f 1779/1779 1947/1947 1964/1964
f 1947/1947 1734/1734 1961/1961
f 1964/1964 1961/1961 1783/1783
f 1947/1947 1961/1961 1964/1964
f 1782/1782 1966/1966 1957/1957
f 1966/1966 1783/1783 1962/1962
f 1957/1957 1962/1962 1735/1735
f 1966/1966 1962/1962 1957/1957
f 1779/1779 1964/1964 1959/1959
f 1964/1964 1783/1783 1966/1966
f 1959/1959 1966/1966 1782/1782
f 1964/1964 1966/1966 1959/1959
f 1718/1718 1950/1950 2006/2006
f 1950/1950 1780/1780 2008/2008
f 2006/2006 2008/2008 1796/1796
f 1950/1950 2008/2008 2006/2006
f 1780/1780 1951/1951 2013/2013
f 1951/1951 1735/1735 2011/2011
f 2013/2013 2011/2011 1798/1798
f 1951/1951 2011/2011 2013/2013
f 1796/1796 2014/2014 2007/2007
f 2014/2014 1798/1798 2012/2012
f 2007/2007 2012/2012 1740/1740
f 2014/2014 2012/2012 2007/2007
f 1780/1780 2013/2013 2008/2008
f 2013/2013 1798/1798 2014/2014
f 2008/2008 2014/2014 1796/1796
f 2013/2013 2014/2014 2008/2008
f 1735/1735 1954/1954 2022/2022
f 1954/1954 1781/1781 2024/2024
f 2022/2022 2024/2024 1801/1801
f 1954/1954 2024/2024 2022/2022
f 1781/1781 1953/1953 2017/2017
f 1953/1953 1721/1721 2015/2015
f 2017/2017 2015/2015 1799/1799
f 1953/1953 2015/2015 2017/2017
f 1801/1801 2026/2026 2023/2023
f 2026/2026 1799/1799 2016/2016
f 2023/2023 2016/2016 1741/1741
f 2026/2026 2016/2016 2023/2023
f 1781/1781 2017/2017 2024/2024
f 2017/2017 1799/1799 2026/2026
f 2024/2024 2026/2026 1801/1801
f 2017/2017 2026/2026 2024/2024
f 1740/1740 2031/2031 2010/2010
f 2031/2031 1803/1803 2033/2033
f 2010/2010 2033/2033 1797/1797
f 2031/2031 2033/2033 2010/2010
f 1803/1803 2032/2032 2035/2035
f 2032/2032 1741/1741 2020/2020
f 2035/2035 2020/2020 1800/1800
f 2032/2032 2020/2020 2035/2035
f 1797/1797 2021/2021 2009/2009
f 2021/2021 1800/1800 2019/2019
f 2009/2009 2019/2019 1723/1723
f 2021/2021 2019/2019 2009/2009
f 1803/1803 2035/2035 2033/2033
f 2035/2035 1800/1800 2021/2021
f 2033/2033 2021/2021 1797/1797
f 2035/2035 2021/2021 2033/2033
f 1735/1735 2022/2022 2011/2011
f 2022/2022 1801/1801 2025/2025
f 2011/2011 2025/2025 1798/1798
f 2022/2022 2025/2025 2011/2011
f 1801/1801 2023/2023 2036/2036
f 2023/2023 1741/1741 2032/2032
f 2036/2036 2032/2032 1803/1803
f 2023/2023 2032/2032 2036/2036
f 1798/1798 2034/2034 2012/2012
f 2034/2034 1803/1803 2031/2031
f 2012/2012 2031/2031 1740/1740
f 2034/2034 2031/2031 2012/2012
f 1801/1801 2036/2036 2025/2025
f 2036/2036 1803/1803 2034/2034
f 2025/2025 2034/2034 1798/1798
f 2036/2036 2034/2034 2025/2025
f 1718/1718 2006/2006 2081/2081
f 2006/2006 1796/1796 2084/2084
f 2081/2081 2084/2084 1814/1814
f 2006/2006 2084/2084 2081/2081
f 1796/1796 2007/2007 2093/2093
f 2007/2007 1740/1740 2091/2091
f 2093/2093 2091/2091 1817/1817
f 2007/2007 2091/2091 2093/2093
f 1814/1814 2094/2094 2082/2082
f 2094/2094 1817/1817 2092/2092
f 2082/2082 2092/2092 1744/1744
f 2094/2094 2092/2092 2082/2082
f 1796/1796 2093/2093 2084/2084
f 2093/2093 1817/1817 2094/2094
f 2084/2084 2094/2094 1814/1814
f 2093/2093 2094/2094 2084/2084
f 1740/1740 2010/2010 2160/2160
f 2010/2010 1797/1797 2162/2162
f 2160/2160 2162/2162 1832/1832
f 2010/2010 2162/2162 2160/2160
f 1797/1797 2009/2009 2150/2150
f 2009/2009 1723/1723 2147/2147
f 2150/2150 2147/2147 1829/1829
f 2009/2009 2147/2147 2150/2150
f 1832/1832 2164/2164 2161/2161
f 2164/2164 1829/1829 2148/2148
f 2161/2161 2148/2148 1747/1747
f 2164/2164 2148/2148 2161/2161
f 1797/1797 2150/2150 2162/2162
f 2150/2150 1829/1829 2164/2164
f 2162/2162 2164/2164 1832/1832
f 2150/2150 2164/2164 2162/2162
f 1744/1744 2171/2171 2086/2086
f 2171/2171 1834/1834 2173/2173
f 2086/2086 2173/2173 1815/1815
f 2171/2171 2173/2173 2086/2086
f 1834/1834 2172/2172 2175/2175
f 2172/2172 1747/1747 2152/2152
f 2175/2175 2152/2152 1830/1830
f 2172/2172 2152/2152 2175/2175
f 1815/1815 2154/2154 2085/2085
f 2154/2154 1830/1830 2151/2151
f 2085/2085 2151/2151 1724/1724
f 2154/2154 2151/2151 2085/2085
f 1834/1834 2175/2175 2173/2173
f 2175/2175 1830/1830 2154/2154
f 2173/2173 2154/2154 1815/1815
f 2175/2175 2154/2154 2173/2173
f 1740/1740 2160/2160 2091/2091
f 2160/2160 1832/1832 2163/2163
f 2091/2091 2163/2163 1817/1817
f 2160/2160 2163/2163 2091/2091
f 1832/1832 2161/2161 2176/2176
f 2161/2161 1747/1747 2172/2172
f 2176/2176 2172/2172 1834/1834
f 2161/2161 2172/2172 2176/2176
f 1817/1817 2174/2174 2092/2092
f 2174/2174 1834/1834 2171/2171
f 2092/2092 2171/2171 1744/1744
f 2174/2174 2171/2171 2092/2092
f 1832/1832 2176/2176 2163/2163
f 2176/2176 1834/1834 2174/2174
f 2163/2163 2174/2174 1817/1817
f 2176/2176 2174/2174 2163/2163
f 1719/1719 2095/2095 1937/1937
f 2095/2095 1818/1818 2098/2098
f 1937/1937 2098/2098 1775/1775
f 2095/2095 2098/2098 1937/1937
f 1818/1818 2096/2096 2110/2110
f 2096/2096 1745/1745 2108/2108
f 2110/2110 2108/2108 1821/1821
f 2096/2096 2108/2108 2110/2110
f 1775/1775 2109/2109 1938/1938
f 2109/2109 1821/1821 2107/2107
f 1938/1938 2107/2107 1733/1733
f 2109/2109 2107/2107 1938/1938
f 1818/1818 2110/2110 2098/2098
f 2110/2110 1821/1821 2109/2109
f 2098/2098 2109/2109 1775/1775
f 2110/2110 2109/2109 2098/2098
f 1745/1745 2100/2100 2141/2141
f 2100/2100 1819/1819 2143/2143
f 2141/2141 2143/2143 1828/1828
f 2100/2100 2143/2143 2141/2141
f 1819/1819 2099/2099 2124/2124
f 2099/2099 1724/1724 2121/2121
f 2124/2124 2121/2121 1824/1824
f 2099/2099 2121/2121 2124/2124
f 1828/1828 2145/2145 2142/2142
f 2145/2145 1824/1824 2122/2122
f 2142/2142 2122/2122 1746/1746
f 2145/2145 2122/2122 2142/2142
f 1819/1819 2124/2124 2143/2143
f 2124/2124 1824/1824 2145/2145
f 2143/2143 2145/2145 1828/1828
f 2124/2124 2145/2145 2143/2143
f 1733/1733 2130/2130 1940/1940
f 2130/2130 1826/1826 2132/2132
f 1940/1940 2132/2132 1776/1776
f 2130/2130 2132/2132 1940/1940
f 1826/1826 2131/2131 2134/2134
f 2131/2131 1746/1746 2118/2118
f 2134/2134 2118/2118 1823/1823
f 2131/2131 2118/2118 2134/2134
f 1776/1776 2120/2120 1939/1939
f 2120/2120 1823/1823 2117/2117
f 1939/1939 2117/2117 1720/1720
f 2120/2120 2117/2117 1939/1939
f 1826/1826 2134/2134 2132/2132
f 2134/2134 1823/1823 2120/2120
f 2132/2132 2120/2120 1776/1776
f 2134/2134 2120/2120 2132/2132
f 1745/1745 2141/2141 2108/2108
f 2141/2141 1828/1828 2144/2144
f 2108/2108 2144/2144 1821/1821
f 2141/2141 2144/2144 2108/2108
f 1828/1828 2142/2142 2146/2146
f 2142/2142 1746/1746 2131/2131
f 2146/2146 2131/2131 1826/1826
f 2142/2142 2131/2131 2146/2146
f 1821/1821 2133/2133 2107/2107
f 2133/2133 1826/1826 2130/2130
f 2107/2107 2130/2130 1733/1733
f 2133/2133 2130/2130 2107/2107
f 1828/1828 2146/2146 2144/2144
f 2146/2146 1826/1826 2133/2133
f 2144/2144 2133/2133 1821/1821
f 2146/2146 2133/2133 2144/2144
f 1717/1717 1885/1885 2261/2261
f 1885/1885 1761/1761 2263/2263
f 2261/2261 2263/2263 1856/1856
f 1885/1885 2263/2263 2261/2261
f 1761/1761 1886/1886 2269/2269
f 1886/1886 1729/1729 2267/2267
f 2269/2269 2267/2267 1858/1858
f 1886/1886 2267/2267 2269/2269
f 1856/1856 2270/2270 2262/2262
f 2270/2270 1858/1858 2268/2268
f 2262/2262 2268/2268 1753/1753
f 2270/2270 2268/2268 2262/2262
f 1761/1761 2269/2269 2263/2263
f 2269/2269 1858/1858 2270/2270
f 2263/2263 2270/2270 1856/1856
f 2269/2269 2270/2270 2263/2263
f 1729/1729 1889/1889 2282/2282
f 1889/1889 1762/1762 2284/2284
f 2282/2282 2284/2284 1862/1862
f 1889/1889 2284/2284 2282/2282
f 1762/1762 1888/1888 2277/2277
f 1888/1888 1719/1719 2275/2275
f 2277/2277 2275/2275 1860/1860
f 1888/1888 2275/2275 2277/2277
f 1862/1862 2286/2286 2283/2283
f 2286/2286 1860/1860 2276/2276
f 2283/2283 2276/2276 1754/1754
f 2286/2286 2276/2276 2283/2283
f 1762/1762 2277/2277 2284/2284
f 2277/2277 1860/1860 2286/2286
f 2284/2284 2286/2286 1862/1862
f 2277/2277 2286/2286 2284/2284
f 1753/1753 2291/2291 2266/2266
f 2291/2291 1864/1864 2293/2293
f 2266/2266 2293/2293 1857/1857
f 2291/2291 2293/2293 2266/2266
f 1864/1864 2292/2292 2295/2295
f 2292/2292 1754/1754 2280/2280
f 2295/2295 2280/2280 1861/1861
f 2292/2292 2280/2280 2295/2295
f 1857/1857 2281/2281 2265/2265
f 2281/2281 1861/1861 2279/2279
f 2265/2265 2279/2279 1726/1726
f 2281/2281 2279/2279 2265/2265
f 1864/1864 2295/2295 2293/2293
f 2295/2295 1861/1861 2281/2281
f 2293/2293 2281/2281 1857/1857
f 2295/2295 2281/2281 2293/2293
f 1729/1729 2282/2282 2267/2267
f 2282/2282 1862/1862 2285/2285
f 2267/2267 2285/2285 1858/1858
f 2282/2282 2285/2285 2267/2267
f 1862/1862 2283/2283 2296/2296
f 2283/2283 1754/1754 2292/2292
f 2296/2296 2292/2292 1864/1864
f 2283/2283 2292/2292 2296/2296
f 1858/1858 2294/2294 2268/2268
f 2294/2294 1864/1864 2291/2291
f 2268/2268 2291/2291 1753/1753
f 2294/2294 2291/2291 2268/2268
f 1862/1862 2296/2296 2285/2285
f 2296/2296 1864/1864 2294/2294
f 2285/2285 2294/2294 1858/1858
f 2296/2296 2294/2294 2285/2285
f 1721/1721 1944/1944 2195/2195
f 1944/1944 1778/1778 2197/2197
f 2195/2195 2197/2197 1841/1841
f 1944/1944 2197/2197 2195/2195
f 1778/1778 1945/1945 2204/2204
f 1945/1945 1734/1734 2202/2202
f 2204/2204 2202/2202 1843/1843
f 1945/1945 2202/2202 2204/2204
f 1841/1841 2206/2206 2196/2196
f 2206/2206 1843/1843 2203/2203
f 2196/2196 2203/2203 1750/1750
f 2206/2206 2203/2203 2196/2196
f 1778/1778 2204/2204 2197/2197
f 2204/2204 1843/1843 2206/2206
f 2197/2197 2206/2206 1841/1841
f 2204/2204 2206/2206 2197/2197
f 1734/1734 1942/1942 2191/2191
f 1942/1942 1777/1777 2193/2193
f 2191/2191 2193/2193 1840/1840
f 1942/1942 2193/2193 2191/2191
f 1777/1777 1941/1941 2188/2188
f 1941/1941 1717/1717 2186/2186
f 2188/2188 2186/2186 1838/1838
f 1941/1941 2186/2186 2188/2188
f 1840/1840 2194/2194 2192/2192
f 2194/2194 1838/1838 2187/2187
f 2192/2192 2187/2187 1749/1749
f 2194/2194 2187/2187 2192/2192
f 1777/1777 2188/2188 2193/2193
f 2188/2188 1838/1838 2194/2194
f 2193/2193 2194/2194 1840/1840
f 2188/2188 2194/2194 2193/2193
f 1750/1750 2212/2212 2200/2200
f 2212/2212 1845/1845 2215/2215
f 2200/2200 2215/2215 1842/1842
f 2212/2212 2215/2215 2200/2200
f 1845/1845 2211/2211 2213/2213
f 2211/2211 1749/1749 2190/2190
f 2213/2213 2190/2190 1839/1839
f 2211/2211 2190/2190 2213/2213
f 1842/1842 2201/2201 2199/2199
f 2201/2201 1839/1839 2189/2189
f 2199/2199 2189/2189 1725/1725
f 2201/2201 2189/2189 2199/2199
f 1845/1845 2213/2213 2215/2215
f 2213/2213 1839/1839 2201/2201
f 2215/2215 2201/2201 1842/1842
f 2213/2213 2201/2201 2215/2215
f 1734/1734 2191/2191 2202/2202
f 2191/2191 1840/1840 2205/2205
f 2202/2202 2205/2205 1843/1843
f 2191/2191 2205/2205 2202/2202
f 1840/1840 2192/2192 2214/2214
f 2192/2192 1749/1749 2211/2211
f 2214/2214 2211/2211 1845/1845
f 2192/2192 2211/2211 2214/2214
f 1843/1843 2216/2216 2203/2203
f 2216/2216 1845/1845 2212/2212
f 2203/2203 2212/2212 1750/1750
f 2216/2216 2212/2212 2203/2203
f 1840/1840 2214/2214 2205/2205
f 2214/2214 1845/1845 2216/2216
f 2205/2205 2216/2216 1843/1843
f 2214/2214 2216/2216 2205/2205
f 1723/1723 2019/2019 2041/2041
f 2019/2019 1800/1800 2044/2044
f 2041/2041 2044/2044 1805/1805
f 2019/2019 2044/2044 2041/2041
f 1800/1800 2020/2020 2063/2063
f 2020/2020 1741/1741 2061/2061
f 2063/2063 2061/2061 1809/1809
f 2020/2020 2061/2061 2063/2063
f 1805/1805 2065/2065 2042/2042
f 2065/2065 1809/1809 2062/2062
f 2042/2042 2062/2062 1742/1742
f 2065/2065 2062/2062 2042/2042
f 1800/1800 2063/2063 2044/2044
f 2063/2063 1809/1809 2065/2065
f 2044/2044 2065/2065 1805/1805
f 2063/2063 2065/2065 2044/2044
f 1741/1741 2016/2016 2028/2028
f 2016/2016 1799/1799 2030/2030
f 2028/2028 2030/2030 1802/1802
f 2016/2016 2030/2030 2028/2028
f 1799/1799 2015/2015 2018/2018
f 2015/2015 1721/1721 1993/1993
f 2018/2018 1993/1993 1791/1791
f 2015/2015 1993/1993 2018/2018
f 1802/1802 2029/2029 2027/2027
f 2029/2029 1791/1791 1994/1994
f 2027/2027 1994/1994 1738/1738
f 2029/2029 1994/1994 2027/2027
f 1799/1799 2018/2018 2030/2030
f 2018/2018 1791/1791 2029/2029
f 2030/2030 2029/2029 1802/1802
f 2018/2018 2029/2029 2030/2030
f 1742/1742 2051/2051 2038/2038
f 2051/2051 1807/1807 2054/2054
f 2038/2038 2054/2054 1804/1804
f 2051/2051 2054/2054 2038/2038
f 1807/1807 2050/2050 2052/2052
f 2050/2050 1738/1738 1996/1996
f 2052/2052 1996/1996 1792/1792
f 2050/2050 1996/1996 2052/2052
f 1804/1804 2040/2040 2037/2037
f 2040/2040 1792/1792 1995/1995
f 2037/2037 1995/1995 1722/1722
f 2040/2040 1995/1995 2037/2037
f 1807/1807 2052/2052 2054/2054
f 2052/2052 1792/1792 2040/2040
f 2054/2054 2040/2040 1804/1804
f 2052/2052 2040/2040 2054/2054
f 1741/1741 2028/2028 2061/2061
f 2028/2028 1802/1802 2064/2064
f 2061/2061 2064/2064 1809/1809
f 2028/2028 2064/2064 2061/2061
f 1802/1802 2027/2027 2053/2053
f 2027/2027 1738/1738 2050/2050
f 2053/2053 2050/2050 1807/1807
f 2027/2027 2050/2050 2053/2053
f 1809/1809 2066/2066 2062/2062
f 2066/2066 1807/1807 2051/2051
f 2062/2062 2051/2051 1742/1742
f 2066/2066 2051/2051 2062/2062
f 1802/1802 2053/2053 2064/2064
f 2053/2053 1807/1807 2066/2066
f 2064/2064 2066/2066 1809/1809
f 2053/2053 2066/2066 2064/2064
f 1724/1724 2151/2151 2071/2071
f 2151/2151 1830/1830 2153/2153
f 2071/2071 2153/2153 1811/1811
f 2151/2151 2153/2153 2071/2071
f 1830/1830 2152/2152 2169/2169
f 2152/2152 1747/1747 2166/2166
f 2169/2169 2166/2166 1833/1833
f 2152/2152 2166/2166 2169/2169
f 1811/1811 2167/2167 2072/2072
f 2167/2167 1833/1833 2165/2165
f 2072/2072 2165/2165 1743/1743
f 2167/2167 2165/2165 2072/2072
f 1830/1830 2169/2169 2153/2153
f 2169/2169 1833/1833 2167/2167
f 2153/2153 2167/2167 1811/1811
f 2169/2169 2167/2167 2153/2153
f 1747/1747 2148/2148 2156/2156
f 2148/2148 1829/1829 2159/2159
f 2156/2156 2159/2159 1831/1831
f 2148/2148 2159/2159 2156/2156
f 1829/1829 2147/2147 2149/2149
f 2147/2147 1723/1723 2000/2000
f 2149/2149 2000/2000 1794/1794
f 2147/2147 2000/2000 2149/2149
f 1831/1831 2157/2157 2155/2155
f 2157/2157 1794/1794 2001/2001
f 2155/2155 2001/2001 1739/1739
f 2157/2157 2001/2001 2155/2155
f 1829/1829 2149/2149 2159/2159
f 2149/2149 1794/1794 2157/2157
f 2159/2159 2157/2157 1831/1831
f 2149/2149 2157/2157 2159/2159
f 1743/1743 2078/2078 2068/2068
f 2078/2078 1813/1813 2080/2080
f 2068/2068 2080/2080 1810/1810
f 2078/2078 2080/2080 2068/2068
f 1813/1813 2077/2077 2079/2079
f 2077/2077 1739/1739 1998/1998
f 2079/2079 1998/1998 1793/1793
f 2077/2077 1998/1998 2079/2079
f 1810/1810 2070/2070 2067/2067
f 2070/2070 1793/1793 1997/1997
f 2067/2067 1997/1997 1716/1716
f 2070/2070 1997/1997 2067/2067
f 1813/1813 2079/2079 2080/2080
f 2079/2079 1793/1793 2070/2070
f 2080/2080 2070/2070 1810/1810
f 2079/2079 2070/2070 2080/2080
f 1747/1747 2156/2156 2166/2166
f 2156/2156 1831/1831 2170/2170
f 2166/2166 2170/2170 1833/1833
f 2156/2156 2170/2170 2166/2166
f 1831/1831 2155/2155 2158/2158
f 2155/2155 1739/1739 2077/2077
f 2158/2158 2077/2077 1813/1813
f 2155/2155 2077/2077 2158/2158
f 1833/1833 2168/2168 2165/2165
f 2168/2168 1813/1813 2078/2078
f 2165/2165 2078/2078 1743/1743
f 2168/2168 2078/2078 2165/2165
f 1831/1831 2158/2158 2170/2170
f 2158/2158 1813/1813 2168/2168
f 2170/2170 2168/2168 1833/1833
f 2158/2158 2168/2168 2170/2170
f 2357/2357 2889/2889 2553/2553
f 2889/2889 2494/2494 2891/2891
f 2553/2553 2891/2891 2410/2410
f 2889/2889 2891/2891 2553/2553
f 2494/2494 2890/2890 2898/2898
f 2890/2890 2394/2394 2896/2896
f 2898/2898 2896/2896 2496/2496
f 2890/2890 2896/2896 2898/2898
f 2410/2410 2897/2897 2554/2554
f 2897/2897 2496/2496 2895/2895
f 2554/2554 2895/2895 2373/2373
f 2897/2897 2895/2895 2554/2554
f 2494/2494 2898/2898 2891/2891
f 2898/2898 2496/2496 2897/2897
f 2891/2891 2897/2897 2410/2410
f 2898/2898 2897/2897 2891/2891
f 2394/2394 2894/2894 2957/2957
f 2894/2894 2495/2495 2959/2959
f 2957/2957 2959/2959 2511/2511
f 2894/2894 2959/2959 2957/2957
f 2495/2495 2893/2893 2945/2945
f 2893/2893 2368/2368 2943/2943
f 2945/2945 2943/2943 2508/2508
f 2893/2893 2943/2943 2945/2945
f 2511/2511 2961/2961 2958/2958
f 2961/2961 2508/2508 2944/2944
f 2958/2958 2944/2944 2397/2397
f 2961/2961 2944/2944 2958/2958
f 2495/2495 2945/2945 2959/2959
f 2945/2945 2508/2508 2961/2961
f 2959/2959 2961/2961 2511/2511
f 2945/2945 2961/2961 2959/2959
f 2373/2373 2947/2947 2557/2557
f 2947/2947 2509/2509 2949/2949
f 2557/2557 2949/2949 2411/2411
f 2947/2947 2949/2949 2557/2557
f 2509/2509 2948/2948 2951/2951
f 2948/2948 2397/2397 2940/2940
f 2951/2951 2940/2940 2507/2507
f 2948/2948 2940/2940 2951/2951
f 2411/2411 2941/2941 2556/2556
f 2941/2941 2507/2507 2939/2939
f 2556/2556 2939/2939 2362/2362
f 2941/2941 2939/2939 2556/2556
f 2509/2509 2951/2951 2949/2949
f 2951/2951 2507/2507 2941/2941
f 2949/2949 2941/2941 2411/2411
f 2951/2951 2941/2941 2949/2949
f 2394/2394 2957/2957 2896/2896
f 2957/2957 2511/2511 2960/2960
f 2896/2896 2960/2960 2496/2496
f 2957/2957 2960/2960 2896/2896
f 2511/2511 2958/2958 2962/2962
f 2958/2958 2397/2397 2948/2948
f 2962/2962 2948/2948 2509/2509
f 2958/2958 2948/2948 2962/2962
f 2496/2496 2950/2950 2895/2895
f 2950/2950 2509/2509 2947/2947
f 2895/2895 2947/2947 2373/2373
f 2950/2950 2947/2947 2895/2895
f 2511/2511 2962/2962 2960/2960
f 2962/2962 2509/2509 2950/2950
f 2960/2960 2950/2950 2496/2496
f 2962/2962 2950/2950 2960/2960
f 2357/2357 2553/2553 2519/2519
f 2553/2553 2410/2410 2555/2555
f 2519/2519 2555/2555 2399/2399
f 2553/2553 2555/2555 2519/2519
f 2410/2410 2554/2554 2561/2561
f 2554/2554 2373/2373 2559/2559
f 2561/2561 2559/2559 2412/2412
f 2554/2554 2559/2559 2561/2561
f 2399/2399 2560/2560 2520/2520
f 2560/2560 2412/2412 2558/2558
f 2520/2520 2558/2558 2369/2369
f 2560/2560 2558/2558 2520/2520
f 2410/2410 2561/2561 2555/2555
f 2561/2561 2412/2412 2560/2560
f 2555/2555 2560/2560 2399/2399
f 2561/2561 2560/2560 2555/2555
f 2373/2373 2557/2557 2573/2573
f 2557/2557 2411/2411 2575/2575
f 2573/2573 2575/2575 2416/2416
f 2557/2557 2575/2575 2573/2573
f 2411/2411 2556/2556 2567/2567
f 2556/2556 2362/2362 2565/2565
f 2567/2567 2565/2565 2414/2414
f 2556/2556 2565/2565 2567/2567
f 2416/2416 2577/2577 2574/2574
f 2577/2577 2414/2414 2566/2566
f 2574/2574 2566/2566 2374/2374
f 2577/2577 2566/2566 2574/2574
f 2411/2411 2567/2567 2575/2575
f 2567/2567 2414/2414 2577/2577
f 2575/2575 2577/2577 2416/2416
f 2567/2567 2577/2577 2575/2575
f 2369/2369 2568/2568 2522/2522
f 2568/2568 2415/2415 2570/2570
f 2522/2522 2570/2570 2400/2400
f 2568/2568 2570/2570 2522/2522
f 2415/2415 2569/2569 2572/2572
f 2569/2569 2374/2374 2563/2563
f 2572/2572 2563/2563 2413/2413
f 2569/2569 2563/2563 2572/2572
f 2400/2400 2564/2564 2521/2521
f 2564/2564 2413/2413 2562/2562
f 2521/2521 2562/2562 2358/2358
f 2564/2564 2562/2562 2521/2521
f 2415/2415 2572/2572 2570/2570
f 2572/2572 2413/2413 2564/2564
f 2570/2570 2564/2564 2400/2400
f 2572/2572 2564/2564 2570/2570
f 2373/2373 2573/2573 2559/2559
f 2573/2573 2416/2416 2576/2576
f 2559/2559 2576/2576 2412/2412
f 2573/2573 2576/2576 2559/2559
f 2416/2416 2574/2574 2578/2578
f 2574/2574 2374/2374 2569/2569
f 2578/2578 2569/2569 2415/2415
f 2574/2574 2569/2569 2578/2578
f 2412/2412 2571/2571 2558/2558
f 2571/2571 2415/2415 2568/2568
f 2558/2558 2568/2568 2369/2369
f 2571/2571 2568/2568 2558/2558
f 2416/2416 2578/2578 2576/2576
f 2578/2578 2415/2415 2571/2571
f 2576/2576 2571/2571 2412/2412
f 2578/2578 2571/2571 2576/2576
f 2357/2357 2519/2519 2609/2609
f 2519/2519 2399/2399 2611/2611
f 2609/2609 2611/2611 2426/2426
f 2519/2519 2611/2611 2609/2609
f 2399/2399 2520/2520 2616/2616
f 2520/2520 2369/2369 2614/2614
f 2616/2616 2614/2614 2428/2428
f 2520/2520 2614/2614 2616/2616
f 2426/2426 2617/2617 2610/2610
f 2617/2617 2428/2428 2615/2615
f 2610/2610 2615/2615 2378/2378
f 2617/2617 2615/2615 2610/2610
f 2399/2399 2616/2616 2611/2611
f 2616/2616 2428/2428 2617/2617
f 2611/2611 2617/2617 2426/2426
f 2616/2616 2617/2617 2611/2611
f 2369/2369 2522/2522 2624/2624
f 2522/2522 2400/2400 2626/2626
f 2624/2624 2626/2626 2431/2431
f 2522/2522 2626/2626 2624/2624
f 2400/2400 2521/2521 2620/2620
f 2521/2521 2358/2358 2618/2618
f 2620/2620 2618/2618 2429/2429
f 2521/2521 2618/2618 2620/2620
f 2431/2431 2628/2628 2625/2625
f 2628/2628 2429/2429 2619/2619
f 2625/2625 2619/2619 2379/2379
f 2628/2628 2619/2619 2625/2625
f 2400/2400 2620/2620 2626/2626
f 2620/2620 2429/2429 2628/2628
f 2626/2626 2628/2628 2431/2431
f 2620/2620 2628/2628 2626/2626
f 2378/2378 2629/2629 2613/2613
f 2629/2629 2432/2432 2631/2631
f 2613/2613 2631/2631 2427/2427
f 2629/2629 2631/2631 2613/2613
f 2432/2432 2630/2630 2633/2633
f 2630/2630 2379/2379 2622/2622
f 2633/2633 2622/2622 2430/2430
f 2630/2630 2622/2622 2633/2633
f 2427/2427 2623/2623 2612/2612
f 2623/2623 2430/2430 2621/2621
f 2612/2612 2621/2621 2364/2364
f 2623/2623 2621/2621 2612/2612
f 2432/2432 2633/2633 2631/2631
f 2633/2633 2430/2430 2623/2623
f 2631/2631 2623/2623 2427/2427
f 2633/2633 2623/2623 2631/2631
f 2369/2369 2624/2624 2614/2614
f 2624/2624 2431/2431 2627/2627
f 2614/2614 2627/2627 2428/2428
f 2624/2624 2627/2627 2614/2614
f 2431/2431 2625/2625 2634/2634
f 2625/2625 2379/2379 2630/2630
f 2634/2634 2630/2630 2432/2432
f 2625/2625 2630/2630 2634/2634
f 2428/2428 2632/2632 2615/2615
f 2632/2632 2432/2432 2629/2629
f 2615/2615 2629/2629 2378/2378
f 2632/2632 2629/2629 2615/2615
f 2431/2431 2634/2634 2627/2627
f 2634/2634 2432/2432 2632/2632
f 2627/2627 2632/2632 2428/2428
f 2634/2634 2632/2632 2627/2627
f 2357/2357 2609/2609 2819/2819
f 2609/2609 2426/2426 2821/2821
f 2819/2819 2821/2821 2477/2477
f 2609/2609 2821/2821 2819/2819
f 2426/2426 2610/2610 2826/2826
f 2610/2610 2378/2378 2824/2824
f 2826/2826 2824/2824 2479/2479
f 2610/2610 2824/2824 2826/2826
f 2477/2477 2827/2827 2820/2820
f 2827/2827 2479/2479 2825/2825
f 2820/2820 2825/2825 2390/2390
f 2827/2827 2825/2825 2820/2820
f 2426/2426 2826/2826 2821/2821
f 2826/2826 2479/2479 2827/2827
f 2821/2821 2827/2827 2477/2477
f 2826/2826 2827/2827 2821/2821
f 2378/2378 2613/2613 2867/2867
f 2613/2613 2427/2427 2869/2869
f 2867/2867 2869/2869 2490/2490
f 2613/2613 2869/2869 2867/2867
f 2427/2427 2612/2612 2861/2861
f 2612/2612 2364/2364 2859/2859
f 2861/2861 2859/2859 2488/2488
f 2612/2612 2859/2859 2861/2861
f 2490/2490 2871/2871 2868/2868
f 2871/2871 2488/2488 2860/2860
f 2868/2868 2860/2860 2393/2393
f 2871/2871 2860/2860 2868/2868
f 2427/2427 2861/2861 2869/2869
f 2861/2861 2488/2488 2871/2871
f 2869/2869 2871/2871 2490/2490
f 2861/2861 2871/2871 2869/2869
f 2390/2390 2877/2877 2823/2823
f 2877/2877 2492/2492 2879/2879
f 2823/2823 2879/2879 2478/2478
f 2877/2877 2879/2879 2823/2823
f 2492/2492 2878/2878 2881/2881
f 2878/2878 2393/2393 2864/2864
f 2881/2881 2864/2864 2489/2489
f 2878/2878 2864/2864 2881/2881
f 2478/2478 2865/2865 2822/2822
f 2865/2865 2489/2489 2863/2863
f 2822/2822 2863/2863 2367/2367
f 2865/2865 2863/2863 2822/2822
f 2492/2492 2881/2881 2879/2879
f 2881/2881 2489/2489 2865/2865
f 2879/2879 2865/2865 2478/2478
f 2881/2881 2865/2865 2879/2879
f 2378/2378 2867/2867 2824/2824
f 2867/2867 2490/2490 2870/2870
f 2824/2824 2870/2870 2479/2479
f 2867/2867 2870/2870 2824/2824
f 2490/2490 2868/2868 2882/2882
f 2868/2868 2393/2393 2878/2878
f 2882/2882 2878/2878 2492/2492
f 2868/2868 2878/2878 2882/2882
f 2479/2479 2880/2880 2825/2825
f 2880/2880 2492/2492 2877/2877
f 2825/2825 2877/2877 2390/2390
f 2880/2880 2877/2877 2825/2825
f 2490/2490 2882/2882 2870/2870
f 2882/2882 2492/2492 2880/2880
f 2870/2870 2880/2880 2479/2479
f 2882/2882 2880/2880 2870/2870
f 2357/2357 2819/2819 2889/2889
f 2819/2819 2477/2477 2892/2892
f 2889/2889 2892/2892 2494/2494
f 2819/2819 2892/2892 2889/2889
f 2477/2477 2820/2820 2901/2901
f 2820/2820 2390/2390 2899/2899
f 2901/2901 2899/2899 2497/2497
f 2820/2820 2899/2899 2901/2901
f 2494/2494 2902/2902 2890/2890
f 2902/2902 2497/2497 2900/2900
f 2890/2890 2900/2900 2394/2394
f 2902/2902 2900/2900 2890/2890
f 2477/2477 2901/2901 2892/2892
f 2901/2901 2497/2497 2902/2902
f 2892/2892 2902/2902 2494/2494
f 2901/2901 2902/2902 2892/2892
f 2390/2390 2823/2823 2977/2977
f 2823/2823 2478/2478 2979/2979
f 2977/2977 2979/2979 2515/2515
f 2823/2823 2979/2979 2977/2977
f 2478/2478 2822/2822 2971/2971
f 2822/2822 2367/2367 2969/2969
f 2971/2971 2969/2969 2513/2513
f 2822/2822 2969/2969 2971/2971
f 2515/2515 2981/2981 2978/2978
f 2981/2981 2513/2513 2970/2970
f 2978/2978 2970/2970 2398/2398
f 2981/2981 2970/2970 2978/2978
f 2478/2478 2971/2971 2979/2979
f 2971/2971 2513/2513 2981/2981
f 2979/2979 2981/2981 2515/2515
f 2971/2971 2981/2981 2979/2979
f 2394/2394 2987/2987 2894/2894
f 2987/2987 2517/2517 2989/2989
f 2894/2894 2989/2989 2495/2495
f 2987/2987 2989/2989 2894/2894
f 2517/2517 2988/2988 2991/2991
f 2988/2988 2398/2398 2974/2974
f 2991/2991 2974/2974 2514/2514
f 2988/2988 2974/2974 2991/2991
f 2495/2495 2975/2975 2893/2893
f 2975/2975 2514/2514 2973/2973
f 2893/2893 2973/2973 2368/2368
f 2975/2975 2973/2973 2893/2893
f 2517/2517 2991/2991 2989/2989
f 2991/2991 2514/2514 2975/2975
f 2989/2989 2975/2975 2495/2495
f 2991/2991 2975/2975 2989/2989
f 2390/2390 2977/2977 2899/2899
f 2977/2977 2515/2515 2980/2980
f 2899/2899 2980/2980 2497/2497
f 2977/2977 2980/2980 2899/2899
f 2515/2515 2978/2978 2992/2992
f 2978/2978 2398/2398 2988/2988
f 2992/2992 2988/2988 2517/2517
f 2978/2978 2988/2988 2992/2992
f 2497/2497 2990/2990 2900/2900
f 2990/2990 2517/2517 2987/2987
f 2900/2900 2987/2987 2394/2394
f 2990/2990 2987/2987 2900/2900
f 2515/2515 2992/2992 2980/2980
f 2992/2992 2517/2517 2990/2990
f 2980/2980 2990/2990 2497/2497
f 2992/2992 2990/2990 2980/2980
f 2358/2358 2562/2562 2709/2709
f 2562/2562 2413/2413 2711/2711
f 2709/2709 2711/2711 2452/2452
f 2562/2562 2711/2711 2709/2709
f 2413/2413 2563/2563 2717/2717
f 2563/2563 2374/2374 2715/2715
f 2717/2717 2715/2715 2454/2454
f 2563/2563 2715/2715 2717/2717
f 2452/2452 2718/2718 2710/2710
f 2718/2718 2454/2454 2716/2716
f 2710/2710 2716/2716 2385/2385
f 2718/2718 2716/2716 2710/2710
f 2413/2413 2717/2717 2711/2711
f 2717/2717 2454/2454 2718/2718
f 2711/2711 2718/2718 2452/2452
f 2717/2717 2718/2718 2711/2711
f 2374/2374 2566/2566 2767/2767
f 2566/2566 2414/2414 2769/2769
f 2767/2767 2769/2769 2467/2467
f 2566/2566 2769/2769 2767/2767
f 2414/2414 2565/2565 2761/2761
f 2565/2565 2362/2362 2759/2759
f 2761/2761 2759/2759 2465/2465
f 2565/2565 2759/2759 2761/2761
f 2467/2467 2771/2771 2768/2768
f 2771/2771 2465/2465 2760/2760
f 2768/2768 2760/2760 2388/2388
f 2771/2771 2760/2760 2768/2768
f 2414/2414 2761/2761 2769/2769
f 2761/2761 2465/2465 2771/2771
f 2769/2769 2771/2771 2467/2467
f 2761/2761 2771/2771 2769/2769
f 2385/2385 2777/2777 2714/2714
f 2777/2777 2469/2469 2779/2779
f 2714/2714 2779/2779 2453/2453
f 2777/2777 2779/2779 2714/2714
f 2469/2469 2778/2778 2781/2781
f 2778/2778 2388/2388 2764/2764
f 2781/2781 2764/2764 2466/2466
f 2778/2778 2764/2764 2781/2781
f 2453/2453 2765/2765 2713/2713
f 2765/2765 2466/2466 2763/2763
f 2713/2713 2763/2763 2366/2366
f 2765/2765 2763/2763 2713/2713
f 2469/2469 2781/2781 2779/2779
f 2781/2781 2466/2466 2765/2765
f 2779/2779 2765/2765 2453/2453
f 2781/2781 2765/2765 2779/2779
f 2374/2374 2767/2767 2715/2715
f 2767/2767 2467/2467 2770/2770
f 2715/2715 2770/2770 2454/2454
f 2767/2767 2770/2770 2715/2715
f 2467/2467 2768/2768 2782/2782
f 2768/2768 2388/2388 2778/2778
f 2782/2782 2778/2778 2469/2469
f 2768/2768 2778/2778 2782/2782
f 2454/2454 2780/2780 2716/2716
f 2780/2780 2469/2469 2777/2777
f 2716/2716 2777/2777 2385/2385
f 2780/2780 2777/2777 2716/2716
f 2467/2467 2782/2782 2770/2770
f 2782/2782 2469/2469 2780/2780
f 2770/2770 2780/2780 2454/2454
f 2782/2782 2780/2780 2770/2770
f 2362/2362 2939/2939 2581/2581
f 2939/2939 2507/2507 2942/2942
f 2581/2581 2942/2942 2418/2418
f 2939/2939 2942/2942 2581/2581
f 2507/2507 2940/2940 2956/2956
f 2940/2940 2397/2397 2953/2953
f 2956/2956 2953/2953 2510/2510
f 2940/2940 2953/2953 2956/2956
f 2418/2418 2954/2954 2582/2582
f 2954/2954 2510/2510 2952/2952
f 2582/2582 2952/2952 2375/2375
f 2954/2954 2952/2952 2582/2582
f 2507/2507 2956/2956 2942/2942
f 2956/2956 2510/2510 2954/2954
f 2942/2942 2954/2954 2418/2418
f 2956/2956 2954/2954 2942/2942
f 2397/2397 2944/2944 2964/2964
f 2944/2944 2508/2508 2967/2967
f 2964/2964 2967/2967 2512/2512
f 2944/2944 2967/2967 2964/2964
f 2508/2508 2943/2943 2946/2946
f 2943/2943 2368/2368 2921/2921
f 2946/2946 2921/2921 2503/2503
f 2943/2943 2921/2921 2946/2946
f 2512/2512 2965/2965 2963/2963
f 2965/2965 2503/2503 2922/2922
f 2963/2963 2922/2922 2396/2396
f 2965/2965 2922/2922 2963/2963
f 2508/2508 2946/2946 2967/2967
f 2946/2946 2503/2503 2965/2965
f 2967/2967 2965/2965 2512/2512
f 2946/2946 2965/2965 2967/2967
f 2375/2375 2929/2929 2580/2580
f 2929/2929 2505/2505 2931/2931
f 2580/2580 2931/2931 2417/2417
f 2929/2929 2931/2931 2580/2580
f 2505/2505 2930/2930 2932/2932
f 2930/2930 2396/2396 2918/2918
f 2932/2932 2918/2918 2502/2502
f 2930/2930 2918/2918 2932/2932
f 2417/2417 2920/2920 2579/2579
f 2920/2920 2502/2502 2917/2917
f 2579/2579 2917/2917 2361/2361
f 2920/2920 2917/2917 2579/2579
f 2505/2505 2932/2932 2931/2931
f 2932/2932 2502/2502 2920/2920
f 2931/2931 2920/2920 2417/2417
f 2932/2932 2920/2920 2931/2931
f 2397/2397 2964/2964 2953/2953
f 2964/2964 2512/2512 2968/2968
f 2953/2953 2968/2968 2510/2510
f 2964/2964 2968/2968 2953/2953
f 2512/2512 2963/2963 2966/2966
f 2963/2963 2396/2396 2930/2930
f 2966/2966 2930/2930 2505/2505
f 2963/2963 2930/2930 2966/2966
f 2510/2510 2955/2955 2952/2952
f 2955/2955 2505/2505 2929/2929
f 2952/2952 2929/2929 2375/2375
f 2955/2955 2929/2929 2952/2952
f 2512/2512 2966/2966 2968/2968
f 2966/2966 2505/2505 2955/2955
f 2968/2968 2955/2955 2510/2510
f 2966/2966 2955/2955 2968/2968
f 2368/2368 2973/2973 2907/2907
f 2973/2973 2514/2514 2976/2976
f 2907/2907 2976/2976 2499/2499
f 2973/2973 2976/2976 2907/2907
f 2514/2514 2974/2974 2997/2997
f 2974/2974 2398/2398 2994/2994
f 2997/2997 2994/2994 2518/2518
f 2974/2974 2994/2994 2997/2997
f 2499/2499 2995/2995 2908/2908
f 2995/2995 2518/2518 2993/2993
f 2908/2908 2993/2993 2395/2395
f 2995/2995 2993/2993 2908/2908
f 2514/2514 2997/2997 2976/2976
f 2997/2997 2518/2518 2995/2995
f 2976/2976 2995/2995 2499/2499
f 2997/2997 2995/2995 2976/2976
f 2398/2398 2970/2970 2983/2983
f 2970/2970 2513/2513 2986/2986
f 2983/2983 2986/2986 2516/2516
f 2970/2970 2986/2986 2983/2983
f 2513/2513 2969/2969 2972/2972
f 2969/2969 2367/2367 2831/2831
f 2972/2972 2831/2831 2481/2481
f 2969/2969 2831/2831 2972/2972
f 2516/2516 2984/2984 2982/2982
f 2984/2984 2481/2481 2832/2832
f 2982/2982 2832/2832 2391/2391
f 2984/2984 2832/2832 2982/2982
f 2513/2513 2972/2972 2986/2986
f 2972/2972 2481/2481 2984/2984
f 2986/2986 2984/2984 2516/2516
f 2972/2972 2984/2984 2986/2986
f 2395/2395 2914/2914 2904/2904
f 2914/2914 2501/2501 2916/2916
f 2904/2904 2916/2916 2498/2498
f 2914/2914 2916/2916 2904/2904
f 2501/2501 2913/2913 2915/2915
f 2913/2913 2391/2391 2829/2829
f 2915/2915 2829/2829 2480/2480
f 2913/2913 2829/2829 2915/2915
f 2498/2498 2906/2906 2903/2903
f 2906/2906 2480/2480 2828/2828
f 2903/2903 2828/2828 2359/2359
f 2906/2906 2828/2828 2903/2903
f 2501/2501 2915/2915 2916/2916
f 2915/2915 2480/2480 2906/2906
f 2916/2916 2906/2906 2498/2498
f 2915/2915 2906/2906 2916/2916
f 2398/2398 2983/2983 2994/2994
f 2983/2983 2516/2516 2998/2998
f 2994/2994 2998/2998 2518/2518
f 2983/2983 2998/2998 2994/2994
f 2516/2516 2982/2982 2985/2985
f 2982/2982 2391/2391 2913/2913
f 2985/2985 2913/2913 2501/2501
f 2982/2982 2913/2913 2985/2985
f 2518/2518 2996/2996 2993/2993
f 2996/2996 2501/2501 2914/2914
f 2993/2993 2914/2914 2395/2395
f 2996/2996 2914/2914 2993/2993
f 2516/2516 2985/2985 2998/2998
f 2985/2985 2501/2501 2996/2996
f 2998/2998 2996/2996 2518/2518
f 2985/2985 2996/2996 2998/2998
f 2367/2367 2863/2863 2841/2841
f 2863/2863 2489/2489 2866/2866
f 2841/2841 2866/2866 2484/2484
f 2863/2863 2866/2866 2841/2841
f 2489/2489 2864/2864 2887/2887
f 2864/2864 2393/2393 2884/2884
f 2887/2887 2884/2884 2493/2493
f 2864/2864 2884/2884 2887/2887
f 2484/2484 2885/2885 2842/2842
f 2885/2885 2493/2493 2883/2883
f 2842/2842 2883/2883 2392/2392
f 2885/2885 2883/2883 2842/2842
f 2489/2489 2887/2887 2866/2866
f 2887/2887 2493/2493 2885/2885
f 2866/2866 2885/2885 2484/2484
f 2887/2887 2885/2885 2866/2866
f 2393/2393 2860/2860 2873/2873
f 2860/2860 2488/2488 2876/2876
f 2873/2873 2876/2876 2491/2491
f 2860/2860 2876/2876 2873/2873
f 2488/2488 2859/2859 2862/2862
f 2859/2859 2364/2364 2637/2637
f 2862/2862 2637/2637 2434/2434
f 2859/2859 2637/2637 2862/2862
f 2491/2491 2874/2874 2872/2872
f 2874/2874 2434/2434 2638/2638
f 2872/2872 2638/2638 2380/2380
f 2874/2874 2638/2638 2872/2872
f 2488/2488 2862/2862 2876/2876
f 2862/2862 2434/2434 2874/2874
f 2876/2876 2874/2874 2491/2491
f 2862/2862 2874/2874 2876/2876
f 2392/2392 2850/2850 2838/2838
f 2850/2850 2486/2486 2852/2852
f 2838/2838 2852/2852 2483/2483
f 2850/2850 2852/2852 2838/2838
f 2486/2486 2849/2849 2851/2851
f 2849/2849 2380/2380 2636/2636
f 2851/2851 2636/2636 2433/2433
f 2849/2849 2636/2636 2851/2851
f 2483/2483 2840/2840 2837/2837
f 2840/2840 2433/2433 2635/2635
f 2837/2837 2635/2635 2363/2363
f 2840/2840 2635/2635 2837/2837
f 2486/2486 2851/2851 2852/2852
f 2851/2851 2433/2433 2840/2840
f 2852/2852 2840/2840 2483/2483
f 2851/2851 2840/2840 2852/2852
f 2393/2393 2873/2873 2884/2884
f 2873/2873 2491/2491 2888/2888
f 2884/2884 2888/2888 2493/2493
f 2873/2873 2888/2888 2884/2884
f 2491/2491 2872/2872 2875/2875
f 2872/2872 2380/2380 2849/2849
f 2875/2875 2849/2849 2486/2486
f 2872/2872 2849/2849 2875/2875
f 2493/2493 2886/2886 2883/2883
f 2886/2886 2486/2486 2850/2850
f 2883/2883 2850/2850 2392/2392
f 2886/2886 2850/2850 2883/2883
f 2491/2491 2875/2875 2888/2888
f 2875/2875 2486/2486 2886/2886
f 2888/2888 2886/2886 2493/2493
f 2875/2875 2886/2886 2888/2888
f 2364/2364 2621/2621 2679/2679
f 2621/2621 2430/2430 2681/2681
f 2679/2679 2681/2681 2446/2446
f 2621/2621 2681/2681 2679/2679
f 2430/2430 2622/2622 2689/2689
f 2622/2622 2379/2379 2687/2687
f 2689/2689 2687/2687 2448/2448
f 2622/2622 2687/2687 2689/2689
f 2446/2446 2691/2691 2680/2680
f 2691/2691 2448/2448 2688/2688
f 2680/2680 2688/2688 2384/2384
f 2691/2691 2688/2688 2680/2680
f 2430/2430 2689/2689 2681/2681
f 2689/2689 2448/2448 2691/2691
f 2681/2681 2691/2691 2446/2446
f 2689/2689 2691/2691 2681/2681
f 2379/2379 2619/2619 2644/2644
f 2619/2619 2429/2429 2646/2646
f 2644/2644 2646/2646 2437/2437
f 2619/2619 2646/2646 2644/2644
f 2429/2429 2618/2618 2641/2641
f 2618/2618 2358/2358 2639/2639
f 2641/2641 2639/2639 2435/2435
f 2618/2618 2639/2639 2641/2641
f 2437/2437 2647/2647 2645/2645
f 2647/2647 2435/2435 2640/2640
f 2645/2645 2640/2640 2381/2381
f 2647/2647 2640/2640 2645/2645
f 2429/2429 2641/2641 2646/2646
f 2641/2641 2435/2435 2647/2647
f 2646/2646 2647/2647 2437/2437
f 2641/2641 2647/2647 2646/2646
f 2384/2384 2698/2698 2684/2684
f 2698/2698 2450/2450 2701/2701
f 2684/2684 2701/2701 2447/2447
f 2698/2698 2701/2701 2684/2684
f 2450/2450 2697/2697 2699/2699
f 2697/2697 2381/2381 2643/2643
f 2699/2699 2643/2643 2436/2436
f 2697/2697 2643/2643 2699/2699
f 2447/2447 2685/2685 2683/2683
f 2685/2685 2436/2436 2642/2642
f 2683/2683 2642/2642 2365/2365
f 2685/2685 2642/2642 2683/2683
f 2450/2450 2699/2699 2701/2701
f 2699/2699 2436/2436 2685/2685
f 2701/2701 2685/2685 2447/2447
f 2699/2699 2685/2685 2701/2701
f 2379/2379 2644/2644 2687/2687
f 2644/2644 2437/2437 2690/2690
f 2687/2687 2690/2690 2448/2448
f 2644/2644 2690/2690 2687/2687
f 2437/2437 2645/2645 2700/2700
f 2645/2645 2381/2381 2697/2697
f 2700/2700 2697/2697 2450/2450
f 2645/2645 2697/2697 2700/2700
f 2448/2448 2702/2702 2688/2688
f 2702/2702 2450/2450 2698/2698
f 2688/2688 2698/2698 2384/2384
f 2702/2702 2698/2698 2688/2688
f 2437/2437 2700/2700 2690/2690
f 2700/2700 2450/2450 2702/2702
f 2690/2690 2702/2702 2448/2448
f 2700/2700 2702/2702 2690/2690
f 2360/2360 2723/2723 2536/2536
f 2723/2723 2456/2456 2725/2725
f 2536/2536 2725/2725 2406/2406
f 2723/2723 2725/2725 2536/2536
f 2456/2456 2724/2724 2732/2732
f 2724/2724 2386/2386 2730/2730
f 2732/2732 2730/2730 2458/2458
f 2724/2724 2730/2730 2732/2732
f 2406/2406 2731/2731 2537/2537
f 2731/2731 2458/2458 2729/2729
f 2537/2537 2729/2729 2372/2372
f 2731/2731 2729/2729 2537/2537
f 2456/2456 2732/2732 2725/2725
f 2732/2732 2458/2458 2731/2731
f 2725/2725 2731/2731 2406/2406
f 2732/2732 2731/2731 2725/2725
f 2386/2386 2728/2728 2753/2753
f 2728/2728 2457/2457 2755/2755
f 2753/2753 2755/2755 2464/2464
f 2728/2728 2755/2755 2753/2753
f 2457/2457 2727/2727 2743/2743
f 2727/2727 2366/2366 2741/2741
f 2743/2743 2741/2741 2461/2461
f 2727/2727 2741/2741 2743/2743
f 2464/2464 2757/2757 2754/2754
f 2757/2757 2461/2461 2742/2742
f 2754/2754 2742/2742 2387/2387
f 2757/2757 2742/2742 2754/2754
f 2457/2457 2743/2743 2755/2755
f 2743/2743 2461/2461 2757/2757
f 2755/2755 2757/2757 2464/2464
f 2743/2743 2757/2757 2755/2755
f 2372/2372 2744/2744 2540/2540
f 2744/2744 2462/2462 2746/2746
f 2540/2540 2746/2746 2407/2407
f 2744/2744 2746/2746 2540/2540
f 2462/2462 2745/2745 2748/2748
f 2745/2745 2387/2387 2738/2738
f 2748/2748 2738/2738 2460/2460
f 2745/2745 2738/2738 2748/2748
f 2407/2407 2739/2739 2539/2539
f 2739/2739 2460/2460 2737/2737
f 2539/2539 2737/2737 2361/2361
f 2739/2739 2737/2737 2539/2539
f 2462/2462 2748/2748 2746/2746
f 2748/2748 2460/2460 2739/2739
f 2746/2746 2739/2739 2407/2407
f 2748/2748 2739/2739 2746/2746
f 2386/2386 2753/2753 2730/2730
f 2753/2753 2464/2464 2756/2756
f 2730/2730 2756/2756 2458/2458
f 2753/2753 2756/2756 2730/2730
f 2464/2464 2754/2754 2758/2758
f 2754/2754 2387/2387 2745/2745
f 2758/2758 2745/2745 2462/2462
f 2754/2754 2745/2745 2758/2758
f 2458/2458 2747/2747 2729/2729
f 2747/2747 2462/2462 2744/2744
f 2729/2729 2744/2744 2372/2372
f 2747/2747 2744/2744 2729/2729
f 2464/2464 2758/2758 2756/2756
f 2758/2758 2462/2462 2747/2747
f 2756/2756 2747/2747 2458/2458
f 2758/2758 2747/2747 2756/2756
f 2360/2360 2536/2536 2525/2525
f 2536/2536 2406/2406 2538/2538
f 2525/2525 2538/2538 2402/2402
f 2536/2536 2538/2538 2525/2525
f 2406/2406 2537/2537 2546/2546
f 2537/2537 2372/2372 2543/2543
f 2546/2546 2543/2543 2408/2408
f 2537/2537 2543/2543 2546/2546
f 2402/2402 2544/2544 2526/2526
f 2544/2544 2408/2408 2542/2542
f 2526/2526 2542/2542 2370/2370
f 2544/2544 2542/2542 2526/2526
f 2406/2406 2546/2546 2538/2538
f 2546/2546 2408/2408 2544/2544
f 2538/2538 2544/2544 2402/2402
f 2546/2546 2544/2544 2538/2538
f 2372/2372 2540/2540 2548/2548
f 2540/2540 2407/2407 2551/2551
f 2548/2548 2551/2551 2409/2409
f 2540/2540 2551/2551 2548/2548
f 2407/2407 2539/2539 2541/2541
f 2539/2539 2361/2361 2530/2530
f 2541/2541 2530/2530 2404/2404
f 2539/2539 2530/2530 2541/2541
f 2409/2409 2549/2549 2547/2547
f 2549/2549 2404/2404 2531/2531
f 2547/2547 2531/2531 2371/2371
f 2549/2549 2531/2531 2547/2547
f 2407/2407 2541/2541 2551/2551
f 2541/2541 2404/2404 2549/2549
f 2551/2551 2549/2549 2409/2409
f 2541/2541 2549/2549 2551/2551
f 2370/2370 2532/2532 2524/2524
f 2532/2532 2405/2405 2534/2534
f 2524/2524 2534/2534 2401/2401
f 2532/2532 2534/2534 2524/2524
f 2405/2405 2533/2533 2535/2535
f 2533/2533 2371/2371 2528/2528
f 2535/2535 2528/2528 2403/2403
f 2533/2533 2528/2528 2535/2535
f 2401/2401 2529/2529 2523/2523
f 2529/2529 2403/2403 2527/2527
f 2523/2523 2527/2527 2359/2359
f 2529/2529 2527/2527 2523/2523
f 2405/2405 2535/2535 2534/2534
f 2535/2535 2403/2403 2529/2529
f 2534/2534 2529/2529 2401/2401
f 2535/2535 2529/2529 2534/2534
f 2372/2372 2548/2548 2543/2543
f 2548/2548 2409/2409 2552/2552
f 2543/2543 2552/2552 2408/2408
f 2548/2548 2552/2552 2543/2543
f 2409/2409 2547/2547 2550/2550
f 2547/2547 2371/2371 2533/2533
f 2550/2550 2533/2533 2405/2405
f 2547/2547 2533/2533 2550/2550
f 2408/2408 2545/2545 2542/2542
f 2545/2545 2405/2405 2532/2532
f 2542/2542 2532/2532 2370/2370
f 2545/2545 2532/2532 2542/2542
f 2409/2409 2550/2550 2552/2552
f 2550/2550 2405/2405 2545/2545
f 2552/2552 2545/2545 2408/2408
f 2550/2550 2545/2545 2552/2552
f 2360/2360 2525/2525 2592/2592
f 2525/2525 2402/2402 2594/2594
f 2592/2592 2594/2594 2422/2422
f 2525/2525 2594/2594 2592/2592
f 2402/2402 2526/2526 2600/2600
f 2526/2526 2370/2370 2598/2598
f 2600/2600 2598/2598 2424/2424
f 2526/2526 2598/2598 2600/2600
f 2422/2422 2602/2602 2593/2593
f 2602/2602 2424/2424 2599/2599
f 2593/2593 2599/2599 2377/2377
f 2602/2602 2599/2599 2593/2593
f 2402/2402 2600/2600 2594/2594
f 2600/2600 2424/2424 2602/2602
f 2594/2594 2602/2602 2422/2422
f 2600/2600 2602/2602 2594/2594
f 2370/2370 2524/2524 2588/2588
f 2524/2524 2401/2401 2590/2590
f 2588/2588 2590/2590 2421/2421
f 2524/2524 2590/2590 2588/2588
f 2401/2401 2523/2523 2585/2585
f 2523/2523 2359/2359 2583/2583
f 2585/2585 2583/2583 2419/2419
f 2523/2523 2583/2583 2585/2585
f 2421/2421 2591/2591 2589/2589
f 2591/2591 2419/2419 2584/2584
f 2589/2589 2584/2584 2376/2376
f 2591/2591 2584/2584 2589/2589
f 2401/2401 2585/2585 2590/2590
f 2585/2585 2419/2419 2591/2591
f 2590/2590 2591/2591 2421/2421
f 2585/2585 2591/2591 2590/2590
f 2377/2377 2604/2604 2596/2596
f 2604/2604 2425/2425 2607/2607
f 2596/2596 2607/2607 2423/2423
f 2604/2604 2607/2607 2596/2596
f 2425/2425 2603/2603 2605/2605
f 2603/2603 2376/2376 2587/2587
f 2605/2605 2587/2587 2420/2420
f 2603/2603 2587/2587 2605/2605
f 2423/2423 2597/2597 2595/2595
f 2597/2597 2420/2420 2586/2586
f 2595/2595 2586/2586 2363/2363
f 2597/2597 2586/2586 2595/2595
f 2425/2425 2605/2605 2607/2607
f 2605/2605 2420/2420 2597/2597
f 2607/2607 2597/2597 2423/2423
f 2605/2605 2597/2597 2607/2607
f 2370/2370 2588/2588 2598/2598
f 2588/2588 2421/2421 2601/2601
f 2598/2598 2601/2601 2424/2424
f 2588/2588 2601/2601 2598/2598
f 2421/2421 2589/2589 2606/2606
f 2589/2589 2376/2376 2603/2603
f 2606/2606 2603/2603 2425/2425
f 2589/2589 2603/2603 2606/2606
f 2424/2424 2608/2608 2599/2599
f 2608/2608 2425/2425 2604/2604
f 2599/2599 2604/2604 2377/2377
f 2608/2608 2604/2604 2599/2599
f 2421/2421 2606/2606 2601/2601
f 2606/2606 2425/2425 2608/2608
f 2601/2601 2608/2608 2424/2424
f 2606/2606 2608/2608 2601/2601
f 2360/2360 2592/2592 2648/2648
f 2592/2592 2422/2422 2650/2650
f 2648/2648 2650/2650 2438/2438
f 2592/2592 2650/2650 2648/2648
f 2422/2422 2593/2593 2655/2655
f 2593/2593 2377/2377 2653/2653
f 2655/2655 2653/2653 2440/2440
f 2593/2593 2653/2653 2655/2655
f 2438/2438 2656/2656 2649/2649
f 2656/2656 2440/2440 2654/2654
f 2649/2649 2654/2654 2382/2382
f 2656/2656 2654/2654 2649/2649
f 2422/2422 2655/2655 2650/2650
f 2655/2655 2440/2440 2656/2656
f 2650/2650 2656/2656 2438/2438
f 2655/2655 2656/2656 2650/2650
f 2377/2377 2596/2596 2664/2664
f 2596/2596 2423/2423 2666/2666
f 2664/2664 2666/2666 2443/2443
f 2596/2596 2666/2666 2664/2664
f 2423/2423 2595/2595 2659/2659
f 2595/2595 2363/2363 2657/2657
f 2659/2659 2657/2657 2441/2441
f 2595/2595 2657/2657 2659/2659
f 2443/2443 2668/2668 2665/2665
f 2668/2668 2441/2441 2658/2658
f 2665/2665 2658/2658 2383/2383
f 2668/2668 2658/2658 2665/2665
f 2423/2423 2659/2659 2666/2666
f 2659/2659 2441/2441 2668/2668
f 2666/2666 2668/2668 2443/2443
f 2659/2659 2668/2668 2666/2666
f 2382/2382 2673/2673 2652/2652
f 2673/2673 2445/2445 2675/2675
f 2652/2652 2675/2675 2439/2439
f 2673/2673 2675/2675 2652/2652
f 2445/2445 2674/2674 2677/2677
f 2674/2674 2383/2383 2662/2662
f 2677/2677 2662/2662 2442/2442
f 2674/2674 2662/2662 2677/2677
f 2439/2439 2663/2663 2651/2651
f 2663/2663 2442/2442 2661/2661
f 2651/2651 2661/2661 2365/2365
f 2663/2663 2661/2661 2651/2651
f 2445/2445 2677/2677 2675/2675
f 2677/2677 2442/2442 2663/2663
f 2675/2675 2663/2663 2439/2439
f 2677/2677 2663/2663 2675/2675
f 2377/2377 2664/2664 2653/2653
f 2664/2664 2443/2443 2667/2667
f 2653/2653 2667/2667 2440/2440
f 2664/2664 2667/2667 2653/2653
f 2443/2443 2665/2665 2678/2678
f 2665/2665 2383/2383 2674/2674
f 2678/2678 2674/2674 2445/2445
f 2665/2665 2674/2674 2678/2678
f 2440/2440 2676/2676 2654/2654
f 2676/2676 2445/2445 2673/2673
f 2654/2654 2673/2673 2382/2382
f 2676/2676 2673/2673 2654/2654
f 2443/2443 2678/2678 2667/2667
f 2678/2678 2445/2445 2676/2676
f 2667/2667 2676/2676 2440/2440
f 2678/2678 2676/2676 2667/2667
f 2360/2360 2648/2648 2723/2723
f 2648/2648 2438/2438 2726/2726
f 2723/2723 2726/2726 2456/2456
f 2648/2648 2726/2726 2723/2723
f 2438/2438 2649/2649 2735/2735
f 2649/2649 2382/2382 2733/2733
f 2735/2735 2733/2733 2459/2459
f 2649/2649 2733/2733 2735/2735
f 2456/2456 2736/2736 2724/2724
f 2736/2736 2459/2459 2734/2734
f 2724/2724 2734/2734 2386/2386
f 2736/2736 2734/2734 2724/2724
f 2438/2438 2735/2735 2726/2726
f 2735/2735 2459/2459 2736/2736
f 2726/2726 2736/2736 2456/2456
f 2735/2735 2736/2736 2726/2726
f 2382/2382 2652/2652 2802/2802
f 2652/2652 2439/2439 2804/2804
f 2802/2802 2804/2804 2474/2474
f 2652/2652 2804/2804 2802/2802
f 2439/2439 2651/2651 2792/2792
f 2651/2651 2365/2365 2789/2789
f 2792/2792 2789/2789 2471/2471
f 2651/2651 2789/2789 2792/2792
f 2474/2474 2806/2806 2803/2803
f 2806/2806 2471/2471 2790/2790
f 2803/2803 2790/2790 2389/2389
f 2806/2806 2790/2790 2803/2803
f 2439/2439 2792/2792 2804/2804
f 2792/2792 2471/2471 2806/2806
f 2804/2804 2806/2806 2474/2474
f 2792/2792 2806/2806 2804/2804
f 2386/2386 2813/2813 2728/2728
f 2813/2813 2476/2476 2815/2815
f 2728/2728 2815/2815 2457/2457
f 2813/2813 2815/2815 2728/2728
f 2476/2476 2814/2814 2817/2817
f 2814/2814 2389/2389 2794/2794
f 2817/2817 2794/2794 2472/2472
f 2814/2814 2794/2794 2817/2817
f 2457/2457 2796/2796 2727/2727
f 2796/2796 2472/2472 2793/2793
f 2727/2727 2793/2793 2366/2366
f 2796/2796 2793/2793 2727/2727
f 2476/2476 2817/2817 2815/2815
f 2817/2817 2472/2472 2796/2796
f 2815/2815 2796/2796 2457/2457
f 2817/2817 2796/2796 2815/2815
f 2382/2382 2802/2802 2733/2733
f 2802/2802 2474/2474 2805/2805
f 2733/2733 2805/2805 2459/2459
f 2802/2802 2805/2805 2733/2733
f 2474/2474 2803/2803 2818/2818
f 2803/2803 2389/2389 2814/2814
f 2818/2818 2814/2814 2476/2476
f 2803/2803 2814/2814 2818/2818
f 2459/2459 2816/2816 2734/2734
f 2816/2816 2476/2476 2813/2813
f 2734/2734 2813/2813 2386/2386
f 2816/2816 2813/2813 2734/2734
f 2474/2474 2818/2818 2805/2805
f 2818/2818 2476/2476 2816/2816
f 2805/2805 2816/2816 2459/2459
f 2818/2818 2816/2816 2805/2805
f 2361/2361 2737/2737 2579/2579
f 2737/2737 2460/2460 2740/2740
f 2579/2579 2740/2740 2417/2417
f 2737/2737 2740/2740 2579/2579
f 2460/2460 2738/2738 2752/2752
f 2738/2738 2387/2387 2750/2750
f 2752/2752 2750/2750 2463/2463
f 2738/2738 2750/2750 2752/2752
f 2417/2417 2751/2751 2580/2580
f 2751/2751 2463/2463 2749/2749
f 2580/2580 2749/2749 2375/2375
f 2751/2751 2749/2749 2580/2580
f 2460/2460 2752/2752 2740/2740
f 2752/2752 2463/2463 2751/2751
f 2740/2740 2751/2751 2417/2417
f 2752/2752 2751/2751 2740/2740
f 2387/2387 2742/2742 2783/2783
f 2742/2742 2461/2461 2785/2785
f 2783/2783 2785/2785 2470/2470
f 2742/2742 2785/2785 2783/2783
f 2461/2461 2741/2741 2766/2766
f 2741/2741 2366/2366 2763/2763
f 2766/2766 2763/2763 2466/2466
f 2741/2741 2763/2763 2766/2766
f 2470/2470 2787/2787 2784/2784
f 2787/2787 2466/2466 2764/2764
f 2784/2784 2764/2764 2388/2388
f 2787/2787 2764/2764 2784/2784
f 2461/2461 2766/2766 2785/2785
f 2766/2766 2466/2466 2787/2787
f 2785/2785 2787/2787 2470/2470
f 2766/2766 2787/2787 2785/2785
f 2375/2375 2772/2772 2582/2582
f 2772/2772 2468/2468 2774/2774
f 2582/2582 2774/2774 2418/2418
f 2772/2772 2774/2774 2582/2582
f 2468/2468 2773/2773 2776/2776
f 2773/2773 2388/2388 2760/2760
f 2776/2776 2760/2760 2465/2465
f 2773/2773 2760/2760 2776/2776
f 2418/2418 2762/2762 2581/2581
f 2762/2762 2465/2465 2759/2759
f 2581/2581 2759/2759 2362/2362
f 2762/2762 2759/2759 2581/2581
f 2468/2468 2776/2776 2774/2774
f 2776/2776 2465/2465 2762/2762
f 2774/2774 2762/2762 2418/2418
f 2776/2776 2762/2762 2774/2774
f 2387/2387 2783/2783 2750/2750
f 2783/2783 2470/2470 2786/2786
f 2750/2750 2786/2786 2463/2463
f 2783/2783 2786/2786 2750/2750
f 2470/2470 2784/2784 2788/2788
f 2784/2784 2388/2388 2773/2773
f 2788/2788 2773/2773 2468/2468
f 2784/2784 2773/2773 2788/2788
f 2463/2463 2775/2775 2749/2749
f 2775/2775 2468/2468 2772/2772
f 2749/2749 2772/2772 2375/2375
f 2775/2775 2772/2772 2749/2749
f 2470/2470 2788/2788 2786/2786
f 2788/2788 2468/2468 2775/2775
f 2786/2786 2775/2775 2463/2463
f 2788/2788 2775/2775 2786/2786
f 2359/2359 2527/2527 2903/2903
f 2527/2527 2403/2403 2905/2905
f 2903/2903 2905/2905 2498/2498
f 2527/2527 2905/2905 2903/2903
f 2403/2403 2528/2528 2911/2911
f 2528/2528 2371/2371 2909/2909
f 2911/2911 2909/2909 2500/2500
f 2528/2528 2909/2909 2911/2911
f 2498/2498 2912/2912 2904/2904
f 2912/2912 2500/2500 2910/2910
f 2904/2904 2910/2910 2395/2395
f 2912/2912 2910/2910 2904/2904
f 2403/2403 2911/2911 2905/2905
f 2911/2911 2500/2500 2912/2912
f 2905/2905 2912/2912 2498/2498
f 2911/2911 2912/2912 2905/2905
f 2371/2371 2531/2531 2924/2924
f 2531/2531 2404/2404 2926/2926
f 2924/2924 2926/2926 2504/2504
f 2531/2531 2926/2926 2924/2924
f 2404/2404 2530/2530 2919/2919
f 2530/2530 2361/2361 2917/2917
f 2919/2919 2917/2917 2502/2502
f 2530/2530 2917/2917 2919/2919
f 2504/2504 2928/2928 2925/2925
f 2928/2928 2502/2502 2918/2918
f 2925/2925 2918/2918 2396/2396
f 2928/2928 2918/2918 2925/2925
f 2404/2404 2919/2919 2926/2926
f 2919/2919 2502/2502 2928/2928
f 2926/2926 2928/2928 2504/2504
f 2919/2919 2928/2928 2926/2926
f 2395/2395 2933/2933 2908/2908
f 2933/2933 2506/2506 2935/2935
f 2908/2908 2935/2935 2499/2499
f 2933/2933 2935/2935 2908/2908
f 2506/2506 2934/2934 2937/2937
f 2934/2934 2396/2396 2922/2922
f 2937/2937 2922/2922 2503/2503
f 2934/2934 2922/2922 2937/2937
f 2499/2499 2923/2923 2907/2907
f 2923/2923 2503/2503 2921/2921
f 2907/2907 2921/2921 2368/2368
f 2923/2923 2921/2921 2907/2907
f 2506/2506 2937/2937 2935/2935
f 2937/2937 2503/2503 2923/2923
f 2935/2935 2923/2923 2499/2499
f 2937/2937 2923/2923 2935/2935
f 2371/2371 2924/2924 2909/2909
f 2924/2924 2504/2504 2927/2927
f 2909/2909 2927/2927 2500/2500
f 2924/2924 2927/2927 2909/2909
f 2504/2504 2925/2925 2938/2938
f 2925/2925 2396/2396 2934/2934
f 2938/2938 2934/2934 2506/2506
f 2925/2925 2934/2934 2938/2938
f 2500/2500 2936/2936 2910/2910
f 2936/2936 2506/2506 2933/2933
f 2910/2910 2933/2933 2395/2395
f 2936/2936 2933/2933 2910/2910
f 2504/2504 2938/2938 2927/2927
f 2938/2938 2506/2506 2936/2936
f 2927/2927 2936/2936 2500/2500
f 2938/2938 2936/2936 2927/2927
f 2363/2363 2586/2586 2837/2837
f 2586/2586 2420/2420 2839/2839
f 2837/2837 2839/2839 2483/2483
f 2586/2586 2839/2839 2837/2837
f 2420/2420 2587/2587 2846/2846
f 2587/2587 2376/2376 2844/2844
f 2846/2846 2844/2844 2485/2485
f 2587/2587 2844/2844 2846/2846
f 2483/2483 2848/2848 2838/2838
f 2848/2848 2485/2485 2845/2845
f 2838/2838 2845/2845 2392/2392
f 2848/2848 2845/2845 2838/2838
f 2420/2420 2846/2846 2839/2839
f 2846/2846 2485/2485 2848/2848
f 2839/2839 2848/2848 2483/2483
f 2846/2846 2848/2848 2839/2839
f 2376/2376 2584/2584 2833/2833
f 2584/2584 2419/2419 2835/2835
f 2833/2833 2835/2835 2482/2482
f 2584/2584 2835/2835 2833/2833
f 2419/2419 2583/2583 2830/2830
f 2583/2583 2359/2359 2828/2828
f 2830/2830 2828/2828 2480/2480
f 2583/2583 2828/2828 2830/2830
f 2482/2482 2836/2836 2834/2834
f 2836/2836 2480/2480 2829/2829
f 2834/2834 2829/2829 2391/2391
f 2836/2836 2829/2829 2834/2834
f 2419/2419 2830/2830 2835/2835
f 2830/2830 2480/2480 2836/2836
f 2835/2835 2836/2836 2482/2482
f 2830/2830 2836/2836 2835/2835
f 2392/2392 2854/2854 2842/2842
f 2854/2854 2487/2487 2857/2857
f 2842/2842 2857/2857 2484/2484
f 2854/2854 2857/2857 2842/2842
f 2487/2487 2853/2853 2855/2855
f 2853/2853 2391/2391 2832/2832
f 2855/2855 2832/2832 2481/2481
f 2853/2853 2832/2832 2855/2855
f 2484/2484 2843/2843 2841/2841
f 2843/2843 2481/2481 2831/2831
f 2841/2841 2831/2831 2367/2367
f 2843/2843 2831/2831 2841/2841
f 2487/2487 2855/2855 2857/2857
f 2855/2855 2481/2481 2843/2843
f 2857/2857 2843/2843 2484/2484
f 2855/2855 2843/2843 2857/2857
f 2376/2376 2833/2833 2844/2844
f 2833/2833 2482/2482 2847/2847
f 2844/2844 2847/2847 2485/2485
f 2833/2833 2847/2847 2844/2844
f 2482/2482 2834/2834 2856/2856
f 2834/2834 2391/2391 2853/2853
f 2856/2856 2853/2853 2487/2487
f 2834/2834 2853/2853 2856/2856
f 2485/2485 2858/2858 2845/2845
f 2858/2858 2487/2487 2854/2854
f 2845/2845 2854/2854 2392/2392
f 2858/2858 2854/2854 2845/2845
f 2482/2482 2856/2856 2847/2847
f 2856/2856 2487/2487 2858/2858
f 2847/2847 2858/2858 2485/2485
f 2856/2856 2858/2858 2847/2847
f 2365/2365 2661/2661 2683/2683
f 2661/2661 2442/2442 2686/2686
f 2683/2683 2686/2686 2447/2447
f 2661/2661 2686/2686 2683/2683
f 2442/2442 2662/2662 2705/2705
f 2662/2662 2383/2383 2703/2703
f 2705/2705 2703/2703 2451/2451
f 2662/2662 2703/2703 2705/2705
f 2447/2447 2707/2707 2684/2684
f 2707/2707 2451/2451 2704/2704
f 2684/2684 2704/2704 2384/2384
f 2707/2707 2704/2704 2684/2684
f 2442/2442 2705/2705 2686/2686
f 2705/2705 2451/2451 2707/2707
f 2686/2686 2707/2707 2447/2447
f 2705/2705 2707/2707 2686/2686
f 2383/2383 2658/2658 2670/2670
f 2658/2658 2441/2441 2672/2672
f 2670/2670 2672/2672 2444/2444
f 2658/2658 2672/2672 2670/2670
f 2441/2441 2657/2657 2660/2660
f 2657/2657 2363/2363 2635/2635
f 2660/2660 2635/2635 2433/2433
f 2657/2657 2635/2635 2660/2660
f 2444/2444 2671/2671 2669/2669
f 2671/2671 2433/2433 2636/2636
f 2669/2669 2636/2636 2380/2380
f 2671/2671 2636/2636 2669/2669
f 2441/2441 2660/2660 2672/2672
f 2660/2660 2433/2433 2671/2671
f 2672/2672 2671/2671 2444/2444
f 2660/2660 2671/2671 2672/2672
f 2384/2384 2693/2693 2680/2680
f 2693/2693 2449/2449 2696/2696
f 2680/2680 2696/2696 2446/2446
f 2693/2693 2696/2696 2680/2680
f 2449/2449 2692/2692 2694/2694
f 2692/2692 2380/2380 2638/2638
f 2694/2694 2638/2638 2434/2434
f 2692/2692 2638/2638 2694/2694
f 2446/2446 2682/2682 2679/2679
f 2682/2682 2434/2434 2637/2637
f 2679/2679 2637/2637 2364/2364
f 2682/2682 2637/2637 2679/2679
f 2449/2449 2694/2694 2696/2696
f 2694/2694 2434/2434 2682/2682
f 2696/2696 2682/2682 2446/2446
f 2694/2694 2682/2682 2696/2696
f 2383/2383 2670/2670 2703/2703
f 2670/2670 2444/2444 2706/2706
f 2703/2703 2706/2706 2451/2451
f 2670/2670 2706/2706 2703/2703
f 2444/2444 2669/2669 2695/2695
f 2669/2669 2380/2380 2692/2692
f 2695/2695 2692/2692 2449/2449
f 2669/2669 2692/2692 2695/2695
f 2451/2451 2708/2708 2704/2704
f 2708/2708 2449/2449 2693/2693
f 2704/2704 2693/2693 2384/2384
f 2708/2708 2693/2693 2704/2704
f 2444/2444 2695/2695 2706/2706
f 2695/2695 2449/2449 2708/2708
f 2706/2706 2708/2708 2451/2451
f 2695/2695 2708/2708 2706/2706
f 2366/2366 2793/2793 2713/2713
f 2793/2793 2472/2472 2795/2795
f 2713/2713 2795/2795 2453/2453
f 2793/2793 2795/2795 2713/2713
f 2472/2472 2794/2794 2811/2811
f 2794/2794 2389/2389 2808/2808
f 2811/2811 2808/2808 2475/2475
f 2794/2794 2808/2808 2811/2811
f 2453/2453 2809/2809 2714/2714
f 2809/2809 2475/2475 2807/2807
f 2714/2714 2807/2807 2385/2385
f 2809/2809 2807/2807 2714/2714
f 2472/2472 2811/2811 2795/2795
f 2811/2811 2475/2475 2809/2809
f 2795/2795 2809/2809 2453/2453
f 2811/2811 2809/2809 2795/2795
f 2389/2389 2790/2790 2798/2798
f 2790/2790 2471/2471 2801/2801
f 2798/2798 2801/2801 2473/2473
f 2790/2790 2801/2801 2798/2798
f 2471/2471 2789/2789 2791/2791
f 2789/2789 2365/2365 2642/2642
f 2791/2791 2642/2642 2436/2436
f 2789/2789 2642/2642 2791/2791
f 2473/2473 2799/2799 2797/2797
f 2799/2799 2436/2436 2643/2643
f 2797/2797 2643/2643 2381/2381
f 2799/2799 2643/2643 2797/2797
f 2471/2471 2791/2791 2801/2801
f 2791/2791 2436/2436 2799/2799
f 2801/2801 2799/2799 2473/2473
f 2791/2791 2799/2799 2801/2801
f 2385/2385 2720/2720 2710/2710
f 2720/2720 2455/2455 2722/2722
f 2710/2710 2722/2722 2452/2452
f 2720/2720 2722/2722 2710/2710
f 2455/2455 2719/2719 2721/2721
f 2719/2719 2381/2381 2640/2640
f 2721/2721 2640/2640 2435/2435
f 2719/2719 2640/2640 2721/2721
f 2452/2452 2712/2712 2709/2709
f 2712/2712 2435/2435 2639/2639
f 2709/2709 2639/2639 2358/2358
f 2712/2712 2639/2639 2709/2709
f 2455/2455 2721/2721 2722/2722
f 2721/2721 2435/2435 2712/2712
f 2722/2722 2712/2712 2452/2452
f 2721/2721 2712/2712 2722/2722
f 2389/2389 2798/2798 2808/2808
f 2798/2798 2473/2473 2812/2812
f 2808/2808 2812/2812 2475/2475
f 2798/2798 2812/2812 2808/2808
f 2473/2473 2797/2797 2800/2800
f 2797/2797 2381/2381 2719/2719
f 2800/2800 2719/2719 2455/2455
f 2797/2797 2719/2719 2800/2800
f 2475/2475 2810/2810 2807/2807
f 2810/2810 2455/2455 2720/2720
f 2807/2807 2720/2720 2385/2385
f 2810/2810 2720/2720 2807/2807
f 2473/2473 2800/2800 2812/2812
f 2800/2800 2455/2455 2810/2810
f 2812/2812 2810/2810 2475/2475
f 2800/2800 2810/2810 2812/2812
f 3000/3000 2999/2999 3003/3003
f 3000/3000 3003/3003 3001/3001
f 3001/3001 3003/3003 3004/3004
f 3001/3001 3004/3004 3002/3002
f 3003/3003 2999/2999 3005/3005
f 3003/3003 3005/3005 3004/3004
f 3004/3004 3005/3005 3006/3006
f 3004/3004 3006/3006 3002/3002
f 3005/3005 2999/2999 3007/3007
f 3005/3005 3007/3007 3006/3006
f 3006/3006 3007/3007 3008/3008
f 3006/3006 3008/3008 3002/3002
f 3007/3007 2999/2999 3009/3009
f 3007/3007 3009/3009 3008/3008
f 3008/3008 3009/3009 3010/3010
f 3008/3008 3010/3010 3002/3002
f 3009/3009 2999/2999 3011/3011
f 3009/3009 3011/3011 3010/3010
f 3010/3010 3011/3011 3012/3012
f 3010/3010 3012/3012 3002/3002
f 3011/3011 2999/2999 3013/3013
f 3011/3011 3013/3013 3012/3012
f 3012/3012 3013/3013 3014/3014
f 3012/3012 3014/3014 3002/3002
f 3013/3013 2999/2999 3015/3015
f 3013/3013 3015/3015 3014/3014
f 3014/3014 3015/3015 3016/3016
f 3014/3014 3016/3016 3002/3002
f 3015/3015 2999/2999 3017/3017
f 3015/3015 3017/3017 3016/3016
f 3016/3016 3017/3017 3018/3018
f 3016/3016 3018/3018 3002/3002
f 3017/3017 2999/2999 3019/3019
f 3017/3017 3019/3019 3018/3018
f 3018/3018 3019/3019 3020/3020
f 3018/3018 3020/3020 3002/3002
f 3019/3019 2999/2999 3021/3021
f 3019/3019 3021/3021 3020/3020
f 3020/3020 3021/3021 3022/3022
f 3020/3020 3022/3022 3002/3002
f 3021/3021 2999/2999 3023/3023
f 3021/3021 3023/3023 3022/3022
f 3022/3022 3023/3023 3024/3024
f 3022/3022 3024/3024 3002/3002
f 3023/3023 2999/2999 3025/3025
f 3023/3023 3025/3025 3024/3024
f 3024/3024 3025/3025 3026/3026
f 3024/3024 3026/3026 3002/3002
f 3025/3025 2999/2999 3027/3027
f 3025/3025 3027/3027 3026/3026
f 3026/3026 3027/3027 3028/3028
f 3026/3026 3028/3028 3002/3002
f 3027/3027 2999/2999 3029/3029
f 3027/3027 3029/3029 3028/3028
f 3028/3028 3029/3029 3030/3030
f 3028/3028 3030/3030 3002/3002
f 3029/3029 2999/2999 3031/3031
f 3029/3029 3031/3031 3030/3030
f 3030/3030 3031/3031 3032/3032
f 3030/3030 3032/3032 3002/3002
f 3031/3031 2999/2999 3033/3033
f 3031/3031 3033/3033 3032/3032
f 3032/3032 3033/3033 3034/3034
f 3032/3032 3034/3034 3002/3002
f 3033/3033 2999/2999 3035/3035
f 3033/3033 3035/3035 3034/3034
f 3034/3034 3035/3035 3036/3036
f 3034/3034 3036/3036 3002/3002
f 3035/3035 2999/2999 3037/3037
f 3035/3035 3037/3037 3036/3036
f 3036/3036 3037/3037 3038/3038
f 3036/3036 3038/3038 3002/3002
f 3037/3037 2999/2999 3039/3039
f 3037/3037 3039/3039 3038/3038
f 3038/3038 3039/3039 3040/3040
f 3038/3038 3040/3040 3002/3002
f 3039/3039 2999/2999 3041/3041
f 3039/3039 3041/3041 3040/3040
f 3040/3040 3041/3041 3042/3042
f 3040/3040 3042/3042 3002/3002
f 3041/3041 2999/2999 3043/3043
f 3041/3041 3043/3043 3042/3042
f 3042/3042 3043/3043 3044/3044
f 3042/3042 3044/3044 3002/3002
f 3043/3043 2999/2999 3045/3045
f 3043/3043 3045/3045 3044/3044
f 3044/3044 3045/3045 3046/3046
f 3044/3044 3046/3046 3002/3002
f 3045/3045 2999/2999 3047/3047
f 3045/3045 3047/3047 3046/3046
f 3046/3046 3047/3047 3048/3048
f 3046/3046 3048/3048 3002/3002
f 3047/3047 2999/2999 3049/3049
f 3047/3047 3049/3049 3048/3048
f 3048/3048 3049/3049 3050/3050
f 3048/3048 3050/3050 3002/3002
f 3049/3049 2999/2999 3051/3051
f 3049/3049 3051/3051 3050/3050
f 3050/3050 3051/3051 3052/3052
f 3050/3050 3052/3052 3002/3002
f 3051/3051 2999/2999 3053/3053
f 3051/3051 3053/3053 3052/3052
f 3052/3052 3053/3053 3054/3054
f 3052/3052 3054/3054 3002/3002
f 3053/3053 2999/2999 3055/3055
f 3053/3053 3055/3055 3054/3054
f 3054/3054 3055/3055 3056/3056
f 3054/3054 3056/3056 3002/3002
f 3055/3055 2999/2999 3057/3057
f 3055/3055 3057/3057 3056/3056
f 3056/3056 3057/3057 3058/3058
f 3056/3056 3058/3058 3002/3002
f 3057/3057 2999/2999 3059/3059
f 3057/3057 3059/3059 3058/3058
f 3058/3058 3059/3059 3060/3060
f 3058/3058 3060/3060 3002/3002
f 3059/3059 2999/2999 3061/3061
f 3059/3059 3061/3061 3060/3060
f 3060/3060 3061/3061 3062/3062
f 3060/3060 3062/3062 3002/3002
f 3061/3061 2999/2999 3063/3063
f 3061/3061 3063/3063 3062/3062
f 3062/3062 3063/3063 3064/3064
f 3062/3062 3064/3064 3002/3002
f 3063/3063 2999/2999 3000/3000
f 3063/3063 3000/3000 3064/3064
f 3064/3064 3000/3000 3001/3001
f 3064/3064 3001/3001 3002/3002
f 3066/3066 3065/3065 3077/3077
f 3066/3066 3077/3077 3067/3067
f 3067/3067 3077/3077 3078/3078
f 3067/3067 3078/3078 3068/3068
f 3068/3068 3078/3078 3079/3079
f 3068/3068 3079/3079 3069/3069
f 3069/3069 3079/3079 3080/3080
f 3069/3069 3080/3080 3070/3070
f 3070/3070 3080/3080 3081/3081
f 3070/3070 3081/3081 3071/3071
f 3071/3071 3081/3081 3082/3082
f 3071/3071 3082/3082 3072/3072
f 3072/3072 3082/3082 3083/3083
f 3072/3072 3083/3083 3073/3073
f 3073/3073 3083/3083 3084/3084
f 3073/3073 3084/3084 3074/3074
f 3074/3074 3084/3084 3085/3085
f 3074/3074 3085/3085 3075/3075
f 3075/3075 3085/3085 3086/3086
f 3075/3075 3086/3086 3076/3076
f 3077/3077 3065/3065 3087/3087
f 3077/3077 3087/3087 3078/3078
f 3078/3078 3087/3087 3088/3088
f 3078/3078 3088/3088 3079/3079
f 3079/3079 3088/3088 3089/3089
f 3079/3079 3089/3089 3080/3080
f 3080/3080 3089/3089 3090/3090
f 3080/3080 3090/3090 3081/3081
f 3081/3081 3090/3090 3091/3091
f 3081/3081 3091/3091 3082/3082
f 3082/3082 3091/3091 3092/3092
f 3082/3082 3092/3092 3083/3083
f 3083/3083 3092/3092 3093/3093
f 3083/3083 3093/3093 3084/3084
f 3084/3084 3093/3093 3094/3094
f 3084/3084 3094/3094 3085/3085
f 3085/3085 3094/3094 3095/3095
f 3085/3085 3095/3095 3086/3086
f 3086/3086 3095/3095 3096/3096
f 3086/3086 3096/3096 3076/3076
f 3087/3087 3065/3065 3097/3097
f 3087/3087 3097/3097 3088/3088
f 3088/3088 3097/3097 3098/3098
f 3088/3088 3098/3098 3089/3089
f 3089/3089 3098/3098 3099/3099
f 3089/3089 3099/3099 3090/3090
f 3090/3090 3099/3099 3100/3100
f 3090/3090 3100/3100 3091/3091
f 3091/3091 3100/3100 3101/3101
f 3091/3091 3101/3101 3092/3092
f 3092/3092 3101/3101 3102/3102
f 3092/3092 3102/3102 3093/3093
f 3093/3093 3102/3102 3103/3103
f 3093/3093 3103/3103 3094/3094
f 3094/3094 3103/3103 3104/3104
f 3094/3094 3104/3104 3095/3095
f 3095/3095 3104/3104 3105/3105
f 3095/3095 3105/3105 3096/3096
f 3096/3096 3105/3105 3106/3106
f 3096/3096 3106/3106 3076/3076
f 3097/3097 3065/3065 3107/3107
f 3097/3097 3107/3107 3098/3098
f 3098/3098 3107/3107 3108/3108
f 3098/3098 3108/3108 3099/3099
f 3099/3099 3108/3108 3109/3109
f 3099/3099 3109/3109 3100/3100
f 3100/3100 3109/3109 3110/3110
f 3100/3100 3110/3110 3101/3101
f 3101/3101 3110/3110 3111/3111
f 3101/3101 3111/3111 3102/3102
f 3102/3102 3111/3111 3112/3112
f 3102/3102 3112/3112 3103/3103
f 3103/3103 3112/3112 3113/3113
f 3103/3103 3113/3113 3104/3104
f 3104/3104 3113/3113 3114/3114
f 3104/3104 3114/3114 3105/3105
f 3105/3105 3114/3114 3115/3115
f 3105/3105 3115/3115 3106/3106
f 3106/3106 3115/3115 3116/3116
f 3106/3106 3116/3116 3076/3076
f 3107/3107 3065/3065 3117/3117
f 3107/3107 3117/3117 3108/3108
f 3108/3108 3117/3117 3118/3118
f 3108/3108 3118/3118 3109/3109
f 3109/3109 3118/3118 3119/3119
f 3109/3109 3119/3119 3110/3110
f 3110/3110 3119/3119 3120/3120
f 3110/3110 3120/3120 3111/3111
f 3111/3111 3120/3120 3121/3121
f 3111/3111 3121/3121 3112/3112
f 3112/3112 3121/3121 3122/3122
f 3112/3112 3122/3122 3113/3113
f 3113/3113 3122/3122 3123/3123
f 3113/3113 3123/3123 3114/3114
f 3114/3114 3123/3123 3124/3124
f 3114/3114 3124/3124 3115/3115
f 3115/3115 3124/3124 3125/3125
f 3115/3115 3125/3125 3116/3116
f 3116/3116 3125/3125 3126/3126
f 3116/3116 3126/3126 3076/3076
f 3117/3117 3065/3065 3127/3127
f 3117/3117 3127/3127 3118/3118
f 3118/3118 3127/3127 3128/3128
f 3118/3118 3128/3128 3119/3119
f 3119/3119 3128/3128 3129/3129
f 3119/3119 3129/3129 3120/3120
f 3120/3120 3129/3129 3130/3130
f 3120/3120 3130/3130 3121/3121
f 3121/3121 3130/3130 3131/3131
f 3121/3121 3131/3131 3122/3122
f 3122/3122 3131/3131 3132/3132
f 3122/3122 3132/3132 3123/3123
f 3123/3123 3132/3132 3133/3133
f 3123/3123 3133/3133 3124/3124
f 3124/3124 3133/3133 3134/3134
f 3124/3124 3134/3134 3125/3125
f 3125/3125 3134/3134 3135/3135
f 3125/3125 3135/3135 3126/3126
f 3126/3126 3135/3135 3136/3136
f 3126/3126 3136/3136 3076/3076
f 3127/3127 3065/3065 3137/3137
f 3127/3127 3137/3137 3128/3128
f 3128/3128 3137/3137 3138/3138
f 3128/3128 3138/3138 3129/3129
f 3129/3129 3138/3138 3139/3139
f 3129/3129 3139/3139 3130/3130
f 3130/3130 3139/3139 3140/3140
f 3130/3130 3140/3140 3131/3131
f 3131/3131 3140/3140 3141/3141
f 3131/3131 3141/3141 3132/3132
f 3132/3132 3141/3141 3142/3142
f 3132/3132 3142/3142 3133/3133
f 3133/3133 3142/3142 3143/3143
f 3133/3133 3143/3143 3134/3134
f 3134/3134 3143/3143 3144/3144
f 3134/3134 3144/3144 3135/3135
f 3135/3135 3144/3144 3145/3145
f 3135/3135 3145/3145 3136/3136
f 3136/3136 3145/3145 3146/3146
f 3136/3136 3146/3146 3076/3076
f 3137/3137 3065/3065 3147/3147
f 3137/3137 3147/3147 3138/3138
f 3138/3138 3147/3147 3148/3148
f 3138/3138 3148/3148 3139/3139
f 3139/3139 3148/3148 3149/3149
f 3139/3139 3149/3149 3140/3140
f 3140/3140 3149/3149 3150/3150
f 3140/3140 3150/3150 3141/3141
f 3141/3141 3150/3150 3151/3151
f 3141/3141 3151/3151 3142/3142
f 3142/3142 3151/3151 3152/3152
f 3142/3142 3152/3152 3143/3143
f 3143/3143 3152/3152 3153/3153
f 3143/3143 3153/3153 3144/3144
f 3144/3144 3153/3153 3154/3154
f 3144/3144 3154/3154 3145/3145
f 3145/3145 3154/3154 3155/3155
f 3145/3145 3155/3155 3146/3146
f 3146/3146 3155/3155 3156/3156
f 3146/3146 3156/3156 3076/3076
f 3147/3147 3065/3065 3157/3157
f 3147/3147 3157/3157 3148/3148
f 3148/3148 3157/3157 3158/3158
f 3148/3148 3158/3158 3149/3149
f 3149/3149 3158/3158 3159/3159
f 3149/3149 3159/3159 3150/3150
f 3150/3150 3159/3159 3160/3160
f 3150/3150 3160/3160 3151/3151
f 3151/3151 3160/3160 3161/3161
f 3151/3151 3161/3161 3152/3152
f 3152/3152 3161/3161 3162/3162
f 3152/3152 3162/3162 3153/3153
f 3153/3153 3162/3162 3163/3163
f 3153/3153 3163/3163 3154/3154
f 3154/3154 3163/3163 3164/3164
f 3154/3154 3164/3164 3155/3155
f 3155/3155 3164/3164 3165/3165
f 3155/3155 3165/3165 3156/3156
f 3156/3156 3165/3165 3166/3166
f 3156/3156 3166/3166 3076/3076
f 3157/3157 3065/3065 3066/3066
f 3157/3157 3066/3066 3158/3158
f 3158/3158 3066/3066 3067/3067
f 3158/3158 3067/3067 3159/3159
f 3159/3159 3067/3067 3068/3068
f 3159/3159 3068/3068 3160/3160
f 3160/3160 3068/3068 3069/3069
f 3160/3160 3069/3069 3161/3161
f 3161/3161 3069/3069 3070/3070
f 3161/3161 3070/3070 3162/3162
f 3162/3162 3070/3070 3071/3071
f 3162/3162 3071/3071 3163/3163
f 3163/3163 3071/3071 3072/3072
f 3163/3163 3072/3072 3164/3164
f 3164/3164 3072/3072 3073/3073
f 3164/3164 3073/3073 3165/3165
f 3165/3165 3073/3073 3074/3074
f 3165/3165 3074/3074 3166/3166
f 3166/3166 3074/3074 3075/3075
f 3166/3166 3075/3075 3076/3076
f 3168/3168 3167/3167 3179/3179
f 3168/3168 3179/3179 3169/3169
f 3169/3169 3179/3179 3180/3180
f 3169/3169 3180/3180 3170/3170
f 3170/3170 3180/3180 3181/3181
f 3170/3170 3181/3181 3171/3171
f 3171/3171 3181/3181 3182/3182
f 3171/3171 3182/3182 3172/3172
f 3172/3172 3182/3182 3183/3183
f 3172/3172 3183/3183 3173/3173
f 3173/3173 3183/3183 3184/3184
f 3173/3173 3184/3184 3174/3174
f 3174/3174 3184/3184 3185/3185
f 3174/3174 3185/3185 3175/3175
f 3175/3175 3185/3185 3186/3186
f 3175/3175 3186/3186 3176/3176
f 3176/3176 3186/3186 3187/3187
f 3176/3176 3187/3187 3177/3177
f 3177/3177 3187/3187 3188/3188
f 3177/3177 3188/3188 3178/3178
f 3179/3179 3167/3167 3189/3189
f 3179/3179 3189/3189 3180/3180
f 3180/3180 3189/3189 3190/3190
f 3180/3180 3190/3190 3181/3181
f 3181/3181 3190/3190 3191/3191
f 3181/3181 3191/3191 3182/3182
f 3182/3182 3191/3191 3192/3192
f 3182/3182 3192/3192 3183/3183
f 3183/3183 3192/3192 3193/3193
f 3183/3183 3193/3193 3184/3184
f 3184/3184 3193/3193 3194/3194
f 3184/3184 3194/3194 3185/3185
f 3185/3185 3194/3194 3195/3195
f 3185/3185 3195/3195 3186/3186
f 3186/3186 3195/3195 3196/3196
f 3186/3186 3196/3196 3187/3187
f 3187/3187 3196/3196 3197/3197
f 3187/3187 3197/3197 3188/3188
f 3188/3188 3197/3197 3198/3198
f 3188/3188 3198/3198 3178/3178
f 3189/3189 3167/3167 3199/3199
f 3189/3189 3199/3199 3190/3190
f 3190/3190 3199/3199 3200/3200
f 3190/3190 3200/3200 3191/3191
f 3191/3191 3200/3200 3201/3201
f 3191/3191 3201/3201 3192/3192
f 3192/3192 3201/3201 3202/3202
f 3192/3192 3202/3202 3193/3193
f 3193/3193 3202/3202 3203/3203
f 3193/3193 3203/3203 3194/3194
f 3194/3194 3203/3203 3204/3204
f 3194/3194 3204/3204 3195/3195
f 3195/3195 3204/3204 3205/3205
f 3195/3195 3205/3205 3196/3196
f 3196/3196 3205/3205 3206/3206
f 3196/3196 3206/3206 3197/3197
f 3197/3197 3206/3206 3207/3207
f 3197/3197 3207/3207 3198/3198
f 3198/3198 3207/3207 3208/3208
f 3198/3198 3208/3208 3178/3178
f 3199/3199 3167/3167 3209/3209
f 3199/3199 3209/3209 3200/3200
f 3200/3200 3209/3209 3210/3210
f 3200/3200 3210/3210 3201/3201
f 3201/3201 3210/3210 3211/3211
f 3201/3201 3211/3211 3202/3202
f 3202/3202 3211/3211 3212/3212
f 3202/3202 3212/3212 3203/3203
f 3203/3203 3212/3212 3213/3213
f 3203/3203 3213/3213 3204/3204
f 3204/3204 3213/3213 3214/3214
f 3204/3204 3214/3214 3205/3205
f 3205/3205 3214/3214 3215/3215
f 3205/3205 3215/3215 3206/3206
f 3206/3206 3215/3215 3216/3216
f 3206/3206 3216/3216 3207/3207
f 3207/3207 3216/3216 3217/3217
f 3207/3207 3217/3217 3208/3208
f 3208/3208 3217/3217 3218/3218
f 3208/3208 3218/3218 3178/3178
f 3209/3209 3167/3167 3219/3219
f 3209/3209 3219/3219 3210/3210
f 3210/3210 3219/3219 3220/3220
f 3210/3210 3220/3220 3211/3211
f 3211/3211 3220/3220 3221/3221
f 3211/3211 3221/3221 3212/3212
f 3212/3212 3221/3221 3222/3222
f 3212/3212 3222/3222 3213/3213
f 3213/3213 3222/3222 3223/3223
f 3213/3213 3223/3223 3214/3214
f 3214/3214 3223/3223 3224/3224
f 3214/3214 3224/3224 3215/3215
f 3215/3215 3224/3224 3225/3225
f 3215/3215 3225/3225 3216/3216
f 3216/3216 3225/3225 3226/3226
f 3216/3216 3226/3226 3217/3217
f 3217/3217 3226/3226 3227/3227
f 3217/3217 3227/3227 3218/3218
f 3218/3218 3227/3227 3228/3228
f 3218/3218 3228/3228 3178/3178
f 3219/3219 3167/3167 3229/3229
f 3219/3219 3229/3229 3220/3220
f 3220/3220 3229/3229 3230/3230
f 3220/3220 3230/3230 3221/3221
f 3221/3221 3230/3230 3231/3231
f 3221/3221 3231/3231 3222/3222
f 3222/3222 3231/3231 3232/3232
f 3222/3222 3232/3232 3223/3223
f 3223/3223 3232/3232 3233/3233
f 3223/3223 3233/3233 3224/3224
f 3224/3224 3233/3233 3234/3234
f 3224/3224 3234/3234 3225/3225
f 3225/3225 3234/3234 3235/3235
f 3225/3225 3235/3235 3226/3226
f 3226/3226 3235/3235 3236/3236
f 3226/3226 3236/3236 3227/3227
f 3227/3227 3236/3236 3237/3237
f 3227/3227 3237/3237 3228/3228
f 3228/3228 3237/3237 3238/3238
f 3228/3228 3238/3238 3178/3178
f 3229/3229 3167/3167 3239/3239
f 3229/3229 3239/3239 3230/3230
f 3230/3230 3239/3239 3240/3240
f 3230/3230 3240/3240 3231/3231
f 3231/3231 3240/3240 3241/3241
f 3231/3231 3241/3241 3232/3232
f 3232/3232 3241/3241 3242/3242
f 3232/3232 3242/3242 3233/3233
f 3233/3233 3242/3242 3243/3243
f 3233/3233 3243/3243 3234/3234
f 3234/3234 3243/3243 3244/3244
f 3234/3234 3244/3244 3235/3235
f 3235/3235 3244/3244 3245/3245
f 3235/3235 3245/3245 3236/3236
f 3236/3236 3245/3245 3246/3246
f 3236/3236 3246/3246 3237/3237
f 3237/3237 3246/3246 3247/3247
f 3237/3237 3247/3247 3238/3238
f 3238/3238 3247/3247 3248/3248
f 3238/3238 3248/3248 3178/3178
f 3239/3239 3167/3167 3249/3249
f 3239/3239 3249/3249 3240/3240
f 3240/3240 3249/3249 3250/3250
f 3240/3240 3250/3250 3241/3241
f 3241/3241 3250/3250 3251/3251
f 3241/3241 3251/3251 3242/3242
f 3242/3242 3251/3251 3252/3252
f 3242/3242 3252/3252 3243/3243
f 3243/3243 3252/3252 3253/3253
f 3243/3243 3253/3253 3244/3244
f 3244/3244 3253/3253 3254/3254
f 3244/3244 3254/3254 3245/3245
f 3245/3245 3254/3254 3255/3255
f 3245/3245 3255/3255 3246/3246
f 3246/3246 3255/3255 3256/3256
f 3246/3246 3256/3256 3247/3247
f 3247/3247 3256/3256 3257/3257
f 3247/3247 3257/3257 3248/3248
f 3248/3248 3257/3257 3258/3258
f 3248/3248 3258/3258 3178/3178
f 3249/3249 3167/3167 3259/3259
f 3249/3249 3259/3259 3250/3250
f 3250/3250 3259/3259 3260/3260
f 3250/3250 3260/3260 3251/3251
f 3251/3251 3260/3260 3261/3261
f 3251/3251 3261/3261 3252/3252
f 3252/3252 3261/3261 3262/3262
f 3252/3252 3262/3262 3253/3253
f 3253/3253 3262/3262 3263/3263
f 3253/3253 3263/3263 3254/3254
f 3254/3254 3263/3263 3264/3264
f 3254/3254 3264/3264 3255/3255
f 3255/3255 3264/3264 3265/3265
f 3255/3255 3265/3265 3256/3256
f 3256/3256 3265/3265 3266/3266
f 3256/3256 3266/3266 3257/3257
f 3257/3257 3266/3266 3267/3267
f 3257/3257 3267/3267 3258/3258
f 3258/3258 3267/3267 3268/3268
f 3258/3258 3268/3268 3178/3178
f 3259/3259 3167/3167 3168/3168
f 3259/3259 3168/3168 3260/3260
f 3260/3260 3168/3168 3169/3169
f 3260/3260 3169/3169 3261/3261
f 3261/3261 3169/3169 3170/3170
f 3261/3261 3170/3170 3262/3262
f 3262/3262 3170/3170 3171/3171
f 3262/3262 3171/3171 3263/3263
f 3263/3263 3171/3171 3172/3172
f 3263/3263 3172/3172 3264/3264
f 3264/3264 3172/3172 3173/3173
f 3264/3264 3173/3173 3265/3265
f 3265/3265 3173/3173 3174/3174
f 3265/3265 3174/3174 3266/3266
f 3266/3266 3174/3174 3175/3175
f 3266/3266 3175/3175 3267/3267
f 3267/3267 3175/3175 3176/3176
f 3267/3267 3176/3176 3268/3268
f 3268/3268 3176/3176 3177/3177
f 3268/3268 3177/3177 3178/3178
f 3270/3270 3269/3269 3273/3273
f 3270/3270 3273/3273 3271/3271
f 3271/3271 3273/3273 3274/3274
f 3271/3271 3274/3274 3272/3272
f 3273/3273 3269/3269 3275/3275
f 3273/3273 3275/3275 3274/3274
f 3274/3274 3275/3275 3276/3276
f 3274/3274 3276/3276 3272/3272
f 3275/3275 3269/3269 3277/3277
f 3275/3275 3277/3277 3276/3276
f 3276/3276 3277/3277 3278/3278
f 3276/3276 3278/3278 3272/3272
f 3277/3277 3269/3269 3279/3279
f 3277/3277 3279/3279 3278/3278
f 3278/3278 3279/3279 3280/3280
f 3278/3278 3280/3280 3272/3272
f 3279/3279 3269/3269 3281/3281
f 3279/3279 3281/3281 3280/3280
f 3280/3280 3281/3281 3282/3282
f 3280/3280 3282/3282 3272/3272
f 3281/3281 3269/3269 3283/3283
f 3281/3281 3283/3283 3282/3282
f 3282/3282 3283/3283 3284/3284
f 3282/3282 3284/3284 3272/3272
f 3283/3283 3269/3269 3285/3285
f 3283/3283 3285/3285 3284/3284
f 3284/3284 3285/3285 3286/3286
f 3284/3284 3286/3286 3272/3272
f 3285/3285 3269/3269 3287/3287
f 3285/3285 3287/3287 3286/3286
f 3286/3286 3287/3287 3288/3288
f 3286/3286 3288/3288 3272/3272
f 3287/3287 3269/3269 3289/3289
f 3287/3287 3289/3289 3288/3288
f 3288/3288 3289/3289 3290/3290
f 3288/3288 3290/3290 3272/3272
f 3289/3289 3269/3269 3291/3291
f 3289/3289 3291/3291 3290/3290
f 3290/3290 3291/3291 3292/3292
f 3290/3290 3292/3292 3272/3272
f 3291/3291 3269/3269 3293/3293
f 3291/3291 3293/3293 3292/3292
f 3292/3292 3293/3293 3294/3294
f 3292/3292 3294/3294 3272/3272
f 3293/3293 3269/3269 3295/3295
f 3293/3293 3295/3295 3294/3294
f 3294/3294 3295/3295 3296/3296
f 3294/3294 3296/3296 3272/3272
f 3295/3295 3269/3269 3297/3297
f 3295/3295 3297/3297 3296/3296
f 3296/3296 3297/3297 3298/3298
f 3296/3296 3298/3298 3272/3272
f 3297/3297 3269/3269 3299/3299
f 3297/3297 3299/3299 3298/3298
f 3298/3298 3299/3299 3300/3300
f 3298/3298 3300/3300 3272/3272
f 3299/3299 3269/3269 3301/3301
f 3299/3299 3301/3301 3300/3300
f 3300/3300 3301/3301 3302/3302
f 3300/3300 3302/3302 3272/3272
f 3301/3301 3269/3269 3303/3303
f 3301/3301 3303/3303 3302/3302
f 3302/3302 3303/3303 3304/3304
f 3302/3302 3304/3304 3272/3272
f 3303/3303 3269/3269 3305/3305
f 3303/3303 3305/3305 3304/3304
f 3304/3304 3305/3305 3306/3306
f 3304/3304 3306/3306 3272/3272
f 3305/3305 3269/3269 3307/3307
f 3305/3305 3307/3307 3306/3306
f 3306/3306 3307/3307 3308/3308
f 3306/3306 3308/3308 3272/3272
f 3307/3307 3269/3269 3309/3309
f 3307/3307 3309/3309 3308/3308
f 3308/3308 3309/3309 3310/3310
f 3308/3308 3310/3310 3272/3272
f 3309/3309 3269/3269 3311/3311
f 3309/3309 3311/3311 3310/3310
f 3310/3310 3311/3311 3312/3312
f 3310/3310 3312/3312 3272/3272
f 3311/3311 3269/3269 3313/3313
f 3311/3311 3313/3313 3312/3312
f 3312/3312 3313/3313 3314/3314
f 3312/3312 3314/3314 3272/3272
f 3313/3313 3269/3269 3315/3315
f 3313/3313 3315/3315 3314/3314
f 3314/3314 3315/3315 3316/3316
f 3314/3314 3316/3316 3272/3272
f 3315/3315 3269/3269 3317/3317
f 3315/3315 3317/3317 3316/3316
f 3316/3316 3317/3317 3318/3318
f 3316/3316 3318/3318 3272/3272
f 3317/3317 3269/3269 3319/3319
f 3317/3317 3319/3319 3318/3318
f 3318/3318 3319/3319 3320/3320
f 3318/3318 3320/3320 3272/3272
f 3319/3319 3269/3269 3321/3321
f 3319/3319 3321/3321 3320/3320
f 3320/3320 3321/3321 3322/3322
f 3320/3320 3322/3322 3272/3272
f 3321/3321 3269/3269 3323/3323
f 3321/3321 3323/3323 3322/3322
f 3322/3322 3323/3323 3324/3324
f 3322/3322 3324/3324 3272/3272
f 3323/3323 3269/3269 3325/3325
f 3323/3323 3325/3325 3324/3324
f 3324/3324 3325/3325 3326/3326
f 3324/3324 3326/3326 3272/3272
f 3325/3325 3269/3269 3327/3327
f 3325/3325 3327/3327 3326/3326
f 3326/3326 3327/3327 3328/3328
f 3326/3326 3328/3328 3272/3272
f 3327/3327 3269/3269 3329/3329
f 3327/3327 3329/3329 3328/3328
f 3328/3328 3329/3329 3330/3330
f 3328/3328 3330/3330 3272/3272
f 3329/3329 3269/3269 3331/3331
f 3329/3329 3331/3331 3330/3330
f 3330/3330 3331/3331 3332/3332
f 3330/3330 3332/3332 3272/3272
f 3331/3331 3269/3269 3333/3333
f 3331/3331 3333/3333 3332/3332
f 3332/3332 3333/3333 3334/3334
f 3332/3332 3334/3334 3272/3272
f 3333/3333 3269/3269 3270/3270
f 3333/3333 3270/3270 3334/3334
f 3334/3334 3270/3270 3271/3271
f 3334/3334 3271/3271 3272/3272
f 3336/3336 3335/3335 3339/3339
f 3336/3336 3339/3339 3337/3337
f 3337/3337 3339/3339 3340/3340
f 3337/3337 3340/3340 3338/3338
f 3339/3339 3335/3335 3341/3341
f 3339/3339 3341/3341 3340/3340
f 3340/3340 3341/3341 3342/3342
f 3340/3340 3342/3342 3338/3338
f 3341/3341 3335/3335 3343/3343
f 3341/3341 3343/3343 3342/3342
f 3342/3342 3343/3343 3344/3344
f 3342/3342 3344/3344 3338/3338
f 3343/3343 3335/3335 3345/3345
f 3343/3343 3345/3345 3344/3344
f 3344/3344 3345/3345 3346/3346
f 3344/3344 3346/3346 3338/3338
f 3345/3345 3335/3335 3347/3347
f 3345/3345 3347/3347 3346/3346
f 3346/3346 3347/3347 3348/3348
f 3346/3346 3348/3348 3338/3338
f 3347/3347 3335/3335 3349/3349
f 3347/3347 3349/3349 3348/3348
f 3348/3348 3349/3349 3350/3350
f 3348/3348 3350/3350 3338/3338
f 3349/3349 3335/3335 3351/3351
f 3349/3349 3351/3351 3350/3350
f 3350/3350 3351/3351 3352/3352
f 3350/3350 3352/3352 3338/3338
f 3351/3351 3335/3335 3353/3353
f 3351/3351 3353/3353 3352/3352
f 3352/3352 3353/3353 3354/3354
f 3352/3352 3354/3354 3338/3338
f 3353/3353 3335/3335 3355/3355
f 3353/3353 3355/3355 3354/3354
f 3354/3354 3355/3355 3356/3356
f 3354/3354 3356/3356 3338/3338
f 3355/3355 3335/3335 3357/3357
f 3355/3355 3357/3357 3356/3356
f 3356/3356 3357/3357 3358/3358
f 3356/3356 3358/3358 3338/3338
f 3357/3357 3335/3335 3359/3359
f 3357/3357 3359/3359 3358/3358
f 3358/3358 3359/3359 3360/3360
f 3358/3358 3360/3360 3338/3338
f 3359/3359 3335/3335 3361/3361
f 3359/3359 3361/3361 3360/3360
f 3360/3360 3361/3361 3362/3362
f 3360/3360 3362/3362 3338/3338
f 3361/3361 3335/3335 3363/3363
f 3361/3361 3363/3363 3362/3362
f 3362/3362 3363/3363 3364/3364
f 3362/3362 3364/3364 3338/3338
f 3363/3363 3335/3335 3365/3365
f 3363/3363 3365/3365 3364/3364
f 3364/3364 3365/3365 3366/3366
f 3364/3364 3366/3366 3338/3338
f 3365/3365 3335/3335 3367/3367
f 3365/3365 3367/3367 3366/3366
f 3366/3366 3367/3367 3368/3368
f 3366/3366 3368/3368 3338/3338
f 3367/3367 3335/3335 3369/3369
f 3367/3367 3369/3369 3368/3368
f 3368/3368 3369/3369 3370/3370
f 3368/3368 3370/3370 3338/3338
f 3369/3369 3335/3335 3371/3371
f 3369/3369 3371/3371 3370/3370
f 3370/3370 3371/3371 3372/3372
f 3370/3370 3372/3372 3338/3338
f 3371/3371 3335/3335 3373/3373
f 3371/3371 3373/3373 3372/3372
f 3372/3372 3373/3373 3374/3374
f 3372/3372 3374/3374 3338/3338
f 3373/3373 3335/3335 3375/3375
f 3373/3373 3375/3375 3374/3374
f 3374/3374 3375/3375 3376/3376
f 3374/3374 3376/3376 3338/3338
f 3375/3375 3335/3335 3377/3377
f 3375/3375 3377/3377 3376/3376
f 3376/3376 3377/3377 3378/3378
f 3376/3376 3378/3378 3338/3338
f 3377/3377 3335/3335 3379/3379
f 3377/3377 3379/3379 3378/3378
f 3378/3378 3379/3379 3380/3380
f 3378/3378 3380/3380 3338/3338
f 3379/3379 3335/3335 3381/3381
f 3379/3379 3381/3381 3380/3380
f 3380/3380 3381/3381 3382/3382
f 3380/3380 3382/3382 3338/3338
f 3381/3381 3335/3335 3383/3383
f 3381/3381 3383/3383 3382/3382
f 3382/3382 3383/3383 3384/3384
f 3382/3382 3384/3384 3338/3338
f 3383/3383 3335/3335 3385/3385
f 3383/3383 3385/3385 3384/3384
f 3384/3384 3385/3385 3386/3386
f 3384/3384 3386/3386 3338/3338
f 3385/3385 3335/3335 3387/3387
f 3385/3385 3387/3387 3386/3386
f 3386/3386 3387/3387 3388/3388
f 3386/3386 3388/3388 3338/3338
f 3387/3387 3335/3335 3389/3389
f 3387/3387 3389/3389 3388/3388
f 3388/3388 3389/3389 3390/3390
f 3388/3388 3390/3390 3338/3338
f 3389/3389 3335/3335 3391/3391
f 3389/3389 3391/3391 3390/3390
f 3390/3390 3391/3391 3392/3392
f 3390/3390 3392/3392 3338/3338
f 3391/3391 3335/3335 3393/3393
f 3391/3391 3393/3393 3392/3392
f 3392/3392 3393/3393 3394/3394
f 3392/3392 3394/3394 3338/3338
f 3393/3393 3335/3335 3395/3395
f 3393/3393 3395/3395 3394/3394
f 3394/3394 3395/3395 3396/3396
f 3394/3394 3396/3396 3338/3338
f 3395/3395 3335/3335 3397/3397
f 3395/3395 3397/3397 3396/3396
f 3396/3396 3397/3397 3398/3398
f 3396/3396 3398/3398 3338/3338
f 3397/3397 3335/3335 3399/3399
f 3397/3397 3399/3399 3398/3398
f 3398/3398 3399/3399 3400/3400
f 3398/3398 3400/3400 3338/3338
f 3399/3399 3335/3335 3336/3336
f 3399/3399 3336/3336 3400/3400
f 3400/3400 3336/3336 3337/3337
f 3400/3400 3337/3337 3338/3338
f 3402/3402 3401/3401 3413/3413
f 3402/3402 3413/3413 3403/3403
f 3403/3403 3413/3413 3414/3414
f 3403/3403 3414/3414 3404/3404
f 3404/3404 3414/3414 3415/3415
f 3404/3404 3415/3415 3405/3405
f 3405/3405 3415/3415 3416/3416
f 3405/3405 3416/3416 3406/3406
f 3406/3406 3416/3416 3417/3417
f 3406/3406 3417/3417 3407/3407
f 3407/3407 3417/3417 3418/3418
f 3407/3407 3418/3418 3408/3408
f 3408/3408 3418/3418 3419/3419
f 3408/3408 3419/3419 3409/3409
f 3409/3409 3419/3419 3420/3420
f 3409/3409 3420/3420 3410/3410
f 3410/3410 3420/3420 3421/3421
f 3410/3410 3421/3421 3411/3411
f 3411/3411 3421/3421 3422/3422
f 3411/3411 3422/3422 3412/3412
f 3413/3413 3401/3401 3423/3423
f 3413/3413 3423/3423 3414/3414
f 3414/3414 3423/3423 3424/3424
f 3414/3414 3424/3424 3415/3415
f 3415/3415 3424/3424 3425/3425
f 3415/3415 3425/3425 3416/3416
f 3416/3416 3425/3425 3426/3426
f 3416/3416 3426/3426 3417/3417
f 3417/3417 3426/3426 3427/3427
f 3417/3417 3427/3427 3418/3418
f 3418/3418 3427/3427 3428/3428
f 3418/3418 3428/3428 3419/3419
f 3419/3419 3428/3428 3429/3429
f 3419/3419 3429/3429 3420/3420
f 3420/3420 3429/3429 3430/3430
f 3420/3420 3430/3430 3421/3421
f 3421/3421 3430/3430 3431/3431
f 3421/3421 3431/3431 3422/3422
f 3422/3422 3431/3431 3432/3432
f 3422/3422 3432/3432 3412/3412
f 3423/3423 3401/3401 3433/3433
f 3423/3423 3433/3433 3424/3424
f 3424/3424 3433/3433 3434/3434
f 3424/3424 3434/3434 3425/3425
f 3425/3425 3434/3434 3435/3435
f 3425/3425 3435/3435 3426/3426
f 3426/3426 3435/3435 3436/3436
f 3426/3426 3436/3436 3427/3427
f 3427/3427 3436/3436 3437/3437
f 3427/3427 3437/3437 3428/3428
f 3428/3428 3437/3437 3438/3438
f 3428/3428 3438/3438 3429/3429
f 3429/3429 3438/3438 3439/3439
f 3429/3429 3439/3439 3430/3430
f 3430/3430 3439/3439 3440/3440
f 3430/3430 3440/3440 3431/3431
f 3431/3431 3440/3440 3441/3441
f 3431/3431 3441/3441 3432/3432
f 3432/3432 3441/3441 3442/3442
f 3432/3432 3442/3442 3412/3412
f 3433/3433 3401/3401 3443/3443
f 3433/3433 3443/3443 3434/3434
f 3434/3434 3443/3443 3444/3444
f 3434/3434 3444/3444 3435/3435
f 3435/3435 3444/3444 3445/3445
f 3435/3435 3445/3445 3436/3436
f 3436/3436 3445/3445 3446/3446
f 3436/3436 3446/3446 3437/3437
f 3437/3437 3446/3446 3447/3447
f 3437/3437 3447/3447 3438/3438
f 3438/3438 3447/3447 3448/3448
f 3438/3438 3448/3448 3439/3439
f 3439/3439 3448/3448 3449/3449
f 3439/3439 3449/3449 3440/3440
f 3440/3440 3449/3449 3450/3450
f 3440/3440 3450/3450 3441/3441
f 3441/3441 3450/3450 3451/3451
f 3441/3441 3451/3451 3442/3442
f 3442/3442 3451/3451 3452/3452
f 3442/3442 3452/3452 3412/3412
f 3443/3443 3401/3401 3453/3453
f 3443/3443 3453/3453 3444/3444
f 3444/3444 3453/3453 3454/3454
f 3444/3444 3454/3454 3445/3445
f 3445/3445 3454/3454 3455/3455
f 3445/3445 3455/3455 3446/3446
f 3446/3446 3455/3455 3456/3456
f 3446/3446 3456/3456 3447/3447
f 3447/3447 3456/3456 3457/3457
f 3447/3447 3457/3457 3448/3448
f 3448/3448 3457/3457 3458/3458
f 3448/3448 3458/3458 3449/3449
f 3449/3449 3458/3458 3459/3459
f 3449/3449 3459/3459 3450/3450
f 3450/3450 3459/3459 3460/3460
f 3450/3450 3460/3460 3451/3451
f 3451/3451 3460/3460 3461/3461
f 3451/3451 3461/3461 3452/3452
f 3452/3452 3461/3461 3462/3462
f 3452/3452 3462/3462 3412/3412
f 3453/3453 3401/3401 3463/3463
f 3453/3453 3463/3463 3454/3454
f 3454/3454 3463/3463 3464/3464
f 3454/3454 3464/3464 3455/3455
f 3455/3455 3464/3464 3465/3465
f 3455/3455 3465/3465 3456/3456
f 3456/3456 3465/3465 3466/3466
f 3456/3456 3466/3466 3457/3457
f 3457/3457 3466/3466 3467/3467
f 3457/3457 3467/3467 3458/3458
f 3458/3458 3467/3467 3468/3468
f 3458/3458 3468/3468 3459/3459
f 3459/3459 3468/3468 3469/3469
f 3459/3459 3469/3469 3460/3460
f 3460/3460 3469/3469 3470/3470
f 3460/3460 3470/3470 3461/3461
f 3461/3461 3470/3470 3471/3471
f 3461/3461 3471/3471 3462/3462
f 3462/3462 3471/3471 3472/3472
f 3462/3462 3472/3472 3412/3412
f 3463/3463 3401/3401 3473/3473
f 3463/3463 3473/3473 3464/3464
f 3464/3464 3473/3473 3474/3474
f 3464/3464 3474/3474 3465/3465
f 3465/3465 3474/3474 3475/3475
f 3465/3465 3475/3475 3466/3466
f 3466/3466 3475/3475 3476/3476
f 3466/3466 3476/3476 3467/3467
f 3467/3467 3476/3476 3477/3477
f 3467/3467 3477/3477 3468/3468
f 3468/3468 3477/3477 3478/3478
f 3468/3468 3478/3478 3469/3469
f 3469/3469 3478/3478 3479/3479
f 3469/3469 3479/3479 3470/3470
f 3470/3470 3479/3479 3480/3480
f 3470/3470 3480/3480 3471/3471
f 3471/3471 3480/3480 3481/3481
f 3471/3471 3481/3481 3472/3472
f 3472/3472 3481/3481 3482/3482
f 3472/3472 3482/3482 3412/3412
f 3473/3473 3401/3401 3483/3483
f 3473/3473 3483/3483 3474/3474
f 3474/3474 3483/3483 3484/3484
f 3474/3474 3484/3484 3475/3475
f 3475/3475 3484/3484 3485/3485
f 3475/3475 3485/3485 3476/3476
f 3476/3476 3485/3485 3486/3486
f 3476/3476 3486/3486 3477/3477
f 3477/3477 3486/3486 3487/3487
f 3477/3477 3487/3487 3478/3478
f 3478/3478 3487/3487 3488/3488
f 3478/3478 3488/3488 3479/3479
f 3479/3479 3488/3488 3489/3489
f 3479/3479 3489/3489 3480/3480
f 3480/3480 3489/3489 3490/3490
f 3480/3480 3490/3490 3481/3481
f 3481/3481 3490/3490 3491/3491
f 3481/3481 3491/3491 3482/3482
f 3482/3482 3491/3491 3492/3492
f 3482/3482 3492/3492 3412/3412
f 3483/3483 3401/3401 3493/3493
f 3483/3483 3493/3493 3484/3484
f 3484/3484 3493/3493 3494/3494
f 3484/3484 3494/3494 3485/3485
f 3485/3485 3494/3494 3495/3495
f 3485/3485 3495/3495 3486/3486
f 3486/3486 3495/3495 3496/3496
f 3486/3486 3496/3496 3487/3487
f 3487/3487 3496/3496 3497/3497
f 3487/3487 3497/3497 3488/3488
f 3488/3488 3497/3497 3498/3498
f 3488/3488 3498/3498 3489/3489
f 3489/3489 3498/3498 3499/3499
f 3489/3489 3499/3499 3490/3490
f 3490/3490 3499/3499 3500/3500
f 3490/3490 3500/3500 3491/3491
f 3491/3491 3500/3500 3501/3501
f 3491/3491 3501/3501 3492/3492
f 3492/3492 3501/3501 3502/3502
f 3492/3492 3502/3502 3412/3412
f 3493/3493 3401/3401 3402/3402
f 3493/3493 3402/3402 3494/3494
f 3494/3494 3402/3402 3403/3403
f 3494/3494 3403/3403 3495/3495
f 3495/3495 3403/3403 3404/3404
f 3495/3495 3404/3404 3496/3496
f 3496/3496 3404/3404 3405/3405
f 3496/3496 3405/3405 3497/3497
f 3497/3497 3405/3405 3406/3406
f 3497/3497 3406/3406 3498/3498
f 3498/3498 3406/3406 3407/3407
f 3498/3498 3407/3407 3499/3499
f 3499/3499 3407/3407 3408/3408
f 3499/3499 3408/3408 3500/3500
f 3500/3500 3408/3408 3409/3409
f 3500/3500 3409/3409 3501/3501
f 3501/3501 3409/3409 3410/3410
f 3501/3501 3410/3410 3502/3502
f 3502/3502 3410/3410 3411/3411
f 3502/3502 3411/3411 3412/3412
f 3503/3503 3640/3640 3556/3556
f 3640/3640 3540/3540 3642/3642
f 3556/3556 3642/3642 3519/3519
f 3640/3640 3642/3642 3556/3556
f 3540/3540 3641/3641 3657/3657
f 3641/3641 3514/3514 3654/3654
f 3657/3657 3654/3654 3543/3543
f 3641/3641 3654/3654 3657/3657
f 3519/3519 3655/3655 3557/3557
f 3655/3655 3543/3543 3653/3653
f 3557/3557 3653/3653 3508/3508
f 3655/3655 3653/3653 3557/3557
f 3540/3540 3657/3657 3642/3642
f 3657/3657 3543/3543 3655/3655
f 3642/3642 3655/3655 3519/3519
f 3657/3657 3655/3655 3642/3642
f 3503/3503 3556/3556 3545/3545
f 3556/3556 3519/3519 3558/3558
f 3545/3545 3558/3558 3515/3515
f 3556/3556 3558/3558 3545/3545
f 3519/3519 3557/3557 3562/3562
f 3557/3557 3508/3508 3560/3560
f 3562/3562 3560/3560 3520/3520
f 3557/3557 3560/3560 3562/3562
f 3515/3515 3561/3561 3546/3546
f 3561/3561 3520/3520 3559/3559
f 3546/3546 3559/3559 3504/3504
f 3561/3561 3559/3559 3546/3546
f 3519/3519 3562/3562 3558/3558
f 3562/3562 3520/3520 3561/3561
f 3558/3558 3561/3561 3515/3515
f 3562/3562 3561/3561 3558/3558
f 3503/3503 3545/3545 3572/3572
f 3545/3545 3515/3515 3574/3574
f 3572/3572 3574/3574 3524/3524
f 3545/3545 3574/3574 3572/3572
f 3515/3515 3546/3546 3577/3577
f 3546/3546 3504/3504 3575/3575
f 3577/3577 3575/3575 3525/3525
f 3546/3546 3575/3575 3577/3577
f 3524/3524 3578/3578 3573/3573
f 3578/3578 3525/3525 3576/3576
f 3573/3573 3576/3576 3510/3510
f 3578/3578 3576/3576 3573/3573
f 3515/3515 3577/3577 3574/3574
f 3577/3577 3525/3525 3578/3578
f 3574/3574 3578/3578 3524/3524
f 3577/3577 3578/3578 3574/3574
f 3503/3503 3572/3572 3623/3623
f 3572/3572 3524/3524 3625/3625
f 3623/3623 3625/3625 3536/3536
f 3572/3572 3625/3625 3623/3623
f 3524/3524 3573/3573 3636/3636
f 3573/3573 3510/3510 3634/3634
f 3636/3636 3634/3634 3539/3539
f 3573/3573 3634/3634 3636/3636
f 3536/3536 3638/3638 3624/3624
f 3638/3638 3539/3539 3635/3635
f 3624/3624 3635/3635 3513/3513
f 3638/3638 3635/3635 3624/3624
f 3524/3524 3636/3636 3625/3625
f 3636/3636 3539/3539 3638/3638
f 3625/3625 3638/3638 3536/3536
f 3636/3636 3638/3638 3625/3625
f 3503/3503 3623/3623 3640/3640
f 3623/3623 3536/3536 3643/3643
f 3640/3640 3643/3643 3540/3540
f 3623/3623 3643/3643 3640/3640
f 3536/3536 3624/3624 3661/3661
f 3624/3624 3513/3513 3659/3659
f 3661/3661 3659/3659 3544/3544
f 3624/3624 3659/3659 3661/3661
f 3540/3540 3663/3663 3641/3641
f 3663/3663 3544/3544 3660/3660
f 3641/3641 3660/3660 3514/3514
f 3663/3663 3660/3660 3641/3641
f 3536/3536 3661/3661 3643/3643
f 3661/3661 3544/3544 3663/3663
f 3643/3643 3663/3663 3540/3540
f 3661/3661 3663/3663 3643/3643
f 3504/3504 3559/3559 3598/3598
f 3559/3559 3520/3520 3600/3600
f 3598/3598 3600/3600 3531/3531
f 3559/3559 3600/3600 3598/3598
f 3520/3520 3560/3560 3613/3613
f 3560/3560 3508/3508 3611/3611
f 3613/3613 3611/3611 3534/3534
f 3560/3560 3611/3611 3613/3613
f 3531/3531 3615/3615 3599/3599
f 3615/3615 3534/3534 3612/3612
f 3599/3599 3612/3612 3512/3512
f 3615/3615 3612/3612 3599/3599
f 3520/3520 3613/3613 3600/3600
f 3613/3613 3534/3534 3615/3615
f 3600/3600 3615/3615 3531/3531
f 3613/3613 3615/3615 3600/3600
f 3508/3508 3653/3653 3564/3564
f 3653/3653 3543/3543 3656/3656
f 3564/3564 3656/3656 3521/3521
f 3653/3653 3656/3656 3564/3564
f 3543/3543 3654/3654 3658/3658
f 3654/3654 3514/3514 3649/3649
f 3658/3658 3649/3649 3542/3542
f 3654/3654 3649/3649 3658/3658
f 3521/3521 3651/3651 3563/3563
f 3651/3651 3542/3542 3648/3648
f 3563/3563 3648/3648 3507/3507
f 3651/3651 3648/3648 3563/3563
f 3543/3543 3658/3658 3656/3656
f 3658/3658 3542/3542 3651/3651
f 3656/3656 3651/3651 3521/3521
f 3658/3658 3651/3651 3656/3656
f 3514/3514 3660/3660 3645/3645
f 3660/3660 3544/3544 3664/3664
f 3645/3645 3664/3664 3541/3541
f 3660/3660 3664/3664 3645/3645
f 3544/3544 3659/3659 3662/3662
f 3659/3659 3513/3513 3627/3627
f 3662/3662 3627/3627 3537/3537
f 3659/3659 3627/3627 3662/3662
f 3541/3541 3647/3647 3644/3644
f 3647/3647 3537/3537 3626/3626
f 3644/3644 3626/3626 3505/3505
f 3647/3647 3626/3626 3644/3644
f 3544/3544 3662/3662 3664/3664
f 3662/3662 3537/3537 3647/3647
f 3664/3664 3647/3647 3541/3541
f 3662/3662 3647/3647 3664/3664
f 3513/3513 3635/3635 3630/3630
f 3635/3635 3539/3539 3639/3639
f 3630/3630 3639/3639 3538/3538
f 3635/3635 3639/3639 3630/3630
f 3539/3539 3634/3634 3637/3637
f 3634/3634 3510/3510 3580/3580
f 3637/3637 3580/3580 3526/3526
f 3634/3634 3580/3580 3637/3637
f 3538/3538 3632/3632 3629/3629
f 3632/3632 3526/3526 3579/3579
f 3629/3629 3579/3579 3509/3509
f 3632/3632 3579/3579 3629/3629
f 3539/3539 3637/3637 3639/3639
f 3637/3637 3526/3526 3632/3632
f 3639/3639 3632/3632 3538/3538
f 3637/3637 3632/3632 3639/3639
f 3510/3510 3576/3576 3592/3592
f 3576/3576 3525/3525 3594/3594
f 3592/3592 3594/3594 3530/3530
f 3576/3576 3594/3594 3592/3592
f 3525/3525 3575/3575 3583/3583
f 3575/3575 3504/3504 3581/3581
f 3583/3583 3581/3581 3527/3527
f 3575/3575 3581/3581 3583/3583
f 3530/3530 3596/3596 3593/3593
f 3596/3596 3527/3527 3582/3582
f 3593/3593 3582/3582 3511/3511
f 3596/3596 3582/3582 3593/3593
f 3525/3525 3583/3583 3594/3594
f 3583/3583 3527/3527 3596/3596
f 3594/3594 3596/3596 3530/3530
f 3583/3583 3596/3596 3594/3594
f 3506/3506 3602/3602 3552/3552
f 3602/3602 3532/3532 3604/3604
f 3552/3552 3604/3604 3518/3518
f 3602/3602 3604/3604 3552/3552
f 3532/3532 3603/3603 3610/3610
f 3603/3603 3512/3512 3607/3607
f 3610/3610 3607/3607 3533/3533
f 3603/3603 3607/3607 3610/3610
f 3518/3518 3608/3608 3553/3553
f 3608/3608 3533/3533 3606/3606
f 3553/3553 3606/3606 3507/3507
f 3608/3608 3606/3606 3553/3553
f 3532/3532 3610/3610 3604/3604
f 3610/3610 3533/3533 3608/3608
f 3604/3604 3608/3608 3518/3518
f 3610/3610 3608/3608 3604/3604
f 3506/3506 3552/3552 3548/3548
f 3552/3552 3518/3518 3554/3554
f 3548/3548 3554/3554 3516/3516
f 3552/3552 3554/3554 3548/3548
f 3518/3518 3553/3553 3555/3555
f 3553/3553 3507/3507 3550/3550
f 3555/3555 3550/3550 3517/3517
f 3553/3553 3550/3550 3555/3555
f 3516/3516 3551/3551 3547/3547
f 3551/3551 3517/3517 3549/3549
f 3547/3547 3549/3549 3505/3505
f 3551/3551 3549/3549 3547/3547
f 3518/3518 3555/3555 3554/3554
f 3555/3555 3517/3517 3551/3551
f 3554/3554 3551/3551 3516/3516
f 3555/3555 3551/3551 3554/3554
f 3506/3506 3548/3548 3568/3568
f 3548/3548 3516/3516 3570/3570
f 3568/3568 3570/3570 3523/3523
f 3548/3548 3570/3570 3568/3568
f 3516/3516 3547/3547 3567/3567
f 3547/3547 3505/3505 3565/3565
f 3567/3567 3565/3565 3522/3522
f 3547/3547 3565/3565 3567/3567
f 3523/3523 3571/3571 3569/3569
f 3571/3571 3522/3522 3566/3566
f 3569/3569 3566/3566 3509/3509
f 3571/3571 3566/3566 3569/3569
f 3516/3516 3567/3567 3570/3570
f 3567/3567 3522/3522 3571/3571
f 3570/3570 3571/3571 3523/3523
f 3567/3567 3571/3571 3570/3570
f 3506/3506 3568/3568 3584/3584
f 3568/3568 3523/3523 3586/3586
f 3584/3584 3586/3586 3528/3528
f 3568/3568 3586/3586 3584/3584
f 3523/3523 3569/3569 3589/3589
f 3569/3569 3509/3509 3587/3587
f 3589/3589 3587/3587 3529/3529
f 3569/3569 3587/3587 3589/3589
f 3528/3528 3591/3591 3585/3585
f 3591/3591 3529/3529 3588/3588
f 3585/3585 3588/3588 3511/3511
f 3591/3591 3588/3588 3585/3585
f 3523/3523 3589/3589 3586/3586
f 3589/3589 3529/3529 3591/3591
f 3586/3586 3591/3591 3528/3528
f 3589/3589 3591/3591 3586/3586
f 3506/3506 3584/3584 3602/3602
f 3584/3584 3528/3528 3605/3605
f 3602/3602 3605/3605 3532/3532
f 3584/3584 3605/3605 3602/3602
f 3528/3528 3585/3585 3620/3620
f 3585/3585 3511/3511 3617/3617
f 3620/3620 3617/3617 3535/3535
f 3585/3585 3617/3617 3620/3620
f 3532/3532 3622/3622 3603/3603
f 3622/3622 3535/3535 3618/3618
f 3603/3603 3618/3618 3512/3512
f 3622/3622 3618/3618 3603/3603
f 3528/3528 3620/3620 3605/3605
f 3620/3620 3535/3535 3622/3622
f 3605/3605 3622/3622 3532/3532
f 3620/3620 3622/3622 3605/3605
f 3507/3507 3606/3606 3563/3563
f 3606/3606 3533/3533 3609/3609
f 3563/3563 3609/3609 3521/3521
f 3606/3606 3609/3609 3563/3563
f 3533/3533 3607/3607 3616/3616
f 3607/3607 3512/3512 3612/3612
f 3616/3616 3612/3612 3534/3534
f 3607/3607 3612/3612 3616/3616
f 3521/3521 3614/3614 3564/3564
f 3614/3614 3534/3534 3611/3611
f 3564/3564 3611/3611 3508/3508
f 3614/3614 3611/3611 3564/3564
f 3533/3533 3616/3616 3609/3609
f 3616/3616 3534/3534 3614/3614
f 3609/3609 3614/3614 3521/3521
f 3616/3616 3614/3614 3609/3609
f 3505/3505 3549/3549 3644/3644
f 3549/3549 3517/3517 3646/3646
f 3644/3644 3646/3646 3541/3541
f 3549/3549 3646/3646 3644/3644
f 3517/3517 3550/3550 3650/3650
f 3550/3550 3507/3507 3648/3648
f 3650/3650 3648/3648 3542/3542
f 3550/3550 3648/3648 3650/3650
f 3541/3541 3652/3652 3645/3645
f 3652/3652 3542/3542 3649/3649
f 3645/3645 3649/3649 3514/3514
f 3652/3652 3649/3649 3645/3645
f 3517/3517 3650/3650 3646/3646
f 3650/3650 3542/3542 3652/3652
f 3646/3646 3652/3652 3541/3541
f 3650/3650 3652/3652 3646/3646
f 3509/3509 3566/3566 3629/3629
f 3566/3566 3522/3522 3631/3631
f 3629/3629 3631/3631 3538/3538
f 3566/3566 3631/3631 3629/3629
f 3522/3522 3565/3565 3628/3628
f 3565/3565 3505/3505 3626/3626
f 3628/3628 3626/3626 3537/3537
f 3565/3565 3626/3626 3628/3628
f 3538/3538 3633/3633 3630/3630
f 3633/3633 3537/3537 3627/3627
f 3630/3630 3627/3627 3513/3513
f 3633/3633 3627/3627 3630/3630
f 3522/3522 3628/3628 3631/3631
f 3628/3628 3537/3537 3633/3633
f 3631/3631 3633/3633 3538/3538
f 3628/3628 3633/3633 3631/3631
f 3511/3511 3588/3588 3593/3593
f 3588/3588 3529/3529 3597/3597
f 3593/3593 3597/3597 3530/3530
f 3588/3588 3597/3597 3593/3593
f 3529/3529 3587/3587 3590/3590
f 3587/3587 3509/3509 3579/3579
f 3590/3590 3579/3579 3526/3526
f 3587/3587 3579/3579 3590/3590
f 3530/3530 3595/3595 3592/3592
f 3595/3595 3526/3526 3580/3580
f 3592/3592 3580/3580 3510/3510
f 3595/3595 3580/3580 3592/3592
f 3529/3529 3590/3590 3597/3597
f 3590/3590 3526/3526 3595/3595
f 3597/3597 3595/3595 3530/3530
f 3590/3590 3595/3595 3597/3597
f 3512/3512 3618/3618 3599/3599
f 3618/3618 3535/3535 3621/3621
f 3599/3599 3621/3621 3531/3531
f 3618/3618 3621/3621 3599/3599
f 3535/3535 3617/3617 3619/3619
f 3617/3617 3511/3511 3582/3582
f 3619/3619 3582/3582 3527/3527
f 3617/3617 3582/3582 3619/3619
f 3531/3531 3601/3601 3598/3598
f 3601/3601 3527/3527 3581/3581
f 3598/3598 3581/3581 3504/3504
f 3601/3601 3581/3581 3598/3598
f 3535/3535 3619/3619 3621/3621
f 3619/3619 3527/3527 3601/3601
f 3621/3621 3601/3601 3531/3531
f 3619/3619 3601/3601 3621/3621
f 3666/3666 3665/3665 3677/3677
f 3666/3666 3677/3677 3667/3667
f 3667/3667 3677/3677 3678/3678
f 3667/3667 3678/3678 3668/3668
f 3668/3668 3678/3678 3679/3679
f 3668/3668 3679/3679 3669/3669
f 3669/3669 3679/3679 3680/3680
f 3669/3669 3680/3680 3670/3670
f 3670/3670 3680/3680 3681/3681
f 3670/3670 3681/3681 3671/3671
f 3671/3671 3681/3681 3682/3682
f 3671/3671 3682/3682 3672/3672
f 3672/3672 3682/3682 3683/3683
f 3672/3672 3683/3683 3673/3673
f 3673/3673 3683/3683 3684/3684
f 3673/3673 3684/3684 3674/3674
f 3674/3674 3684/3684 3685/3685
f 3674/3674 3685/3685 3675/3675
f 3675/3675 3685/3685 3686/3686
f 3675/3675 3686/3686 3676/3676
f 3677/3677 3665/3665 3687/3687
f 3677/3677 3687/3687 3678/3678
f 3678/3678 3687/3687 3688/3688
f 3678/3678 3688/3688 3679/3679
f 3679/3679 3688/3688 3689/3689
f 3679/3679 3689/3689 3680/3680
f 3680/3680 3689/3689 3690/3690
f 3680/3680 3690/3690 3681/3681
f 3681/3681 3690/3690 3691/3691
f 3681/3681 3691/3691 3682/3682
f 3682/3682 3691/3691 3692/3692
f 3682/3682 3692/3692 3683/3683
f 3683/3683 3692/3692 3693/3693
f 3683/3683 3693/3693 3684/3684
f 3684/3684 3693/3693 3694/3694
f 3684/3684 3694/3694 3685/3685
f 3685/3685 3694/3694 3695/3695
f 3685/3685 3695/3695 3686/3686
f 3686/3686 3695/3695 3696/3696
f 3686/3686 3696/3696 3676/3676
f 3687/3687 3665/3665 3697/3697
f 3687/3687 3697/3697 3688/3688
f 3688/3688 3697/3697 3698/3698
f 3688/3688 3698/3698 3689/3689
f 3689/3689 3698/3698 3699/3699
f 3689/3689 3699/3699 3690/3690
f 3690/3690 3699/3699 3700/3700
f 3690/3690 3700/3700 3691/3691
f 3691/3691 3700/3700 3701/3701
f 3691/3691 3701/3701 3692/3692
f 3692/3692 3701/3701 3702/3702
f 3692/3692 3702/3702 3693/3693
f 3693/3693 3702/3702 3703/3703
f 3693/3693 3703/3703 3694/3694
f 3694/3694 3703/3703 3704/3704
f 3694/3694 3704/3704 3695/3695
f 3695/3695 3704/3704 3705/3705
f 3695/3695 3705/3705 3696/3696
f 3696/3696 3705/3705 3706/3706
f 3696/3696 3706/3706 3676/3676
f 3697/3697 3665/3665 3707/3707
f 3697/3697 3707/3707 3698/3698
f 3698/3698 3707/3707 3708/3708
f 3698/3698 3708/3708 3699/3699
f 3699/3699 3708/3708 3709/3709
f 3699/3699 3709/3709 3700/3700
f 3700/3700 3709/3709 3710/3710
f 3700/3700 3710/3710 3701/3701
f 3701/3701 3710/3710 3711/3711
f 3701/3701 3711/3711 3702/3702
f 3702/3702 3711/3711 3712/3712
f 3702/3702 3712/3712 3703/3703
f 3703/3703 3712/3712 3713/3713
f 3703/3703 3713/3713 3704/3704
f 3704/3704 3713/3713 3714/3714
f 3704/3704 3714/3714 3705/3705
f 3705/3705 3714/3714 3715/3715
f 3705/3705 3715/3715 3706/3706
f 3706/3706 3715/3715 3716/3716
f 3706/3706 3716/3716 3676/3676
f 3707/3707 3665/3665 3717/3717
f 3707/3707 3717/3717 3708/3708
f 3708/3708 3717/3717 3718/3718
f 3708/3708 3718/3718 3709/3709
f 3709/3709 3718/3718 3719/3719
f 3709/3709 3719/3719 3710/3710
f 3710/3710 3719/3719 3720/3720
f 3710/3710 3720/3720 3711/3711
f 3711/3711 3720/3720 3721/3721
f 3711/3711 3721/3721 3712/3712
f 3712/3712 3721/3721 3722/3722
f 3712/3712 3722/3722 3713/3713
f 3713/3713 3722/3722 3723/3723
f 3713/3713 3723/3723 3714/3714
f 3714/3714 3723/3723 3724/3724
f 3714/3714 3724/3724 3715/3715
f 3715/3715 3724/3724 3725/3725
f 3715/3715 3725/3725 3716/3716
f 3716/3716 3725/3725 3726/3726
f 3716/3716 3726/3726 3676/3676
f 3717/3717 3665/3665 3727/3727
f 3717/3717 3727/3727 3718/3718
f 3718/3718 3727/3727 3728/3728
f 3718/3718 3728/3728 3719/3719
f 3719/3719 3728/3728 3729/3729
f 3719/3719 3729/3729 3720/3720
f 3720/3720 3729/3729 3730/3730
f 3720/3720 3730/3730 3721/3721
f 3721/3721 3730/3730 3731/3731
f 3721/3721 3731/3731 3722/3722
f 3722/3722 3731/3731 3732/3732
f 3722/3722 3732/3732 3723/3723
f 3723/3723 3732/3732 3733/3733
f 3723/3723 3733/3733 3724/3724
f 3724/3724 3733/3733 3734/3734
f 3724/3724 3734/3734 3725/3725
f 3725/3725 3734/3734 3735/3735
f 3725/3725 3735/3735 3726/3726
f 3726/3726 3735/3735 3736/3736
f 3726/3726 3736/3736 3676/3676
f 3727/3727 3665/3665 3737/3737
f 3727/3727 3737/3737 3728/3728
f 3728/3728 3737/3737 3738/3738
f 3728/3728 3738/3738 3729/3729
f 3729/3729 3738/3738 3739/3739
f 3729/3729 3739/3739 3730/3730
f 3730/3730 3739/3739 3740/3740
f 3730/3730 3740/3740 3731/3731
f 3731/3731 3740/3740 3741/3741
f 3731/3731 3741/3741 3732/3732
f 3732/3732 3741/3741 3742/3742
f 3732/3732 3742/3742 3733/3733
f 3733/3733 3742/3742 3743/3743
f 3733/3733 3743/3743 3734/3734
f 3734/3734 3743/3743 3744/3744
f 3734/3734 3744/3744 3735/3735
f 3735/3735 3744/3744 3745/3745
f 3735/3735 3745/3745 3736/3736
f 3736/3736 3745/3745 3746/3746
f 3736/3736 3746/3746 3676/3676
f 3737/3737 3665/3665 3747/3747
f 3737/3737 3747/3747 3738/3738
f 3738/3738 3747/3747 3748/3748
f 3738/3738 3748/3748 3739/3739
f 3739/3739 3748/3748 3749/3749
f 3739/3739 3749/3749 3740/3740
f 3740/3740 3749/3749 3750/3750
f 3740/3740 3750/3750 3741/3741
f 3741/3741 3750/3750 3751/3751
f 3741/3741 3751/3751 3742/3742
f 3742/3742 3751/3751 3752/3752
f 3742/3742 3752/3752 3743/3743
f 3743/3743 3752/3752 3753/3753
f 3743/3743 3753/3753 3744/3744
f 3744/3744 3753/3753 3754/3754
f 3744/3744 3754/3754 3745/3745
f 3745/3745 3754/3754 3755/3755
f 3745/3745 3755/3755 3746/3746
f 3746/3746 3755/3755 3756/3756
f 3746/3746 3756/3756 3676/3676
f 3747/3747 3665/3665 3757/3757
f 3747/3747 3757/3757 3748/3748
f 3748/3748 3757/3757 3758/3758
f 3748/3748 3758/3758 3749/3749
f 3749/3749 3758/3758 3759/3759
f 3749/3749 3759/3759 3750/3750
f 3750/3750 3759/3759 3760/3760
f 3750/3750 3760/3760 3751/3751
f 3751/3751 3760/3760 3761/3761
f 3751/3751 3761/3761 3752/3752
f 3752/3752 3761/3761 3762/3762
f 3752/3752 3762/3762 3753/3753
f 3753/3753 3762/3762 3763/3763
f 3753/3753 3763/3763 3754/3754
f 3754/3754 3763/3763 3764/3764
f 3754/3754 3764/3764 3755/3755
f 3755/3755 3764/3764 3765/3765
f 3755/3755 3765/3765 3756/3756
f 3756/3756 3765/3765 3766/3766
f 3756/3756 3766/3766 3676/3676
f 3757/3757 3665/3665 3666/3666
f 3757/3757 3666/3666 3758/3758
f 3758/3758 3666/3666 3667/3667
f 3758/3758 3667/3667 3759/3759
f 3759/3759 3667/3667 3668/3668
f 3759/3759 3668/3668 3760/3760
f 3760/3760 3668/3668 3669/3669
f 3760/3760 3669/3669 3761/3761
f 3761/3761 3669/3669 3670/3670
f 3761/3761 3670/3670 3762/3762
f 3762/3762 3670/3670 3671/3671
f 3762/3762 3671/3671 3763/3763
f 3763/3763 3671/3671 3672/3672
f 3763/3763 3672/3672 3764/3764
f 3764/3764 3672/3672 3673/3673
f 3764/3764 3673/3673 3765/3765
f 3765/3765 3673/3673 3674/3674
f 3765/3765 3674/3674 3766/3766
f 3766/3766 3674/3674 3675/3675
f 3766/3766 3675/3675 3676/3676
f 3767/3767 3904/3904 3820/3820
f 3904/3904 3804/3804 3906/3906
f 3820/3820 3906/3906 3783/3783
f 3904/3904 3906/3906 3820/3820
f 3804/3804 3905/3905 3921/3921
f 3905/3905 3778/3778 3918/3918
f 3921/3921 3918/3918 3807/3807
f 3905/3905 3918/3918 3921/3921
f 3783/3783 3919/3919 3821/3821
f 3919/3919 3807/3807 3917/3917
f 3821/3821 3917/3917 3772/3772
f 3919/3919 3917/3917 3821/3821
f 3804/3804 3921/3921 3906/3906
f 3921/3921 3807/3807 3919/3919
f 3906/3906 3919/3919 3783/3783
f 3921/3921 3919/3919 3906/3906
f 3767/3767 3820/3820 3809/3809
f 3820/3820 3783/3783 3822/3822
f 3809/3809 3822/3822 3779/3779
f 3820/3820 3822/3822 3809/3809
f 3783/3783 3821/3821 3826/3826
f 3821/3821 3772/3772 3824/3824
f 3826/3826 3824/3824 3784/3784
f 3821/3821 3824/3824 3826/3826
f 3779/3779 3825/3825 3810/3810
f 3825/3825 3784/3784 3823/3823
f 3810/3810 3823/3823 3768/3768
f 3825/3825 3823/3823 3810/3810
f 3783/3783 3826/3826 3822/3822
f 3826/3826 3784/3784 3825/3825
f 3822/3822 3825/3825 3779/3779
f 3826/3826 3825/3825 3822/3822
f 3767/3767 3809/3809 3836/3836
f 3809/3809 3779/3779 3838/3838
f 3836/3836 3838/3838 3788/3788
f 3809/3809 3838/3838 3836/3836
f 3779/3779 3810/3810 3841/3841
f 3810/3810 3768/3768 3839/3839
f 3841/3841 3839/3839 3789/3789
f 3810/3810 3839/3839 3841/3841
f 3788/3788 3842/3842 3837/3837
f 3842/3842 3789/3789 3840/3840
f 3837/3837 3840/3840 3774/3774
f 3842/3842 3840/3840 3837/3837
f 3779/3779 3841/3841 3838/3838
f 3841/3841 3789/3789 3842/3842
f 3838/3838 3842/3842 3788/3788
f 3841/3841 3842/3842 3838/3838
f 3767/3767 3836/3836 3887/3887
f 3836/3836 3788/3788 3889/3889
f 3887/3887 3889/3889 3800/3800
f 3836/3836 3889/3889 3887/3887
f 3788/3788 3837/3837 3900/3900
f 3837/3837 3774/3774 3898/3898
f 3900/3900 3898/3898 3803/3803
f 3837/3837 3898/3898 3900/3900
f 3800/3800 3902/3902 3888/3888
f 3902/3902 3803/3803 3899/3899
f 3888/3888 3899/3899 3777/3777
f 3902/3902 3899/3899 3888/3888
f 3788/3788 3900/3900 3889/3889
f 3900/3900 3803/3803 3902/3902
f 3889/3889 3902/3902 3800/3800
f 3900/3900 3902/3902 3889/3889
f 3767/3767 3887/3887 3904/3904
f 3887/3887 3800/3800 3907/3907
f 3904/3904 3907/3907 3804/3804
f 3887/3887 3907/3907 3904/3904
f 3800/3800 3888/3888 3925/3925
f 3888/3888 3777/3777 3923/3923
f 3925/3925 3923/3923 3808/3808
f 3888/3888 3923/3923 3925/3925
f 3804/3804 3927/3927 3905/3905
f 3927/3927 3808/3808 3924/3924
f 3905/3905 3924/3924 3778/3778
f 3927/3927 3924/3924 3905/3905
f 3800/3800 3925/3925 3907/3907
f 3925/3925 3808/3808 3927/3927
f 3907/3907 3927/3927 3804/3804
f 3925/3925 3927/3927 3907/3907
f 3768/3768 3823/3823 3862/3862
f 3823/3823 3784/3784 3864/3864
f 3862/3862 3864/3864 3795/3795
f 3823/3823 3864/3864 3862/3862
f 3784/3784 3824/3824 3877/3877
f 3824/3824 3772/3772 3875/3875
f 3877/3877 3875/3875 3798/3798
f 3824/3824 3875/3875 3877/3877
f 3795/3795 3879/3879 3863/3863
f 3879/3879 3798/3798 3876/3876
f 3863/3863 3876/3876 3776/3776
f 3879/3879 3876/3876 3863/3863
f 3784/3784 3877/3877 3864/3864
f 3877/3877 3798/3798 3879/3879
f 3864/3864 3879/3879 3795/3795
f 3877/3877 3879/3879 3864/3864
f 3772/3772 3917/3917 3828/3828
f 3917/3917 3807/3807 3920/3920
f 3828/3828 3920/3920 3785/3785
f 3917/3917 3920/3920 3828/3828
f 3807/3807 3918/3918 3922/3922
f 3918/3918 3778/3778 3913/3913
f 3922/3922 3913/3913 3806/3806
f 3918/3918 3913/3913 3922/3922
f 3785/3785 3915/3915 3827/3827
f 3915/3915 3806/3806 3912/3912
f 3827/3827 3912/3912 3771/3771
f 3915/3915 3912/3912 3827/3827
f 3807/3807 3922/3922 3920/3920
f 3922/3922 3806/3806 3915/3915
f 3920/3920 3915/3915 3785/3785
f 3922/3922 3915/3915 3920/3920
f 3778/3778 3924/3924 3909/3909
f 3924/3924 3808/3808 3928/3928
f 3909/3909 3928/3928 3805/3805
f 3924/3924 3928/3928 3909/3909
f 3808/3808 3923/3923 3926/3926
f 3923/3923 3777/3777 3891/3891
f 3926/3926 3891/3891 3801/3801
f 3923/3923 3891/3891 3926/3926
f 3805/3805 3911/3911 3908/3908
f 3911/3911 3801/3801 3890/3890
f 3908/3908 3890/3890 3769/3769
f 3911/3911 3890/3890 3908/3908
f 3808/3808 3926/3926 3928/3928
f 3926/3926 3801/3801 3911/3911
f 3928/3928 3911/3911 3805/3805
f 3926/3926 3911/3911 3928/3928
f 3777/3777 3899/3899 3894/3894
f 3899/3899 3803/3803 3903/3903
f 3894/3894 3903/3903 3802/3802
f 3899/3899 3903/3903 3894/3894
f 3803/3803 3898/3898 3901/3901
f 3898/3898 3774/3774 3844/3844
f 3901/3901 3844/3844 3790/3790
f 3898/3898 3844/3844 3901/3901
f 3802/3802 3896/3896 3893/3893
f 3896/3896 3790/3790 3843/3843
f 3893/3893 3843/3843 3773/3773
f 3896/3896 3843/3843 3893/3893
f 3803/3803 3901/3901 3903/3903
f 3901/3901 3790/3790 3896/3896
f 3903/3903 3896/3896 3802/3802
f 3901/3901 3896/3896 3903/3903
f 3774/3774 3840/3840 3856/3856
f 3840/3840 3789/3789 3858/3858
f 3856/3856 3858/3858 3794/3794
f 3840/3840 3858/3858 3856/3856
f 3789/3789 3839/3839 3847/3847
f 3839/3839 3768/3768 3845/3845
f 3847/3847 3845/3845 3791/3791
f 3839/3839 3845/3845 3847/3847
f 3794/3794 3860/3860 3857/3857
f 3860/3860 3791/3791 3846/3846
f 3857/3857 3846/3846 3775/3775
f 3860/3860 3846/3846 3857/3857
f 3789/3789 3847/3847 3858/3858
f 3847/3847 3791/3791 3860/3860
f 3858/3858 3860/3860 3794/3794
f 3847/3847 3860/3860 3858/3858
f 3770/3770 3866/3866 3816/3816
f 3866/3866 3796/3796 3868/3868
f 3816/3816 3868/3868 3782/3782
f 3866/3866 3868/3868 3816/3816
f 3796/3796 3867/3867 3874/3874
f 3867/3867 3776/3776 3871/3871
f 3874/3874 3871/3871 3797/3797
f 3867/3867 3871/3871 3874/3874
f 3782/3782 3872/3872 3817/3817
f 3872/3872 3797/3797 3870/3870
f 3817/3817 3870/3870 3771/3771
f 3872/3872 3870/3870 3817/3817
f 3796/3796 3874/3874 3868/3868
f 3874/3874 3797/3797 3872/3872
f 3868/3868 3872/3872 3782/3782
f 3874/3874 3872/3872 3868/3868
f 3770/3770 3816/3816 3812/3812
f 3816/3816 3782/3782 3818/3818
f 3812/3812 3818/3818 3780/3780
f 3816/3816 3818/3818 3812/3812
f 3782/3782 3817/3817 3819/3819
f 3817/3817 3771/3771 3814/3814
f 3819/3819 3814/3814 3781/3781
f 3817/3817 3814/3814 3819/3819
f 3780/3780 3815/3815 3811/3811
f 3815/3815 3781/3781 3813/3813
f 3811/3811 3813/3813 3769/3769
f 3815/3815 3813/3813 3811/3811
f 3782/3782 3819/3819 3818/3818
f 3819/3819 3781/3781 3815/3815
f 3818/3818 3815/3815 3780/3780
f 3819/3819 3815/3815 3818/3818
f 3770/3770 3812/3812 3832/3832
f 3812/3812 3780/3780 3834/3834
f 3832/3832 3834/3834 3787/3787
f 3812/3812 3834/3834 3832/3832
f 3780/3780 3811/3811 3831/3831
f 3811/3811 3769/3769 3829/3829
f 3831/3831 3829/3829 3786/3786
f 3811/3811 3829/3829 3831/3831
f 3787/3787 3835/3835 3833/3833
f 3835/3835 3786/3786 3830/3830
f 3833/3833 3830/3830 3773/3773
f 3835/3835 3830/3830 3833/3833
f 3780/3780 3831/3831 3834/3834
f 3831/3831 3786/3786 3835/3835
f 3834/3834 3835/3835 3787/3787
f 3831/3831 3835/3835 3834/3834
f 3770/3770 3832/3832 3848/3848
f 3832/3832 3787/3787 3850/3850
f 3848/3848 3850/3850 3792/3792
f 3832/3832 3850/3850 3848/3848
f 3787/3787 3833/3833 3853/3853
f 3833/3833 3773/3773 3851/3851
f 3853/3853 3851/3851 3793/3793
f 3833/3833 3851/3851 3853/3853
f 3792/3792 3855/3855 3849/3849
f 3855/3855 3793/3793 3852/3852
f 3849/3849 3852/3852 3775/3775
f 3855/3855 3852/3852 3849/3849
f 3787/3787 3853/3853 3850/3850
f 3853/3853 3793/3793 3855/3855
f 3850/3850 3855/3855 3792/3792
f 3853/3853 3855/3855 3850/3850
f 3770/3770 3848/3848 3866/3866
f 3848/3848 3792/3792 3869/3869
f 3866/3866 3869/3869 3796/3796
f 3848/3848 3869/3869 3866/3866
f 3792/3792 3849/3849 3884/3884
f 3849/3849 3775/3775 3881/3881
f 3884/3884 3881/3881 3799/3799
f 3849/3849 3881/3881 3884/3884
f 3796/3796 3886/3886 3867/3867
f 3886/3886 3799/3799 3882/3882
f 3867/3867 3882/3882 3776/3776
f 3886/3886 3882/3882 3867/3867
f 3792/3792 3884/3884 3869/3869
f 3884/3884 3799/3799 3886/3886
f 3869/3869 3886/3886 3796/3796
f 3884/3884 3886/3886 3869/3869
f 3771/3771 3870/3870 3827/3827
f 3870/3870 3797/3797 3873/3873
f 3827/3827 3873/3873 3785/3785
f 3870/3870 3873/3873 3827/3827
f 3797/3797 3871/3871 3880/3880
f 3871/3871 3776/3776 3876/3876
f 3880/3880 3876/3876 3798/3798
f 3871/3871 3876/3876 3880/3880
f 3785/3785 3878/3878 3828/3828
f 3878/3878 3798/3798 3875/3875
f 3828/3828 3875/3875 3772/3772
f 3878/3878 3875/3875 3828/3828
f 3797/3797 3880/3880 3873/3873
f 3880/3880 3798/3798 3878/3878
f 3873/3873 3878/3878 3785/3785
f 3880/3880 3878/3878 3873/3873
f 3769/3769 3813/3813 3908/3908
f 3813/3813 3781/3781 3910/3910
f 3908/3908 3910/3910 3805/3805
f 3813/3813 3910/3910 3908/3908
f 3781/3781 3814/3814 3914/3914
f 3814/3814 3771/3771 3912/3912
f 3914/3914 3912/3912 3806/3806
f 3814/3814 3912/3912 3914/3914
f 3805/3805 3916/3916 3909/3909
f 3916/3916 3806/3806 3913/3913
f 3909/3909 3913/3913 3778/3778
f 3916/3916 3913/3913 3909/3909
f 3781/3781 3914/3914 3910/3910
f 3914/3914 3806/3806 3916/3916
f 3910/3910 3916/3916 3805/3805
f 3914/3914 3916/3916 3910/3910
f 3773/3773 3830/3830 3893/3893
f 3830/3830 3786/3786 3895/3895
f 3893/3893 3895/3895 3802/3802
f 3830/3830 3895/3895 3893/3893
f 3786/3786 3829/3829 3892/3892
f 3829/3829 3769/3769 3890/3890
f 3892/3892 3890/3890 3801/3801
f 3829/3829 3890/3890 3892/3892
f 3802/3802 3897/3897 3894/3894
f 3897/3897 3801/3801 3891/3891
f 3894/3894 3891/3891 3777/3777
f 3897/3897 3891/3891 3894/3894
f 3786/3786 3892/3892 3895/3895
f 3892/3892 3801/3801 3897/3897
f 3895/3895 3897/3897 3802/3802
f 3892/3892 3897/3897 3895/3895
f 3775/3775 3852/3852 3857/3857
f 3852/3852 3793/3793 3861/3861
f 3857/3857 3861/3861 3794/3794
f 3852/3852 3861/3861 3857/3857
f 3793/3793 3851/3851 3854/3854
f 3851/3851 3773/3773 3843/3843
f 3854/3854 3843/3843 3790/3790
f 3851/3851 3843/3843 3854/3854
f 3794/3794 3859/3859 3856/3856
f 3859/3859 3790/3790 3844/3844
f 3856/3856 3844/3844 3774/3774
f 3859/3859 3844/3844 3856/3856
f 3793/3793 3854/3854 3861/3861
f 3854/3854 3790/3790 3859/3859
f 3861/3861 3859/3859 3794/3794
f 3854/3854 3859/3859 3861/3861
f 3776/3776 3882/3882 3863/3863
f 3882/3882 3799/3799 3885/3885
f 3863/3863 3885/3885 3795/3795
f 3882/3882 3885/3885 3863/3863
f 3799/3799 3881/3881 3883/3883
f 3881/3881 3775/3775 3846/3846
f 3883/3883 3846/3846 3791/3791
f 3881/3881 3846/3846 3883/3883
f 3795/3795 3865/3865 3862/3862
f 3865/3865 3791/3791 3845/3845
f 3862/3862 3845/3845 3768/3768
f 3865/3865 3845/3845 3862/3862
f 3799/3799 3883/3883 3885/3885
f 3883/3883 3791/3791 3865/3865
f 3885/3885 3865/3865 3795/3795
f 3883/3883 3865/3865 3885/3885
f 3930/3930 3929/3929 3941/3941
f 3930/3930 3941/3941 3931/3931
f 3931/3931 3941/3941 3942/3942
f 3931/3931 3942/3942 3932/3932
f 3932/3932 3942/3942 3943/3943
f 3932/3932 3943/3943 3933/3933
f 3933/3933 3943/3943 3944/3944
f 3933/3933 3944/3944 3934/3934
f 3934/3934 3944/3944 3945/3945
f 3934/3934 3945/3945 3935/3935
f 3935/3935 3945/3945 3946/3946
f 3935/3935 3946/3946 3936/3936
f 3936/3936 3946/3946 3947/3947
f 3936/3936 3947/3947 3937/3937
f 3937/3937 3947/3947 3948/3948
f 3937/3937 3948/3948 3938/3938
f 3938/3938 3948/3948 3949/3949
f 3938/3938 3949/3949 3939/3939
f 3939/3939 3949/3949 3950/3950
f 3939/3939 3950/3950 3940/3940
f 3941/3941 3929/3929 3951/3951
f 3941/3941 3951/3951 3942/3942
f 3942/3942 3951/3951 3952/3952
f 3942/3942 3952/3952 3943/3943
f 3943/3943 3952/3952 3953/3953
f 3943/3943 3953/3953 3944/3944
f 3944/3944 3953/3953 3954/3954
f 3944/3944 3954/3954 3945/3945
f 3945/3945 3954/3954 3955/3955
f 3945/3945 3955/3955 3946/3946
f 3946/3946 3955/3955 3956/3956
f 3946/3946 3956/3956 3947/3947
f 3947/3947 3956/3956 3957/3957
f 3947/3947 3957/3957 3948/3948
f 3948/3948 3957/3957 3958/3958
f 3948/3948 3958/3958 3949/3949
f 3949/3949 3958/3958 3959/3959
f 3949/3949 3959/3959 3950/3950
f 3950/3950 3959/3959 3960/3960
f 3950/3950 3960/3960 3940/3940
f 3951/3951 3929/3929 3961/3961
f 3951/3951 3961/3961 3952/3952
f 3952/3952 3961/3961 3962/3962
f 3952/3952 3962/3962 3953/3953
f 3953/3953 3962/3962 3963/3963
f 3953/3953 3963/3963 3954/3954
f 3954/3954 3963/3963 3964/3964
f 3954/3954 3964/3964 3955/3955
f 3955/3955 3964/3964 3965/3965
f 3955/3955 3965/3965 3956/3956
f 3956/3956 3965/3965 3966/3966
f 3956/3956 3966/3966 3957/3957
f 3957/3957 3966/3966 3967/3967
f 3957/3957 3967/3967 3958/3958
f 3958/3958 3967/3967 3968/3968
f 3958/3958 3968/3968 3959/3959
f 3959/3959 3968/3968 3969/3969
f 3959/3959 3969/3969 3960/3960
f 3960/3960 3969/3969 3970/3970
f 3960/3960 3970/3970 3940/3940
f 3961/3961 3929/3929 3971/3971
f 3961/3961 3971/3971 3962/3962
f 3962/3962 3971/3971 3972/3972
f 3962/3962 3972/3972 3963/3963
f 3963/3963 3972/3972 3973/3973
f 3963/3963 3973/3973 3964/3964
f 3964/3964 3973/3973 3974/3974
f 3964/3964 3974/3974 3965/3965
f 3965/3965 3974/3974 3975/3975
f 3965/3965 3975/3975 3966/3966
f 3966/3966 3975/3975 3976/3976
f 3966/3966 3976/3976 3967/3967
f 3967/3967 3976/3976 3977/3977
f 3967/3967 3977/3977 3968/3968
f 3968/3968 3977/3977 3978/3978
f 3968/3968 3978/3978 3969/3969
f 3969/3969 3978/3978 3979/3979
f 3969/3969 3979/3979 3970/3970
f 3970/3970 3979/3979 3980/3980
f 3970/3970 3980/3980 3940/3940
f 3971/3971 3929/3929 3981/3981
f 3971/3971 3981/3981 3972/3972
f 3972/3972 3981/3981 3982/3982
f 3972/3972 3982/3982 3973/3973
f 3973/3973 3982/3982 3983/3983
f 3973/3973 3983/3983 3974/3974
f 3974/3974 3983/3983 3984/3984
f 3974/3974 3984/3984 3975/3975
f 3975/3975 3984/3984 3985/3985
f 3975/3975 3985/3985 3976/3976
f 3976/3976 3985/3985 3986/3986
f 3976/3976 3986/3986 3977/3977
f 3977/3977 3986/3986 3987/3987
f 3977/3977 3987/3987 3978/3978
f 3978/3978 3987/3987 3988/3988
f 3978/3978 3988/3988 3979/3979
f 3979/3979 3988/3988 3989/3989
f 3979/3979 3989/3989 3980/3980
f 3980/3980 3989/3989 3990/3990
f 3980/3980 3990/3990 3940/3940
f 3981/3981 3929/3929 3991/3991
f 3981/3981 3991/3991 3982/3982
f 3982/3982 3991/3991 3992/3992
f 3982/3982 3992/3992 3983/3983
f 3983/3983 3992/3992 3993/3993
f 3983/3983 3993/3993 3984/3984
f 3984/3984 3993/3993 3994/3994
f 3984/3984 3994/3994 3985/3985
f 3985/3985 3994/3994 3995/3995
f 3985/3985 3995/3995 3986/3986
f 3986/3986 3995/3995 3996/3996
f 3986/3986 3996/3996 3987/3987
f 3987/3987 3996/3996 3997/3997
f 3987/3987 3997/3997 3988/3988
f 3988/3988 3997/3997 3998/3998
f 3988/3988 3998/3998 3989/3989
f 3989/3989 3998/3998 3999/3999
f 3989/3989 3999/3999 3990/3990
f 3990/3990 3999/3999 4000/4000
f 3990/3990 4000/4000 3940/3940
f 3991/3991 3929/3929 4001/4001
f 3991/3991 4001/4001 3992/3992
f 3992/3992 4001/4001 4002/4002
f 3992/3992 4002/4002 3993/3993
f 3993/3993 4002/4002 4003/4003
f 3993/3993 4003/4003 3994/3994
f 3994/3994 4003/4003 4004/4004
f 3994/3994 4004/4004 3995/3995
f 3995/3995 4004/4004 4005/4005
f 3995/3995 4005/4005 3996/3996
f 3996/3996 4005/4005 4006/4006
f 3996/3996 4006/4006 3997/3997
f 3997/3997 4006/4006 4007/4007
f 3997/3997 4007/4007 3998/3998
f 3998/3998 4007/4007 4008/4008
f 3998/3998 4008/4008 3999/3999
f 3999/3999 4008/4008 4009/4009
f 3999/3999 4009/4009 4000/4000
f 4000/4000 4009/4009 4010/4010
f 4000/4000 4010/4010 3940/3940
f 4001/4001 3929/3929 4011/4011
f 4001/4001 4011/4011 4002/4002
f 4002/4002 4011/4011 4012/4012
f 4002/4002 4012/4012 4003/4003
f 4003/4003 4012/4012 4013/4013
f 4003/4003 4013/4013 4004/4004
f 4004/4004 4013/4013 4014/4014
f 4004/4004 4014/4014 4005/4005
f 4005/4005 4014/4014 4015/4015
f 4005/4005 4015/4015 4006/4006
f 4006/4006 4015/4015 4016/4016
f 4006/4006 4016/4016 4007/4007
f 4007/4007 4016/4016 4017/4017
f 4007/4007 4017/4017 4008/4008
f 4008/4008 4017/4017 4018/4018
f 4008/4008 4018/4018 4009/4009
f 4009/4009 4018/4018 4019/4019
f 4009/4009 4019/4019 4010/4010
f 4010/4010 4019/4019 4020/4020
f 4010/4010 4020/4020 3940/3940
f 4011/4011 3929/3929 4021/4021
f 4011/4011 4021/4021 4012/4012
f 4012/4012 4021/4021 4022/4022
f 4012/4012 4022/4022 4013/4013
f 4013/4013 4022/4022 4023/4023
f 4013/4013 4023/4023 4014/4014
f 4014/4014 4023/4023 4024/4024
f 4014/4014 4024/4024 4015/4015
f 4015/4015 4024/4024 4025/4025
f 4015/4015 4025/4025 4016/4016
f 4016/4016 4025/4025 4026/4026
f 4016/4016 4026/4026 4017/4017
f 4017/4017 4026/4026 4027/4027
f 4017/4017 4027/4027 4018/4018
f 4018/4018 4027/4027 4028/4028
f 4018/4018 4028/4028 4019/4019
f 4019/4019 4028/4028 4029/4029
f 4019/4019 4029/4029 4020/4020
f 4020/4020 4029/4029 4030/4030
f 4020/4020 4030/4030 3940/3940
f 4021/4021 3929/3929 3930/3930
f 4021/4021 3930/3930 4022/4022
f 4022/4022 3930/3930 3931/3931
f 4022/4022 3931/3931 4023/4023
f 4023/4023 3931/3931 3932/3932
f 4023/4023 3932/3932 4024/4024
f 4024/4024 3932/3932 3933/3933
f 4024/4024 3933/3933 4025/4025
f 4025/4025 3933/3933 3934/3934
f 4025/4025 3934/3934 4026/4026
f 4026/4026 3934/3934 3935/3935
f 4026/4026 3935/3935 4027/4027
f 4027/4027 3935/3935 3936/3936
f 4027/4027 3936/3936 4028/4028
f 4028/4028 3936/3936 3937/3937
f 4028/4028 3937/3937 4029/4029
f 4029/4029 3937/3937 3938/3938
f 4029/4029 3938/3938 4030/4030
f 4030/4030 3938/3938 3939/3939
f 4030/4030 3939/3939 3940/3940
f 4032/4032 4031/4031 4043/4043
f 4032/4032 4043/4043 4033/4033
f 4033/4033 4043/4043 4044/4044
f 4033/4033 4044/4044 4034/4034
f 4034/4034 4044/4044 4045/4045
f 4034/4034 4045/4045 4035/4035
f 4035/4035 4045/4045 4046/4046
f 4035/4035 4046/4046 4036/4036
f 4036/4036 4046/4046 4047/4047
f 4036/4036 4047/4047 4037/4037
f 4037/4037 4047/4047 4048/4048
f 4037/4037 4048/4048 4038/4038
f 4038/4038 4048/4048 4049/4049
f 4038/4038 4049/4049 4039/4039
f 4039/4039 4049/4049 4050/4050
f 4039/4039 4050/4050 4040/4040
f 4040/4040 4050/4050 4051/4051
f 4040/4040 4051/4051 4041/4041
f 4041/4041 4051/4051 4052/4052
f 4041/4041 4052/4052 4042/4042
f 4043/4043 4031/4031 4053/4053
f 4043/4043 4053/4053 4044/4044
f 4044/4044 4053/4053 4054/4054
f 4044/4044 4054/4054 4045/4045
f 4045/4045 4054/4054 4055/4055
f 4045/4045 4055/4055 4046/4046
f 4046/4046 4055/4055 4056/4056
f 4046/4046 4056/4056 4047/4047
f 4047/4047 4056/4056 4057/4057
f 4047/4047 4057/4057 4048/4048
f 4048/4048 4057/4057 4058/4058
f 4048/4048 4058/4058 4049/4049
f 4049/4049 4058/4058 4059/4059
f 4049/4049 4059/4059 4050/4050
f 4050/4050 4059/4059 4060/4060
f 4050/4050 4060/4060 4051/4051
f 4051/4051 4060/4060 4061/4061
f 4051/4051 4061/4061 4052/4052
f 4052/4052 4061/4061 4062/4062
f 4052/4052 4062/4062 4042/4042
f 4053/4053 4031/4031 4063/4063
f 4053/4053 4063/4063 4054/4054
f 4054/4054 4063/4063 4064/4064
f 4054/4054 4064/4064 4055/4055
f 4055/4055 4064/4064 4065/4065
f 4055/4055 4065/4065 4056/4056
f 4056/4056 4065/4065 4066/4066
f 4056/4056 4066/4066 4057/4057
f 4057/4057 4066/4066 4067/4067
f 4057/4057 4067/4067 4058/4058
f 4058/4058 4067/4067 4068/4068
f 4058/4058 4068/4068 4059/4059
f 4059/4059 4068/4068 4069/4069
f 4059/4059 4069/4069 4060/4060
f 4060/4060 4069/4069 4070/4070
f 4060/4060 4070/4070 4061/4061
f 4061/4061 4070/4070 4071/4071
f 4061/4061 4071/4071 4062/4062
f 4062/4062 4071/4071 4072/4072
f 4062/4062 4072/4072 4042/4042
f 4063/4063 4031/4031 4073/4073
f 4063/4063 4073/4073 4064/4064
f 4064/4064 4073/4073 4074/4074
f 4064/4064 4074/4074 4065/4065
f 4065/4065 4074/4074 4075/4075
f 4065/4065 4075/4075 4066/4066
f 4066/4066 4075/4075 4076/4076
f 4066/4066 4076/4076 4067/4067
f 4067/4067 4076/4076 4077/4077
f 4067/4067 4077/4077 4068/4068
f 4068/4068 4077/4077 4078/4078
f 4068/4068 4078/4078 4069/4069
f 4069/4069 4078/4078 4079/4079
f 4069/4069 4079/4079 4070/4070
f 4070/4070 4079/4079 4080/4080
f 4070/4070 4080/4080 4071/4071
f 4071/4071 4080/4080 4081/4081
f 4071/4071 4081/4081 4072/4072
f 4072/4072 4081/4081 4082/4082
f 4072/4072 4082/4082 4042/4042
f 4073/4073 4031/4031 4083/4083
f 4073/4073 4083/4083 4074/4074
f 4074/4074 4083/4083 4084/4084
f 4074/4074 4084/4084 4075/4075
f 4075/4075 4084/4084 4085/4085
f 4075/4075 4085/4085 4076/4076
f 4076/4076 4085/4085 4086/4086
f 4076/4076 4086/4086 4077/4077
f 4077/4077 4086/4086 4087/4087
f 4077/4077 4087/4087 4078/4078
f 4078/4078 4087/4087 4088/4088
f 4078/4078 4088/4088 4079/4079
f 4079/4079 4088/4088 4089/4089
f 4079/4079 4089/4089 4080/4080
f 4080/4080 4089/4089 4090/4090
f 4080/4080 4090/4090 4081/4081
f 4081/4081 4090/4090 4091/4091
f 4081/4081 4091/4091 4082/4082
f 4082/4082 4091/4091 4092/4092
f 4082/4082 4092/4092 4042/4042
f 4083/4083 4031/4031 4093/4093
f 4083/4083 4093/4093 4084/4084
f 4084/4084 4093/4093 4094/4094
f 4084/4084 4094/4094 4085/4085
f 4085/4085 4094/4094 4095/4095
f 4085/4085 4095/4095 4086/4086
f 4086/4086 4095/4095 4096/4096
f 4086/4086 4096/4096 4087/4087
f 4087/4087 4096/4096 4097/4097
f 4087/4087 4097/4097 4088/4088
f 4088/4088 4097/4097 4098/4098
f 4088/4088 4098/4098 4089/4089
f 4089/4089 4098/4098 4099/4099
f 4089/4089 4099/4099 4090/4090
f 4090/4090 4099/4099 4100/4100
f 4090/4090 4100/4100 4091/4091
f 4091/4091 4100/4100 4101/4101
f 4091/4091 4101/4101 4092/4092
f 4092/4092 4101/4101 4102/4102
f 4092/4092 4102/4102 4042/4042
f 4093/4093 4031/4031 4103/4103
f 4093/4093 4103/4103 4094/4094
f 4094/4094 4103/4103 4104/4104
f 4094/4094 4104/4104 4095/4095
f 4095/4095 4104/4104 4105/4105
f 4095/4095 4105/4105 4096/4096
f 4096/4096 4105/4105 4106/4106
f 4096/4096 4106/4106 4097/4097
f 4097/4097 4106/4106 4107/4107
f 4097/4097 4107/4107 4098/4098
f 4098/4098 4107/4107 4108/4108
f 4098/4098 4108/4108 4099/4099
f 4099/4099 4108/4108 4109/4109
f 4099/4099 4109/4109 4100/4100
f 4100/4100 4109/4109 4110/4110
f 4100/4100 4110/4110 4101/4101
f 4101/4101 4110/4110 4111/4111
f 4101/4101 4111/4111 4102/4102
f 4102/4102 4111/4111 4112/4112
f 4102/4102 4112/4112 4042/4042
f 4103/4103 4031/4031 4113/4113
f 4103/4103 4113/4113 4104/4104
f 4104/4104 4113/4113 4114/4114
f 4104/4104 4114/4114 4105/4105
f 4105/4105 4114/4114 4115/4115
f 4105/4105 4115/4115 4106/4106
f 4106/4106 4115/4115 4116/4116
f 4106/4106 4116/4116 4107/4107
f 4107/4107 4116/4116 4117/4117
f 4107/4107 4117/4117 4108/4108
f 4108/4108 4117/4117 4118/4118
f 4108/4108 4118/4118 4109/4109
f 4109/4109 4118/4118 4119/4119
f 4109/4109 4119/4119 4110/4110
f 4110/4110 4119/4119 4120/4120
f 4110/4110 4120/4120 4111/4111
f 4111/4111 4120/4120 4121/4121
f 4111/4111 4121/4121 4112/4112
f 4112/4112 4121/4121 4122/4122
f 4112/4112 4122/4122 4042/4042
f 4113/4113 4031/4031 4123/4123
f 4113/4113 4123/4123 4114/4114
f 4114/4114 4123/4123 4124/4124
f 4114/4114 4124/4124 4115/4115
f 4115/4115 4124/4124 4125/4125
f 4115/4115 4125/4125 4116/4116
f 4116/4116 4125/4125 4126/4126
f 4116/4116 4126/4126 4117/4117
f 4117/4117 4126/4126 4127/4127
f 4117/4117 4127/4127 4118/4118
f 4118/4118 4127/4127 4128/4128
f 4118/4118 4128/4128 4119/4119
f 4119/4119 4128/4128 4129/4129
f 4119/4119 4129/4129 4120/4120
f 4120/4120 4129/4129 4130/4130
f 4120/4120 4130/4130 4121/4121
f 4121/4121 4130/4130 4131/4131
f 4121/4121 4131/4131 4122/4122
f 4122/4122 4131/4131 4132/4132
f 4122/4122 4132/4132 4042/4042
f 4123/4123 4031/4031 4032/4032
f 4123/4123 4032/4032 4124/4124
f 4124/4124 4032/4032 4033/4033
f 4124/4124 4033/4033 4125/4125
f 4125/4125 4033/4033 4034/4034
f 4125/4125 4034/4034 4126/4126
f 4126/4126 4034/4034 4035/4035
f 4126/4126 4035/4035 4127/4127
f 4127/4127 4035/4035 4036/4036
f 4127/4127 4036/4036 4128/4128
f 4128/4128 4036/4036 4037/4037
f 4128/4128 4037/4037 4129/4129
f 4129/4129 4037/4037 4038/4038
f 4129/4129 4038/4038 4130/4130
f 4130/4130 4038/4038 4039/4039
f 4130/4130 4039/4039 4131/4131
f 4131/4131 4039/4039 4040/4040
f 4131/4131 4040/4040 4132/4132
f 4132/4132 4040/4040 4041/4041
f 4132/4132 4041/4041 4042/4042
f 4133/4133 4270/4270 4186/4186
f 4270/4270 4170/4170 4272/4272
f 4186/4186 4272/4272 4149/4149
f 4270/4270 4272/4272 4186/4186
f 4170/4170 4271/4271 4287/4287
f 4271/4271 4144/4144 4284/4284
f 4287/4287 4284/4284 4173/4173
f 4271/4271 4284/4284 4287/4287
f 4149/4149 4285/4285 4187/4187
f 4285/4285 4173/4173 4283/4283
f 4187/4187 4283/4283 4138/4138
f 4285/4285 4283/4283 4187/4187
f 4170/4170 4287/4287 4272/4272
f 4287/4287 4173/4173 4285/4285
f 4272/4272 4285/4285 4149/4149
f 4287/4287 4285/4285 4272/4272
f 4133/4133 4186/4186 4175/4175
f 4186/4186 4149/4149 4188/4188
f 4175/4175 4188/4188 4145/4145
f 4186/4186 4188/4188 4175/4175
f 4149/4149 4187/4187 4192/4192
f 4187/4187 4138/4138 4190/4190
f 4192/4192 4190/4190 4150/4150
f 4187/4187 4190/4190 4192/4192
f 4145/4145 4191/4191 4176/4176
f 4191/4191 4150/4150 4189/4189
f 4176/4176 4189/4189 4134/4134
f 4191/4191 4189/4189 4176/4176
f 4149/4149 4192/4192 4188/4188
f 4192/4192 4150/4150 4191/4191
f 4188/4188 4191/4191 4145/4145
f 4192/4192 4191/4191 4188/4188
f 4133/4133 4175/4175 4202/4202
f 4175/4175 4145/4145 4204/4204
f 4202/4202 4204/4204 4154/4154
f 4175/4175 4204/4204 4202/4202
f 4145/4145 4176/4176 4207/4207
f 4176/4176 4134/4134 4205/4205
f 4207/4207 4205/4205 4155/4155
f 4176/4176 4205/4205 4207/4207
f 4154/4154 4208/4208 4203/4203
f 4208/4208 4155/4155 4206/4206
f 4203/4203 4206/4206 4140/4140
f 4208/4208 4206/4206 4203/4203
f 4145/4145 4207/4207 4204/4204
f 4207/4207 4155/4155 4208/4208
f 4204/4204 4208/4208 4154/4154
f 4207/4207 4208/4208 4204/4204
f 4133/4133 4202/4202 4253/4253
f 4202/4202 4154/4154 4255/4255
f 4253/4253 4255/4255 4166/4166
f 4202/4202 4255/4255 4253/4253
f 4154/4154 4203/4203 4266/4266
f 4203/4203 4140/4140 4264/4264
f 4266/4266 4264/4264 4169/4169
f 4203/4203 4264/4264 4266/4266
f 4166/4166 4268/4268 4254/4254
f 4268/4268 4169/4169 4265/4265
f 4254/4254 4265/4265 4143/4143
f 4268/4268 4265/4265 4254/4254
f 4154/4154 4266/4266 4255/4255
f 4266/4266 4169/4169 4268/4268
f 4255/4255 4268/4268 4166/4166
f 4266/4266 4268/4268 4255/4255
f 4133/4133 4253/4253 4270/4270
f 4253/4253 4166/4166 4273/4273
f 4270/4270 4273/4273 4170/4170
f 4253/4253 4273/4273 4270/4270
f 4166/4166 4254/4254 4291/4291
f 4254/4254 4143/4143 4289/4289
f 4291/4291 4289/4289 4174/4174
f 4254/4254 4289/4289 4291/4291
f 4170/4170 4293/4293 4271/4271
f 4293/4293 4174/4174 4290/4290
f 4271/4271 4290/4290 4144/4144
f 4293/4293 4290/4290 4271/4271
f 4166/4166 4291/4291 4273/4273
f 4291/4291 4174/4174 4293/4293
f 4273/4273 4293/4293 4170/4170
f 4291/4291 4293/4293 4273/4273
f 4134/4134 4189/4189 4228/4228
f 4189/4189 4150/4150 4230/4230
f 4228/4228 4230/4230 4161/4161
f 4189/4189 4230/4230 4228/4228
f 4150/4150 4190/4190 4243/4243
f 4190/4190 4138/4138 4241/4241
f 4243/4243 4241/4241 4164/4164
f 4190/4190 4241/4241 4243/4243
f 4161/4161 4245/4245 4229/4229
f 4245/4245 4164/4164 4242/4242
f 4229/4229 4242/4242 4142/4142
f 4245/4245 4242/4242 4229/4229
f 4150/4150 4243/4243 4230/4230
f 4243/4243 4164/4164 4245/4245
f 4230/4230 4245/4245 4161/4161
f 4243/4243 4245/4245 4230/4230
f 4138/4138 4283/4283 4194/4194
f 4283/4283 4173/4173 4286/4286
f 4194/4194 4286/4286 4151/4151
f 4283/4283 4286/4286 4194/4194
f 4173/4173 4284/4284 4288/4288
f 4284/4284 4144/4144 4279/4279
f 4288/4288 4279/4279 4172/4172
f 4284/4284 4279/4279 4288/4288
f 4151/4151 4281/4281 4193/4193
f 4281/4281 4172/4172 4278/4278
f 4193/4193 4278/4278 4137/4137
f 4281/4281 4278/4278 4193/4193
f 4173/4173 4288/4288 4286/4286
f 4288/4288 4172/4172 4281/4281
f 4286/4286 4281/4281 4151/4151
f 4288/4288 4281/4281 4286/4286
f 4144/4144 4290/4290 4275/4275
f 4290/4290 4174/4174 4294/4294
f 4275/4275 4294/4294 4171/4171
f 4290/4290 4294/4294 4275/4275
f 4174/4174 4289/4289 4292/4292
f 4289/4289 4143/4143 4257/4257
f 4292/4292 4257/4257 4167/4167
f 4289/4289 4257/4257 4292/4292
f 4171/4171 4277/4277 4274/4274
f 4277/4277 4167/4167 4256/4256
f 4274/4274 4256/4256 4135/4135
f 4277/4277 4256/4256 4274/4274
f 4174/4174 4292/4292 4294/4294
f 4292/4292 4167/4167 4277/4277
f 4294/4294 4277/4277 4171/4171
f 4292/4292 4277/4277 4294/4294
f 4143/4143 4265/4265 4260/4260
f 4265/4265 4169/4169 4269/4269
f 4260/4260 4269/4269 4168/4168
f 4265/4265 4269/4269 4260/4260
f 4169/4169 4264/4264 4267/4267
f 4264/4264 4140/4140 4210/4210
f 4267/4267 4210/4210 4156/4156
f 4264/4264 4210/4210 4267/4267
f 4168/4168 4262/4262 4259/4259
f 4262/4262 4156/4156 4209/4209
f 4259/4259 4209/4209 4139/4139
f 4262/4262 4209/4209 4259/4259
f 4169/4169 4267/4267 4269/4269
f 4267/4267 4156/4156 4262/4262
f 4269/4269 4262/4262 4168/4168
f 4267/4267 4262/4262 4269/4269
f 4140/4140 4206/4206 4222/4222
f 4206/4206 4155/4155 4224/4224
f 4222/4222 4224/4224 4160/4160
f 4206/4206 4224/4224 4222/4222
f 4155/4155 4205/4205 4213/4213
f 4205/4205 4134/4134 4211/4211
f 4213/4213 4211/4211 4157/4157
f 4205/4205 4211/4211 4213/4213
f 4160/4160 4226/4226 4223/4223
f 4226/4226 4157/4157 4212/4212
f 4223/4223 4212/4212 4141/4141
f 4226/4226 4212/4212 4223/4223
f 4155/4155 4213/4213 4224/4224
f 4213/4213 4157/4157 4226/4226
f 4224/4224 4226/4226 4160/4160
f 4213/4213 4226/4226 4224/4224
f 4136/4136 4232/4232 4182/4182
f 4232/4232 4162/4162 4234/4234
f 4182/4182 4234/4234 4148/4148
f 4232/4232 4234/4234 4182/4182
f 4162/4162 4233/4233 4240/4240
f 4233/4233 4142/4142 4237/4237
f 4240/4240 4237/4237 4163/4163
f 4233/4233 4237/4237 4240/4240
f 4148/4148 4238/4238 4183/4183
f 4238/4238 4163/4163 4236/4236
f 4183/4183 4236/4236 4137/4137
f 4238/4238 4236/4236 4183/4183
f 4162/4162 4240/4240 4234/4234
f 4240/4240 4163/4163 4238/4238
f 4234/4234 4238/4238 4148/4148
f 4240/4240 4238/4238 4234/4234
f 4136/4136 4182/4182 4178/4178
f 4182/4182 4148/4148 4184/4184
f 4178/4178 4184/4184 4146/4146
f 4182/4182 4184/4184 4178/4178
f 4148/4148 4183/4183 4185/4185
f 4183/4183 4137/4137 4180/4180
f 4185/4185 4180/4180 4147/4147
f 4183/4183 4180/4180 4185/4185
f 4146/4146 4181/4181 4177/4177
f 4181/4181 4147/4147 4179/4179
f 4177/4177 4179/4179 4135/4135
f 4181/4181 4179/4179 4177/4177
f 4148/4148 4185/4185 4184/4184
f 4185/4185 4147/4147 4181/4181
f 4184/4184 4181/4181 4146/4146
f 4185/4185 4181/4181 4184/4184
f 4136/4136 4178/4178 4198/4198
f 4178/4178 4146/4146 4200/4200
f 4198/4198 4200/4200 4153/4153
f 4178/4178 4200/4200 4198/4198
f 4146/4146 4177/4177 4197/4197
f 4177/4177 4135/4135 4195/4195
f 4197/4197 4195/4195 4152/4152
f 4177/4177 4195/4195 4197/4197
f 4153/4153 4201/4201 4199/4199
f 4201/4201 4152/4152 4196/4196
f 4199/4199 4196/4196 4139/4139
f 4201/4201 4196/4196 4199/4199
f 4146/4146 4197/4197 4200/4200
f 4197/4197 4152/4152 4201/4201
f 4200/4200 4201/4201 4153/4153
f 4197/4197 4201/4201 4200/4200
f 4136/4136 4198/4198 4214/4214
f 4198/4198 4153/4153 4216/4216
f 4214/4214 4216/4216 4158/4158
f 4198/4198 4216/4216 4214/4214
f 4153/4153 4199/4199 4219/4219
f 4199/4199 4139/4139 4217/4217
f 4219/4219 4217/4217 4159/4159
f 4199/4199 4217/4217 4219/4219
f 4158/4158 4221/4221 4215/4215
f 4221/4221 4159/4159 4218/4218
f 4215/4215 4218/4218 4141/4141
f 4221/4221 4218/4218 4215/4215
f 4153/4153 4219/4219 4216/4216
f 4219/4219 4159/4159 4221/4221
f 4216/4216 4221/4221 4158/4158
f 4219/4219 4221/4221 4216/4216
f 4136/4136 4214/4214 4232/4232
f 4214/4214 4158/4158 4235/4235
f 4232/4232 4235/4235 4162/4162
f 4214/4214 4235/4235 4232/4232
f 4158/4158 4215/4215 4250/4250
f 4215/4215 4141/4141 4247/4247
f 4250/4250 4247/4247 4165/4165
f 4215/4215 4247/4247 4250/4250
f 4162/4162 4252/4252 4233/4233
f 4252/4252 4165/4165 4248/4248
f 4233/4233 4248/4248 4142/4142
f 4252/4252 4248/4248 4233/4233
f 4158/4158 4250/4250 4235/4235
f 4250/4250 4165/4165 4252/4252
f 4235/4235 4252/4252 4162/4162
f 4250/4250 4252/4252 4235/4235
f 4137/4137 4236/4236 4193/4193
f 4236/4236 4163/4163 4239/4239
f 4193/4193 4239/4239 4151/4151
f 4236/4236 4239/4239 4193/4193
f 4163/4163 4237/4237 4246/4246
f 4237/4237 4142/4142 4242/4242
f 4246/4246 4242/4242 4164/4164
f 4237/4237 4242/4242 4246/4246
f 4151/4151 4244/4244 4194/4194
f 4244/4244 4164/4164 4241/4241
f 4194/4194 4241/4241 4138/4138
f 4244/4244 4241/4241 4194/4194
f 4163/4163 4246/4246 4239/4239
f 4246/4246 4164/4164 4244/4244
f 4239/4239 4244/4244 4151/4151
f 4246/4246 4244/4244 4239/4239
f 4135/4135 4179/4179 4274/4274
f 4179/4179 4147/4147 4276/4276
f 4274/4274 4276/4276 4171/4171
f 4179/4179 4276/4276 4274/4274
f 4147/4147 4180/4180 4280/4280
f 4180/4180 4137/4137 4278/4278
f 4280/4280 4278/4278 4172/4172
f 4180/4180 4278/4278 4280/4280
f 4171/4171 4282/4282 4275/4275
f 4282/4282 4172/4172 4279/4279
f 4275/4275 4279/4279 4144/4144
f 4282/4282 4279/4279 4275/4275
f 4147/4147 4280/4280 4276/4276
f 4280/4280 4172/4172 4282/4282
f 4276/4276 4282/4282 4171/4171
f 4280/4280 4282/4282 4276/4276
f 4139/4139 4196/4196 4259/4259
f 4196/4196 4152/4152 4261/4261
f 4259/4259 4261/4261 4168/4168
f 4196/4196 4261/4261 4259/4259
f 4152/4152 4195/4195 4258/4258
f 4195/4195 4135/4135 4256/4256
f 4258/4258 4256/4256 4167/4167
f 4195/4195 4256/4256 4258/4258
f 4168/4168 4263/4263 4260/4260
f 4263/4263 4167/4167 4257/4257
f 4260/4260 4257/4257 4143/4143
f 4263/4263 4257/4257 4260/4260
f 4152/4152 4258/4258 4261/4261
f 4258/4258 4167/4167 4263/4263
f 4261/4261 4263/4263 4168/4168
f 4258/4258 4263/4263 4261/4261
f 4141/4141 4218/4218 4223/4223
f 4218/4218 4159/4159 4227/4227
f 4223/4223 4227/4227 4160/4160
f 4218/4218 4227/4227 4223/4223
f 4159/4159 4217/4217 4220/4220
f 4217/4217 4139/4139 4209/4209
f 4220/4220 4209/4209 4156/4156
f 4217/4217 4209/4209 4220/4220
f 4160/4160 4225/4225 4222/4222
f 4225/4225 4156/4156 4210/4210
f 4222/4222 4210/4210 4140/4140
f 4225/4225 4210/4210 4222/4222
f 4159/4159 4220/4220 4227/4227
f 4220/4220 4156/4156 4225/4225
f 4227/4227 4225/4225 4160/4160
f 4220/4220 4225/4225 4227/4227
f 4142/4142 4248/4248 4229/4229
f 4248/4248 4165/4165 4251/4251
f 4229/4229 4251/4251 4161/4161
f 4248/4248 4251/4251 4229/4229
f 4165/4165 4247/4247 4249/4249
f 4247/4247 4141/4141 4212/4212
f 4249/4249 4212/4212 4157/4157
f 4247/4247 4212/4212 4249/4249
f 4161/4161 4231/4231 4228/4228
f 4231/4231 4157/4157 4211/4211
f 4228/4228 4211/4211 4134/4134
f 4231/4231 4211/4211 4228/4228
f 4165/4165 4249/4249 4251/4251
f 4249/4249 4157/4157 4231/4231
f 4251/4251 4231/4231 4161/4161
f 4249/4249 4231/4231 4251/4251
f 4296/4296 4295/4295 4307/4307
f 4296/4296 4307/4307 4297/4297
f 4297/4297 4307/4307 4308/4308
f 4297/4297 4308/4308 4298/4298
f 4298/4298 4308/4308 4309/4309
f 4298/4298 4309/4309 4299/4299
f 4299/4299 4309/4309 4310/4310
f 4299/4299 4310/4310 4300/4300
f 4300/4300 4310/4310 4311/4311
f 4300/4300 4311/4311 4301/4301
f 4301/4301 4311/4311 4312/4312
f 4301/4301 4312/4312 4302/4302
f 4302/4302 4312/4312 4313/4313
f 4302/4302 4313/4313 4303/4303
f 4303/4303 4313/4313 4314/4314
f 4303/4303 4314/4314 4304/4304
f 4304/4304 4314/4314 4315/4315
f 4304/4304 4315/4315 4305/4305
f 4305/4305 4315/4315 4316/4316
f 4305/4305 4316/4316 4306/4306
f 4307/4307 4295/4295 4317/4317
f 4307/4307 4317/4317 4308/4308
f 4308/4308 4317/4317 4318/4318
f 4308/4308 4318/4318 4309/4309
f 4309/4309 4318/4318 4319/4319
f 4309/4309 4319/4319 4310/4310
f 4310/4310 4319/4319 4320/4320
f 4310/4310 4320/4320 4311/4311
f 4311/4311 4320/4320 4321/4321
f 4311/4311 4321/4321 4312/4312
f 4312/4312 4321/4321 4322/4322
f 4312/4312 4322/4322 4313/4313
f 4313/4313 4322/4322 4323/4323
f 4313/4313 4323/4323 4314/4314
f 4314/4314 4323/4323 4324/4324
f 4314/4314 4324/4324 4315/4315
f 4315/4315 4324/4324 4325/4325
f 4315/4315 4325/4325 4316/4316
f 4316/4316 4325/4325 4326/4326
f 4316/4316 4326/4326 4306/4306
f 4317/4317 4295/4295 4327/4327
f 4317/4317 4327/4327 4318/4318
f 4318/4318 4327/4327 4328/4328
f 4318/4318 4328/4328 4319/4319
f 4319/4319 4328/4328 4329/4329
f 4319/4319 4329/4329 4320/4320
f 4320/4320 4329/4329 4330/4330
f 4320/4320 4330/4330 4321/4321
f 4321/4321 4330/4330 4331/4331
f 4321/4321 4331/4331 4322/4322
f 4322/4322 4331/4331 4332/4332
f 4322/4322 4332/4332 4323/4323
f 4323/4323 4332/4332 4333/4333
f 4323/4323 4333/4333 4324/4324
f 4324/4324 4333/4333 4334/4334
f 4324/4324 4334/4334 4325/4325
f 4325/4325 4334/4334 4335/4335
f 4325/4325 4335/4335 4326/4326
f 4326/4326 4335/4335 4336/4336
f 4326/4326 4336/4336 4306/4306
f 4327/4327 4295/4295 4337/4337
f 4327/4327 4337/4337 4328/4328
f 4328/4328 4337/4337 4338/4338
f 4328/4328 4338/4338 4329/4329
f 4329/4329 4338/4338 4339/4339
f 4329/4329 4339/4339 4330/4330
f 4330/4330 4339/4339 4340/4340
f 4330/4330 4340/4340 4331/4331
f 4331/4331 4340/4340 4341/4341
f 4331/4331 4341/4341 4332/4332
f 4332/4332 4341/4341 4342/4342
f 4332/4332 4342/4342 4333/4333
f 4333/4333 4342/4342 4343/4343
f 4333/4333 4343/4343 4334/4334
f 4334/4334 4343/4343 4344/4344
f 4334/4334 4344/4344 4335/4335
f 4335/4335 4344/4344 4345/4345
f 4335/4335 4345/4345 4336/4336
f 4336/4336 4345/4345 4346/4346
f 4336/4336 4346/4346 4306/4306
f 4337/4337 4295/4295 4347/4347
f 4337/4337 4347/4347 4338/4338
f 4338/4338 4347/4347 4348/4348
f 4338/4338 4348/4348 4339/4339
f 4339/4339 4348/4348 4349/4349
f 4339/4339 4349/4349 4340/4340
f 4340/4340 4349/4349 4350/4350
f 4340/4340 4350/4350 4341/4341
f 4341/4341 4350/4350 4351/4351
f 4341/4341 4351/4351 4342/4342
f 4342/4342 4351/4351 4352/4352
f 4342/4342 4352/4352 4343/4343
f 4343/4343 4352/4352 4353/4353
f 4343/4343 4353/4353 4344/4344
f 4344/4344 4353/4353 4354/4354
f 4344/4344 4354/4354 4345/4345
f 4345/4345 4354/4354 4355/4355
f 4345/4345 4355/4355 4346/4346
f 4346/4346 4355/4355 4356/4356
f 4346/4346 4356/4356 4306/4306
f 4347/4347 4295/4295 4357/4357
f 4347/4347 4357/4357 4348/4348
f 4348/4348 4357/4357 4358/4358
f 4348/4348 4358/4358 4349/4349
f 4349/4349 4358/4358 4359/4359
f 4349/4349 4359/4359 4350/4350
f 4350/4350 4359/4359 4360/4360
f 4350/4350 4360/4360 4351/4351
f 4351/4351 4360/4360 4361/4361
f 4351/4351 4361/4361 4352/4352
f 4352/4352 4361/4361 4362/4362
f 4352/4352 4362/4362 4353/4353
f 4353/4353 4362/4362 4363/4363
f 4353/4353 4363/4363 4354/4354
f 4354/4354 4363/4363 4364/4364
f 4354/4354 4364/4364 4355/4355
f 4355/4355 4364/4364 4365/4365
f 4355/4355 4365/4365 4356/4356
f 4356/4356 4365/4365 4366/4366
f 4356/4356 4366/4366 4306/4306
f 4357/4357 4295/4295 4367/4367
f 4357/4357 4367/4367 4358/4358
f 4358/4358 4367/4367 4368/4368
f 4358/4358 4368/4368 4359/4359
f 4359/4359 4368/4368 4369/4369
f 4359/4359 4369/4369 4360/4360
f 4360/4360 4369/4369 4370/4370
f 4360/4360 4370/4370 4361/4361
f 4361/4361 4370/4370 4371/4371
f 4361/4361 4371/4371 4362/4362
f 4362/4362 4371/4371 4372/4372
f 4362/4362 4372/4372 4363/4363
f 4363/4363 4372/4372 4373/4373
f 4363/4363 4373/4373 4364/4364
f 4364/4364 4373/4373 4374/4374
f 4364/4364 4374/4374 4365/4365
f 4365/4365 4374/4374 4375/4375
f 4365/4365 4375/4375 4366/4366
f 4366/4366 4375/4375 4376/4376
f 4366/4366 4376/4376 4306/4306
f 4367/4367 4295/4295 4377/4377
f 4367/4367 4377/4377 4368/4368
f 4368/4368 4377/4377 4378/4378
f 4368/4368 4378/4378 4369/4369
f 4369/4369 4378/4378 4379/4379
f 4369/4369 4379/4379 4370/4370
f 4370/4370 4379/4379 4380/4380
f 4370/4370 4380/4380 4371/4371
f 4371/4371 4380/4380 4381/4381
f 4371/4371 4381/4381 4372/4372
f 4372/4372 4381/4381 4382/4382
f 4372/4372 4382/4382 4373/4373
f 4373/4373 4382/4382 4383/4383
f 4373/4373 4383/4383 4374/4374
f 4374/4374 4383/4383 4384/4384
f 4374/4374 4384/4384 4375/4375
f 4375/4375 4384/4384 4385/4385
f 4375/4375 4385/4385 4376/4376
f 4376/4376 4385/4385 4386/4386
f 4376/4376 4386/4386 4306/4306
f 4377/4377 4295/4295 4387/4387
f 4377/4377 4387/4387 4378/4378
f 4378/4378 4387/4387 4388/4388
f 4378/4378 4388/4388 4379/4379
f 4379/4379 4388/4388 4389/4389
f 4379/4379 4389/4389 4380/4380
f 4380/4380 4389/4389 4390/4390
f 4380/4380 4390/4390 4381/4381
f 4381/4381 4390/4390 4391/4391
f 4381/4381 4391/4391 4382/4382
f 4382/4382 4391/4391 4392/4392
f 4382/4382 4392/4392 4383/4383
f 4383/4383 4392/4392 4393/4393
f 4383/4383 4393/4393 4384/4384
f 4384/4384 4393/4393 4394/4394
f 4384/4384 4394/4394 4385/4385
f 4385/4385 4394/4394 4395/4395
f 4385/4385 4395/4395 4386/4386
f 4386/4386 4395/4395 4396/4396
f 4386/4386 4396/4396 4306/4306
f 4387/4387 4295/4295 4296/4296
f 4387/4387 4296/4296 4388/4388
f 4388/4388 4296/4296 4297/4297
f 4388/4388 4297/4297 4389/4389
f 4389/4389 4297/4297 4298/4298
f 4389/4389 4298/4298 4390/4390
f 4390/4390 4298/4298 4299/4299
f 4390/4390 4299/4299 4391/4391
f 4391/4391 4299/4299 4300/4300
f 4391/4391 4300/4300 4392/4392
f 4392/4392 4300/4300 4301/4301
f 4392/4392 4301/4301 4393/4393
f 4393/4393 4301/4301 4302/4302
f 4393/4393 4302/4302 4394/4394
f 4394/4394 4302/4302 4303/4303
f 4394/4394 4303/4303 4395/4395
f 4395/4395 4303/4303 4304/4304
f 4395/4395 4304/4304 4396/4396
f 4396/4396 4304/4304 4305/4305
f 4396/4396 4305/4305 4306/4306
f 4398/4398 4397/4397 4409/4409
f 4398/4398 4409/4409 4399/4399
f 4399/4399 4409/4409 4410/4410
f 4399/4399 4410/4410 4400/4400
f 4400/4400 4410/4410 4411/4411
f 4400/4400 4411/4411 4401/4401
f 4401/4401 4411/4411 4412/4412
f 4401/4401 4412/4412 4402/4402
f 4402/4402 4412/4412 4413/4413
f 4402/4402 4413/4413 4403/4403
f 4403/4403 4413/4413 4414/4414
f 4403/4403 4414/4414 4404/4404
f 4404/4404 4414/4414 4415/4415
f 4404/4404 4415/4415 4405/4405
f 4405/4405 4415/4415 4416/4416
f 4405/4405 4416/4416 4406/4406
f 4406/4406 4416/4416 4417/4417
f 4406/4406 4417/4417 4407/4407
f 4407/4407 4417/4417 4418/4418
f 4407/4407 4418/4418 4408/4408
f 4409/4409 4397/4397 4419/4419
f 4409/4409 4419/4419 4410/4410
f 4410/4410 4419/4419 4420/4420
f 4410/4410 4420/4420 4411/4411
f 4411/4411 4420/4420 4421/4421
f 4411/4411 4421/4421 4412/4412
f 4412/4412 4421/4421 4422/4422
f 4412/4412 4422/4422 4413/4413
f 4413/4413 4422/4422 4423/4423
f 4413/4413 4423/4423 4414/4414
f 4414/4414 4423/4423 4424/4424
f 4414/4414 4424/4424 4415/4415
f 4415/4415 4424/4424 4425/4425
f 4415/4415 4425/4425 4416/4416
f 4416/4416 4425/4425 4426/4426
f 4416/4416 4426/4426 4417/4417
f 4417/4417 4426/4426 4427/4427
f 4417/4417 4427/4427 4418/4418
f 4418/4418 4427/4427 4428/4428
f 4418/4418 4428/4428 4408/4408
f 4419/4419 4397/4397 4429/4429
f 4419/4419 4429/4429 4420/4420
f 4420/4420 4429/4429 4430/4430
f 4420/4420 4430/4430 4421/4421
f 4421/4421 4430/4430 4431/4431
f 4421/4421 4431/4431 4422/4422
f 4422/4422 4431/4431 4432/4432
f 4422/4422 4432/4432 4423/4423
f 4423/4423 4432/4432 4433/4433
f 4423/4423 4433/4433 4424/4424
f 4424/4424 4433/4433 4434/4434
f 4424/4424 4434/4434 4425/4425
f 4425/4425 4434/4434 4435/4435
f 4425/4425 4435/4435 4426/4426
f 4426/4426 4435/4435 4436/4436
f 4426/4426 4436/4436 4427/4427
f 4427/4427 4436/4436 4437/4437
f 4427/4427 4437/4437 4428/4428
f 4428/4428 4437/4437 4438/4438
f 4428/4428 4438/4438 4408/4408
f 4429/4429 4397/4397 4439/4439
f 4429/4429 4439/4439 4430/4430
f 4430/4430 4439/4439 4440/4440
f 4430/4430 4440/4440 4431/4431
f 4431/4431 4440/4440 4441/4441
f 4431/4431 4441/4441 4432/4432
f 4432/4432 4441/4441 4442/4442
f 4432/4432 4442/4442 4433/4433
f 4433/4433 4442/4442 4443/4443
f 4433/4433 4443/4443 4434/4434
f 4434/4434 4443/4443 4444/4444
f 4434/4434 4444/4444 4435/4435
f 4435/4435 4444/4444 4445/4445
f 4435/4435 4445/4445 4436/4436
f 4436/4436 4445/4445 4446/4446
f 4436/4436 4446/4446 4437/4437
f 4437/4437 4446/4446 4447/4447
f 4437/4437 4447/4447 4438/4438
f 4438/4438 4447/4447 4448/4448
f 4438/4438 4448/4448 4408/4408
f 4439/4439 4397/4397 4449/4449
f 4439/4439 4449/4449 4440/4440
f 4440/4440 4449/4449 4450/4450
f 4440/4440 4450/4450 4441/4441
f 4441/4441 4450/4450 4451/4451
f 4441/4441 4451/4451 4442/4442
f 4442/4442 4451/4451 4452/4452
f 4442/4442 4452/4452 4443/4443
f 4443/4443 4452/4452 4453/4453
f 4443/4443 4453/4453 4444/4444
f 4444/4444 4453/4453 4454/4454
f 4444/4444 4454/4454 4445/4445
f 4445/4445 4454/4454 4455/4455
f 4445/4445 4455/4455 4446/4446
f 4446/4446 4455/4455 4456/4456
f 4446/4446 4456/4456 4447/4447
f 4447/4447 4456/4456 4457/4457
f 4447/4447 4457/4457 4448/4448
f 4448/4448 4457/4457 4458/4458
f 4448/4448 4458/4458 4408/4408
f 4449/4449 4397/4397 4459/4459
f 4449/4449 4459/4459 4450/4450
f 4450/4450 4459/4459 4460/4460
f 4450/4450 4460/4460 4451/4451
f 4451/4451 4460/4460 4461/4461
f 4451/4451 4461/4461 4452/4452
f 4452/4452 4461/4461 4462/4462
f 4452/4452 4462/4462 4453/4453
f 4453/4453 4462/4462 4463/4463
f 4453/4453 4463/4463 4454/4454
f 4454/4454 4463/4463 4464/4464
f 4454/4454 4464/4464 4455/4455
f 4455/4455 4464/4464 4465/4465
f 4455/4455 4465/4465 4456/4456
f 4456/4456 4465/4465 4466/4466
f 4456/4456 4466/4466 4457/4457
f 4457/4457 4466/4466 4467/4467
f 4457/4457 4467/4467 4458/4458
f 4458/4458 4467/4467 4468/4468
f 4458/4458 4468/4468 4408/4408
f 4459/4459 4397/4397 4469/4469
f 4459/4459 4469/4469 4460/4460
f 4460/4460 4469/4469 4470/4470
f 4460/4460 4470/4470 4461/4461
f 4461/4461 4470/4470 4471/4471
f 4461/4461 4471/4471 4462/4462
f 4462/4462 4471/4471 4472/4472
f 4462/4462 4472/4472 4463/4463
f 4463/4463 4472/4472 4473/4473
f 4463/4463 4473/4473 4464/4464
f 4464/4464 4473/4473 4474/4474
f 4464/4464 4474/4474 4465/4465
f 4465/4465 4474/4474 4475/4475
f 4465/4465 4475/4475 4466/4466
f 4466/4466 4475/4475 4476/4476
f 4466/4466 4476/4476 4467/4467
f 4467/4467 4476/4476 4477/4477
f 4467/4467 4477/4477 4468/4468
f 4468/4468 4477/4477 4478/4478
f 4468/4468 4478/4478 4408/4408
f 4469/4469 4397/4397 4479/4479
f 4469/4469 4479/4479 4470/4470
f 4470/4470 4479/4479 4480/4480
f 4470/4470 4480/4480 4471/4471
f 4471/4471 4480/4480 4481/4481
f 4471/4471 4481/4481 4472/4472
f 4472/4472 4481/4481 4482/4482
f 4472/4472 4482/4482 4473/4473
f 4473/4473 4482/4482 4483/4483
f 4473/4473 4483/4483 4474/4474
f 4474/4474 4483/4483 4484/4484
f 4474/4474 4484/4484 4475/4475
f 4475/4475 4484/4484 4485/4485
f 4475/4475 4485/4485 4476/4476
f 4476/4476 4485/4485 4486/4486
f 4476/4476 4486/4486 4477/4477
f 4477/4477 4486/4486 4487/4487
f 4477/4477 4487/4487 4478/4478
f 4478/4478 4487/4487 4488/4488
f 4478/4478 4488/4488 4408/4408
f 4479/4479 4397/4397 4489/4489
f 4479/4479 4489/4489 4480/4480
f 4480/4480 4489/4489 4490/4490
f 4480/4480 4490/4490 4481/4481
f 4481/4481 4490/4490 4491/4491
f 4481/4481 4491/4491 4482/4482
f 4482/4482 4491/4491 4492/4492
f 4482/4482 4492/4492 4483/4483
f 4483/4483 4492/4492 4493/4493
f 4483/4483 4493/4493 4484/4484
f 4484/4484 4493/4493 4494/4494
f 4484/4484 4494/4494 4485/4485
f 4485/4485 4494/4494 4495/4495
f 4485/4485 4495/4495 4486/4486
f 4486/4486 4495/4495 4496/4496
f 4486/4486 4496/4496 4487/4487
f 4487/4487 4496/4496 4497/4497
f 4487/4487 4497/4497 4488/4488
f 4488/4488 4497/4497 4498/4498
f 4488/4488 4498/4498 4408/4408
f 4489/4489 4397/4397 4398/4398
f 4489/4489 4398/4398 4490/4490
f 4490/4490 4398/4398 4399/4399
f 4490/4490 4399/4399 4491/4491
f 4491/4491 4399/4399 4400/4400
f 4491/4491 4400/4400 4492/4492
f 4492/4492 4400/4400 4401/4401
f 4492/4492 4401/4401 4493/4493
f 4493/4493 4401/4401 4402/4402
f 4493/4493 4402/4402 4494/4494
f 4494/4494 4402/4402 4403/4403
f 4494/4494 4403/4403 4495/4495
f 4495/4495 4403/4403 4404/4404
f 4495/4495 4404/4404 4496/4496
f 4496/4496 4404/4404 4405/4405
f 4496/4496 4405/4405 4497/4497
f 4497/4497 4405/4405 4406/4406
f 4497/4497 4406/4406 4498/4498
f 4498/4498 4406/4406 4407/4407
f 4498/4498 4407/4407 4408/4408
f 4499/4499 4636/4636 4552/4552
f 4636/4636 4536/4536 4638/4638
f 4552/4552 4638/4638 4515/4515
f 4636/4636 4638/4638 4552/4552
f 4536/4536 4637/4637 4653/4653
f 4637/4637 4510/4510 4650/4650
f 4653/4653 4650/4650 4539/4539
f 4637/4637 4650/4650 4653/4653
f 4515/4515 4651/4651 4553/4553
f 4651/4651 4539/4539 4649/4649
f 4553/4553 4649/4649 4504/4504
f 4651/4651 4649/4649 4553/4553
f 4536/4536 4653/4653 4638/4638
f 4653/4653 4539/4539 4651/4651
f 4638/4638 4651/4651 4515/4515
f 4653/4653 4651/4651 4638/4638
f 4499/4499 4552/4552 4541/4541
f 4552/4552 4515/4515 4554/4554
f 4541/4541 4554/4554 4511/4511
f 4552/4552 4554/4554 4541/4541
f 4515/4515 4553/4553 4558/4558
f 4553/4553 4504/4504 4556/4556
f 4558/4558 4556/4556 4516/4516
f 4553/4553 4556/4556 4558/4558
f 4511/4511 4557/4557 4542/4542
f 4557/4557 4516/4516 4555/4555
f 4542/4542 4555/4555 4500/4500
f 4557/4557 4555/4555 4542/4542
f 4515/4515 4558/4558 4554/4554
f 4558/4558 4516/4516 4557/4557
f 4554/4554 4557/4557 4511/4511
f 4558/4558 4557/4557 4554/4554
f 4499/4499 4541/4541 4568/4568
f 4541/4541 4511/4511 4570/4570
f 4568/4568 4570/4570 4520/4520
f 4541/4541 4570/4570 4568/4568
f 4511/4511 4542/4542 4573/4573
f 4542/4542 4500/4500 4571/4571
f 4573/4573 4571/4571 4521/4521
f 4542/4542 4571/4571 4573/4573
f 4520/4520 4574/4574 4569/4569
f 4574/4574 4521/4521 4572/4572
f 4569/4569 4572/4572 4506/4506
f 4574/4574 4572/4572 4569/4569
f 4511/4511 4573/4573 4570/4570
f 4573/4573 4521/4521 4574/4574
f 4570/4570 4574/4574 4520/4520
f 4573/4573 4574/4574 4570/4570
f 4499/4499 4568/4568 4619/4619
f 4568/4568 4520/4520 4621/4621
f 4619/4619 4621/4621 4532/4532
f 4568/4568 4621/4621 4619/4619
f 4520/4520 4569/4569 4632/4632
f 4569/4569 4506/4506 4630/4630
f 4632/4632 4630/4630 4535/4535
f 4569/4569 4630/4630 4632/4632
f 4532/4532 4634/4634 4620/4620
f 4634/4634 4535/4535 4631/4631
f 4620/4620 4631/4631 4509/4509
f 4634/4634 4631/4631 4620/4620
f 4520/4520 4632/4632 4621/4621
f 4632/4632 4535/4535 4634/4634
f 4621/4621 4634/4634 4532/4532
f 4632/4632 4634/4634 4621/4621
f 4499/4499 4619/4619 4636/4636
f 4619/4619 4532/4532 4639/4639
f 4636/4636 4639/4639 4536/4536
f 4619/4619 4639/4639 4636/4636
f 4532/4532 4620/4620 4657/4657
f 4620/4620 4509/4509 4655/4655
f 4657/4657 4655/4655 4540/4540
f 4620/4620 4655/4655 4657/4657
f 4536/4536 4659/4659 4637/4637
f 4659/4659 4540/4540 4656/4656
f 4637/4637 4656/4656 4510/4510
f 4659/4659 4656/4656 4637/4637
f 4532/4532 4657/4657 4639/4639
f 4657/4657 4540/4540 4659/4659
f 4639/4639 4659/4659 4536/4536
f 4657/4657 4659/4659 4639/4639
f 4500/4500 4555/4555 4594/4594
f 4555/4555 4516/4516 4596/4596
f 4594/4594 4596/4596 4527/4527
f 4555/4555 4596/4596 4594/4594
f 4516/4516 4556/4556 4609/4609
f 4556/4556 4504/4504 4607/4607
f 4609/4609 4607/4607 4530/4530
f 4556/4556 4607/4607 4609/4609
f 4527/4527 4611/4611 4595/4595
f 4611/4611 4530/4530 4608/4608
f 4595/4595 4608/4608 4508/4508
f 4611/4611 4608/4608 4595/4595
f 4516/4516 4609/4609 4596/4596
f 4609/4609 4530/4530 4611/4611
f 4596/4596 4611/4611 4527/4527
f 4609/4609 4611/4611 4596/4596
f 4504/4504 4649/4649 4560/4560
f 4649/4649 4539/4539 4652/4652
f 4560/4560 4652/4652 4517/4517
f 4649/4649 4652/4652 4560/4560
f 4539/4539 4650/4650 4654/4654
f 4650/4650 4510/4510 4645/4645
f 4654/4654 4645/4645 4538/4538
f 4650/4650 4645/4645 4654/4654
f 4517/4517 4647/4647 4559/4559
f 4647/4647 4538/4538 4644/4644
f 4559/4559 4644/4644 4503/4503
f 4647/4647 4644/4644 4559/4559
f 4539/4539 4654/4654 4652/4652
f 4654/4654 4538/4538 4647/4647
f 4652/4652 4647/4647 4517/4517
f 4654/4654 4647/4647 4652/4652
f 4510/4510 4656/4656 4641/4641
f 4656/4656 4540/4540 4660/4660
f 4641/4641 4660/4660 4537/4537
f 4656/4656 4660/4660 4641/4641
f 4540/4540 4655/4655 4658/4658
f 4655/4655 4509/4509 4623/4623
f 4658/4658 4623/4623 4533/4533
f 4655/4655 4623/4623 4658/4658
f 4537/4537 4643/4643 4640/4640
f 4643/4643 4533/4533 4622/4622
f 4640/4640 4622/4622 4501/4501
f 4643/4643 4622/4622 4640/4640
f 4540/4540 4658/4658 4660/4660
f 4658/4658 4533/4533 4643/4643
f 4660/4660 4643/4643 4537/4537
f 4658/4658 4643/4643 4660/4660
f 4509/4509 4631/4631 4626/4626
f 4631/4631 4535/4535 4635/4635
f 4626/4626 4635/4635 4534/4534
f 4631/4631 4635/4635 4626/4626
f 4535/4535 4630/4630 4633/4633
f 4630/4630 4506/4506 4576/4576
f 4633/4633 4576/4576 4522/4522
f 4630/4630 4576/4576 4633/4633
f 4534/4534 4628/4628 4625/4625
f 4628/4628 4522/4522 4575/4575
f 4625/4625 4575/4575 4505/4505
f 4628/4628 4575/4575 4625/4625
f 4535/4535 4633/4633 4635/4635
f 4633/4633 4522/4522 4628/4628
f 4635/4635 4628/4628 4534/4534
f 4633/4633 4628/4628 4635/4635
f 4506/4506 4572/4572 4588/4588
f 4572/4572 4521/4521 4590/4590
f 4588/4588 4590/4590 4526/4526
f 4572/4572 4590/4590 4588/4588
f 4521/4521 4571/4571 4579/4579
f 4571/4571 4500/4500 4577/4577
f 4579/4579 4577/4577 4523/4523
f 4571/4571 4577/4577 4579/4579
f 4526/4526 4592/4592 4589/4589
f 4592/4592 4523/4523 4578/4578
f 4589/4589 4578/4578 4507/4507
f 4592/4592 4578/4578 4589/4589
f 4521/4521 4579/4579 4590/4590
f 4579/4579 4523/4523 4592/4592
f 4590/4590 4592/4592 4526/4526
f 4579/4579 4592/4592 4590/4590
f 4502/4502 4598/4598 4548/4548
f 4598/4598 4528/4528 4600/4600
f 4548/4548 4600/4600 4514/4514
f 4598/4598 4600/4600 4548/4548
f 4528/4528 4599/4599 4606/4606
f 4599/4599 4508/4508 4603/4603
f 4606/4606 4603/4603 4529/4529
f 4599/4599 4603/4603 4606/4606
f 4514/4514 4604/4604 4549/4549
f 4604/4604 4529/4529 4602/4602
f 4549/4549 4602/4602 4503/4503
f 4604/4604 4602/4602 4549/4549
f 4528/4528 4606/4606 4600/4600
f 4606/4606 4529/4529 4604/4604
f 4600/4600 4604/4604 4514/4514
f 4606/4606 4604/4604 4600/4600
f 4502/4502 4548/4548 4544/4544
f 4548/4548 4514/4514 4550/4550
f 4544/4544 4550/4550 4512/4512
f 4548/4548 4550/4550 4544/4544
f 4514/4514 4549/4549 4551/4551
f 4549/4549 4503/4503 4546/4546
f 4551/4551 4546/4546 4513/4513
f 4549/4549 4546/4546 4551/4551
f 4512/4512 4547/4547 4543/4543
f 4547/4547 4513/4513 4545/4545
f 4543/4543 4545/4545 4501/4501
f 4547/4547 4545/4545 4543/4543
f 4514/4514 4551/4551 4550/4550
f 4551/4551 4513/4513 4547/4547
f 4550/4550 4547/4547 4512/4512
f 4551/4551 4547/4547 4550/4550
f 4502/4502 4544/4544 4564/4564
f 4544/4544 4512/4512 4566/4566
f 4564/4564 4566/4566 4519/4519
f 4544/4544 4566/4566 4564/4564
f 4512/4512 4543/4543 4563/4563
f 4543/4543 4501/4501 4561/4561
f 4563/4563 4561/4561 4518/4518
f 4543/4543 4561/4561 4563/4563
f 4519/4519 4567/4567 4565/4565
f 4567/4567 4518/4518 4562/4562
f 4565/4565 4562/4562 4505/4505
f 4567/4567 4562/4562 4565/4565
f 4512/4512 4563/4563 4566/4566
f 4563/4563 4518/4518 4567/4567
f 4566/4566 4567/4567 4519/4519
f 4563/4563 4567/4567 4566/4566
f 4502/4502 4564/4564 4580/4580
f 4564/4564 4519/4519 4582/4582
f 4580/4580 4582/4582 4524/4524
f 4564/4564 4582/4582 4580/4580
f 4519/4519 4565/4565 4585/4585
f 4565/4565 4505/4505 4583/4583
f 4585/4585 4583/4583 4525/4525
f 4565/4565 4583/4583 4585/4585
f 4524/4524 4587/4587 4581/4581
f 4587/4587 4525/4525 4584/4584
f 4581/4581 4584/4584 4507/4507
f 4587/4587 4584/4584 4581/4581
f 4519/4519 4585/4585 4582/4582
f 4585/4585 4525/4525 4587/4587
f 4582/4582 4587/4587 4524/4524
f 4585/4585 4587/4587 4582/4582
f 4502/4502 4580/4580 4598/4598
f 4580/4580 4524/4524 4601/4601
f 4598/4598 4601/4601 4528/4528
f 4580/4580 4601/4601 4598/4598
f 4524/4524 4581/4581 4616/4616
f 4581/4581 4507/4507 4613/4613
f 4616/4616 4613/4613 4531/4531
f 4581/4581 4613/4613 4616/4616
f 4528/4528 4618/4618 4599/4599
f 4618/4618 4531/4531 4614/4614
f 4599/4599 4614/4614 4508/4508
f 4618/4618 4614/4614 4599/4599
f 4524/4524 4616/4616 4601/4601
f 4616/4616 4531/4531 4618/4618
f 4601/4601 4618/4618 4528/4528
f 4616/4616 4618/4618 4601/4601
f 4503/4503 4602/4602 4559/4559
f 4602/4602 4529/4529 4605/4605
f 4559/4559 4605/4605 4517/4517
f 4602/4602 4605/4605 4559/4559
f 4529/4529 4603/4603 4612/4612
f 4603/4603 4508/4508 4608/4608
f 4612/4612 4608/4608 4530/4530
f 4603/4603 4608/4608 4612/4612
f 4517/4517 4610/4610 4560/4560
f 4610/4610 4530/4530 4607/4607
f 4560/4560 4607/4607 4504/4504
f 4610/4610 4607/4607 4560/4560
f 4529/4529 4612/4612 4605/4605
f 4612/4612 4530/4530 4610/4610
f 4605/4605 4610/4610 4517/4517
f 4612/4612 4610/4610 4605/4605
f 4501/4501 4545/4545 4640/4640
f 4545/4545 4513/4513 4642/4642
f 4640/4640 4642/4642 4537/4537
f 4545/4545 4642/4642 4640/4640
f 4513/4513 4546/4546 4646/4646
f 4546/4546 4503/4503 4644/4644
f 4646/4646 4644/4644 4538/4538
f 4546/4546 4644/4644 4646/4646
f 4537/4537 4648/4648 4641/4641
f 4648/4648 4538/4538 4645/4645
f 4641/4641 4645/4645 4510/4510
f 4648/4648 4645/4645 4641/4641
f 4513/4513 4646/4646 4642/4642
f 4646/4646 4538/4538 4648/4648
f 4642/4642 4648/4648 4537/4537
f 4646/4646 4648/4648 4642/4642
f 4505/4505 4562/4562 4625/4625
f 4562/4562 4518/4518 4627/4627
f 4625/4625 4627/4627 4534/4534
f 4562/4562 4627/4627 4625/4625
f 4518/4518 4561/4561 4624/4624
f 4561/4561 4501/4501 4622/4622
f 4624/4624 4622/4622 4533/4533
f 4561/4561 4622/4622 4624/4624
f 4534/4534 4629/4629 4626/4626
f 4629/4629 4533/4533 4623/4623
f 4626/4626 4623/4623 4509/4509
f 4629/4629 4623/4623 4626/4626
f 4518/4518 4624/4624 4627/4627
f 4624/4624 4533/4533 4629/4629
f 4627/4627 4629/4629 4534/4534
f 4624/4624 4629/4629 4627/4627
f 4507/4507 4584/4584 4589/4589
f 4584/4584 4525/4525 4593/4593
f 4589/4589 4593/4593 4526/4526
f 4584/4584 4593/4593 4589/4589
f 4525/4525 4583/4583 4586/4586
f 4583/4583 4505/4505 4575/4575
f 4586/4586 4575/4575 4522/4522
f 4583/4583 4575/4575 4586/4586
f 4526/4526 4591/4591 4588/4588
f 4591/4591 4522/4522 4576/4576
f 4588/4588 4576/4576 4506/4506
f 4591/4591 4576/4576 4588/4588
f 4525/4525 4586/4586 4593/4593
f 4586/4586 4522/4522 4591/4591
f 4593/4593 4591/4591 4526/4526
f 4586/4586 4591/4591 4593/4593
f 4508/4508 4614/4614 4595/4595
f 4614/4614 4531/4531 4617/4617
f 4595/4595 4617/4617 4527/4527
f 4614/4614 4617/4617 4595/4595
f 4531/4531 4613/4613 4615/4615
f 4613/4613 4507/4507 4578/4578
f 4615/4615 4578/4578 4523/4523
f 4613/4613 4578/4578 4615/4615
f 4527/4527 4597/4597 4594/4594
f 4597/4597 4523/4523 4577/4577
f 4594/4594 4577/4577 4500/4500
f 4597/4597 4577/4577 4594/4594
f 4531/4531 4615/4615 4617/4617
f 4615/4615 4523/4523 4597/4597
f 4617/4617 4597/4597 4527/4527
f 4615/4615 4597/4597 4617/4617

